atom_count_C,atom_count_N,atom_count_O,atom_count_S,atom_count_P,atom_count_F,atom_count_Cl,atom_count_Br,atom_count_I,atom_count_B,motif_count_amide,motif_count_amine,motif_count_hydroxyl,motif_count_carboxyl,motif_count_aromatic_ring,motif_count_halogen,motif_count_sulfonamide,motif_count_hetero5_ring,motif_count_hetero6_ring,num_atoms,num_bonds,tpsa,logp,hbd,hba,rot_bonds,ring_count
0.0023239178559899833,-0.008973696130601647,-0.02698327634690684,0.0061037578338302605,-0.0002958163185314953,-0.007903448492844866,0.0015402228037494077,0.00010613915609174608,7.064614809228503e-05,0.0,-0.000860267807629874,-0.008308195553819928,-0.00666873263844811,0.0039252448585167556,0.009876109246794423,0.0001858702713187473,0.0003528882736263717,0.005033349383107729,0.015656222622391604,0.000630412108754388,-0.0009937317353454782,-0.18646399437329447,-0.0050668785276022955,-0.00861602251011125,0.0066116298069628845,0.01617057502389557,-0.005696230741505004
0.014873581068023075,0.019745983974608073,0.0033735799294324835,-0.004731492415736904,4.372438683010133e-05,-0.0026767220818875006,0.0009893258914749272,0.00015808093964502778,0.0002422233975026738,0.0,0.0051615128676110985,0.02059625768144346,0.007086649737077427,0.04952868908245639,0.0050075150528346695,0.00027705436257802256,0.002878454101593047,0.006974282108200525,0.006726009226512822,0.0076181034481472235,0.014114645207793266,-0.03794293818782058,0.0076225472010473,0.018236170917122676,0.017619160202813375,0.05934828393773004,-0.0026420653173120285
0.005223793398392568,0.013574139744941885,0.008733031320768707,0.0049987075200568646,0.0004962117563077942,-0.001836693092525134,0.0037024828660479165,0.0004419151730009273,-0.006946564190977973,0.0,0.004217121610357605,-0.0026223685665571136,0.008302071327774349,0.014519738618543363,0.024171439805989077,0.006551218615017433,2.0627983319851167e-05,0.004603372891846838,0.0074434988826724054,0.0020263008912814254,0.006629085283785153,0.25787759446039,0.0030858175975276353,0.009320093479050365,0.014100228713889652,-0.018902020857188073,0.0024971412059092
0.01846705174179419,0.009582130216098762,0.02657710248729322,0.009875291531497,7.310594255314435e-05,-0.0008761066008478042,0.0006773261586780645,0.00018365380321875514,0.00019812963418648386,0.0,0.0056976141983326066,0.017107679793496006,0.007543321781484811,0.07238723278454262,0.033321083363292106,-0.0020406570426879204,0.002260449774312082,0.01776129769317717,0.006878386368376172,0.008923317021940064,0.006745974795071235,-0.06855264613801242,0.023856902586913045,0.00010095482861642662,0.011425852050097505,0.06079939978432327,0.018901972223326163
0.007562561713786325,0.012630884698395722,-0.015105369278289506,0.015726723637428615,0.00010930867836963361,0.0001589355572862347,0.004602676680842156,0.00018271024169210236,6.497884806889889e-05,0.0,-0.0031124603689367558,-0.001227682591950756,0.007712832754733935,0.022050394233466136,0.015452086135776755,0.001878361960243491,-0.0002703839057920923,0.012447076639289909,0.022170967663631243,0.010161520485379171,0.013183139931970282,0.18140371704723415,0.012054304835444807,0.01522931766276193,0.011882091507799777,0.01340803565160776,0.010653166809207325
0.009183522438029052,0.02340158021893266,0.014084095563269882,0.003285271725165319,0.0003672524712596061,-0.001312109987251414,0.007731795948420307,0.00021560338877623118,8.941873267669475e-05,0.0,0.002169147405892977,0.0016477567918190272,0.011913884139875536,0.007894472899542844,0.011979844998533053,0.01627477418920962,0.0001467345912459374,0.0018622647258234094,0.005969415457932631,0.0048887042157278425,0.0042073348147057404,0.25568555370926593,0.022501721259978326,0.009263827130281609,0.0051299345027964,-0.0014183098537554827,0.003861636422121143
-0.0032655909378891215,-0.0019086749215336907,-0.028880986950430648,-0.01594632950575949,7.565492453134427e-05,-0.0023686276849406098,0.00076089474306695,9.241637127594188e-05,4.378738094275806e-05,0.0,-0.01626954063617265,-0.004034185798065212,0.0020573619389584355,-0.04886330558733109,-0.008156751777207785,-0.0010309757353521127,-0.0007030311707633671,-0.005558455963868282,-0.003415667564009992,-0.00494702388430866,-0.00987537372254704,-0.3239423791037834,-0.006764786185974521,-0.006132695523730397,-0.01411199869140333,-0.013126321153029525,-0.0004241553475331929
-0.010122109788947299,0.010071105660757605,0.0071426335152700565,0.006071685723531035,4.374213959148709e-05,-0.0055216360802936865,0.0019364670943582652,8.023790728557009e-05,8.96006386053844e-05,0.0,0.0006858621775838926,-0.002937287676336076,0.0057556931029885405,0.010788834902762594,-0.00038521695147561555,0.0005355038492182579,0.00046047490752387706,0.0007590366532891772,0.003274065843339335,0.006501515917165804,0.0067600897856598535,-0.1354441818491207,-0.004967346388176001,-0.008087643569660664,0.0067075826439803666,-0.04169272469792809,-0.005609992730418037
-0.03045891559320696,-0.017430547525439807,-0.038516621758963226,0.001974248411460555,7.171378217143096e-05,-0.005792635785896197,0.000982602153110934,9.683713707621287e-05,7.98365693085925e-05,0.0,-0.0015306299592157686,-0.0036174389419589242,0.0009549358971411401,-0.021660135333934013,-9.1049125027367e-05,-0.0028200088036573695,-0.0002062852575989468,-0.03964049129327258,-0.005051968817291665,-0.002688463473410017,-0.0053547134736889,-0.16935264083119597,-0.02226196346784467,-0.010632791397091758,-0.0027057122267979098,-0.030981951590055852,-0.021705784295728104
0.005336888234061668,0.014738658754060345,-0.023075612811537194,-0.03404442764299131,0.00013689613692857775,-0.0015667788036297827,0.001293527556738671,7.498334853520041e-05,4.8780504887742024e-05,0.0,-0.009974367717949052,-0.004823629995786632,0.007866111789595854,0.008855724433941342,-0.05284370292365518,-0.0018533376391763568,-0.001988328188148046,-0.022011227442545873,-0.006379490881178754,-0.0015855912817118911,-0.004393320653711785,0.08946170287979918,0.01077915718071162,0.00923671592890945,-0.0010817912671444454,-0.015441689067066826,-0.0007707319066250268
-0.008820503579502476,-0.0004573228991323506,-0.01051146156938116,0.004082525741283951,4.555282286072913e-05,-0.00259429302013213,-0.00018012321140566424,5.586534835084071e-05,-0.0013684580606064555,0.0,-0.029910312133104248,-0.007691095952856786,-0.007552668091755776,-0.2419578345906032,-0.05032941280715083,-0.0009346486380023589,-0.00015763482707228352,0.0026526517272816175,-0.007188034275812367,0.0028175632895940505,0.004380714405821662,-0.16361005244471255,-0.004498744083905817,-0.006924951991441353,0.007020721867045457,-0.028718311130545324,-0.0032616179717358963
-0.00941046094112983,-0.018297283721352586,-0.026491316986997686,0.0028773030981199023,8.792803831102479e-05,-0.0010583519497297715,0.0001915805042785482,4.5870549884310543e-05,2.787496963078517e-05,0.0,0.0034462913599359337,0.00018481077567343828,-0.007385410957462873,-0.00830012223872514,-0.03355509738086583,-0.0009560137568709858,-0.00018590203212009532,-0.0007221613701652054,-0.0031499760704826033,-0.0060473414942614516,-0.005616920725574179,-0.1256768461546492,-0.017157445664773438,-0.002843506633412406,-0.004260041460076783,0.011717705845341283,-0.004936525558173082
0.0001206708263187208,0.018081114565646997,-0.02909641287457979,-0.05770888847772948,7.695144008101868e-05,-0.0014128871703673117,0.0011949915153553732,0.00010973415915054604,5.945846473913462e-05,0.0,-0.018119256063630913,-0.0018370559696419496,0.013935544372753503,0.01638509073408225,-0.0019683692340885595,-0.0032195656103300055,-0.0019384947312770422,-0.002400138836776213,-0.031469736748815334,0.004380985633192494,0.00048029121545892375,0.11747504676297355,-0.01187560791435873,0.00805507613497726,3.0808922307331894e-05,0.005791427282575977,0.005583712187439357
-0.0031773655235309483,0.015592989457352817,0.020653023901780834,-0.0031468657443133874,7.979891689230297e-05,-0.0008328907258414955,0.0001686335253187512,4.7848566171910224e-05,2.9351843344125017e-05,0.0,0.013422454385605713,0.012644849917421106,0.007401248072939174,0.11654426615122848,-0.004674557424919126,-0.0009207794853352875,-0.00019232910579132818,0.00954196904836494,-0.002551755071155554,-0.0018879178294751353,-0.0012023142525419952,-0.049437634673052656,0.027928675614161243,0.019675294205547637,0.006919493588404253,0.0388880024043708,0.011118132236221613
-0.021562010218392505,0.004064053633229851,0.005872712049320541,0.007596997229228713,0.00022394395111412463,-0.0014789365137814732,0.0029167479971018194,0.00011937119117596924,5.079689198806289e-05,0.0,0.0026566892805794657,-0.0006748976577136052,-0.0048834620071065175,0.006865249615604726,0.0024669341818955035,0.0007692914360227658,-3.440767004291937e-06,0.00011662960941482288,0.013605176296303796,-0.014947822267317955,-0.011644604058851775,0.126999916551663,0.01889238003837935,-0.0038619616864857906,9.781435418930581e-05,-0.02136606775697477,-0.008154235518524218
0.003566962641864073,-0.12612666908675566,-0.017632057971749063,0.004487783024100709,6.932085996890526e-05,-0.0017148526490422251,0.003097263283486153,5.319666650774871e-05,5.882481539951883e-05,0.0,0.0008591167813117734,-0.0030692082897706735,-0.012119642575151976,0.00863500858261562,0.006004100753953163,-0.0018760033677539172,-3.888672636850477e-05,0.0009657271405419764,0.013541063883297927,-0.0006639300078794108,0.0011676638825301308,0.11442643655720965,-0.014204211174798394,0.0022668295397742498,-0.0005220763842388652,-0.0015751561668772003,-0.004060189177322416
0.00401511275240031,0.022282871604949028,0.004216168419583302,0.007458022589439754,0.00012966268019709578,-0.000920135323129932,0.005020063426613696,0.00014150318334638375,6.622429489459721e-05,0.0,0.0010569798684446758,-0.0022481003443564525,0.013911531949796909,0.01406144811846213,0.011012226907634922,0.01151836531203425,-1.882926228541491e-05,-0.028417631355493442,-0.009294587700873817,-0.0008138733955717071,0.004035032138964308,0.1415768038396662,0.005776615559830743,0.014771110707232096,0.00986482455007113,-0.0033375942678915698,0.011214696797226803
-0.000643333789358273,0.005267930442647485,-0.008556255173111498,-0.01955422278348619,0.00011838253336611862,-0.002112846218874839,0.0001507737613166881,5.134980052578713e-05,3.7027895869735136e-05,0.0,-0.01974657721444158,-0.00811256380019423,-0.004591625409837971,-0.23788964442494107,-0.031125234341586525,-0.0007584580548921617,-0.0005088051575234473,-0.001868899860674926,-0.003589354414623025,-0.0008817010762836932,-0.0008225461000140949,-0.18005511805457308,0.006082099739357998,-0.006209581505301494,0.0010129772523181817,-0.018731624163033048,-0.0017599577007758067
-0.040994472426163914,-0.07748459776635197,-0.08500482069121061,0.0015176710821509724,0.00011803390051501839,-0.0019627952113209636,-0.0008698138138508879,4.530147365872345e-05,6.18904523906373e-05,0.0,-0.004185851565455671,-0.0035461985246343264,-0.08106279705143042,0.0023817048487039688,0.0073005973837835724,-0.010279308429189652,-0.0001020896031518528,-0.0050960317139853994,-0.05295569739848711,-0.016471709319702273,-0.015413027240553514,0.005172285224380586,-0.02692843985105405,-0.0020537382209178945,-0.029492399608468882,-0.01097858678800884,-0.015592261904330962
0.004844678955201067,0.01809090478821312,0.03788162626969697,-0.010629026859007261,0.0004375761949553018,-0.0017247725156858571,0.004370961522868375,0.00017887914780571353,0.00011988098673423765,0.0,0.005402371737454834,0.001072288269820278,0.0051719123450834955,0.014727093668250243,0.01746668773175144,-0.0026009154526896844,-0.00010795618062134841,7.909046132360306e-05,0.01907829804691648,0.00934113588865341,0.00693493095913218,0.24371449586958246,-0.01118549617660541,0.004291229478704378,0.009709636377720432,0.003285744638506135,0.016132100832671605
0.026924871376095706,-0.028355398669063663,-0.01841151763669549,0.00489168948019184,0.00010331322135444196,-0.0018779881811805215,0.001906835202908774,0.00028544392936806306,6.11943170501589e-05,0.0,0.0009206719482373562,0.005668224254132227,-0.036547156783706215,0.016674229574905157,0.011919079010364361,-0.002380097809876379,-0.00014576564574458604,0.010042020831468572,-0.03861143412175076,0.005313025146538096,0.0027033769109185905,0.10426883814083827,0.008998892549305007,0.0007270423640734221,0.0007252336315325572,0.00881332498425224,-0.0010114161722305543
0.0060312235551011496,0.02702068229300761,0.01539016464640813,0.006173139840969404,0.00034147908143282956,-0.0008199105675375579,0.0034679238665313566,0.00015686208408140757,6.802964042676671e-05,0.0,0.0017112615902097176,-0.0025574951853879362,0.008673891771143685,0.016740766585689643,0.016396750741839102,-0.0010591925901922861,2.8812068845503708e-05,0.0010953227376276791,0.022190414462034503,0.0023074146562023006,0.0015803214791046444,0.23007942043916685,0.026974563127044063,0.013916677738740507,0.006649616379679913,-0.0023947426956283956,0.013983890767257421
0.005078001088051594,0.01820247909781682,0.01948744714428308,0.01188339075346394,6.775646134672579e-05,-0.00045562313757226857,-0.0011221642502522795,0.00021504538947506963,8.310420460624745e-05,0.0,-0.0003481563043732498,0.0020320060074785116,0.010614674746988042,0.024342441761412315,0.015621569725455513,0.007318616611409482,-0.0001197565229019081,0.008153958535781299,0.008709159634786683,0.00415168543789388,0.002269184196114635,0.1069065676030939,0.010631962580918194,-0.0011590705856016868,0.011148636857730996,0.034898118512466304,0.002109463733112628
-0.007345914197321946,0.05401134402255117,-0.0066717035472891005,0.0047188553991450045,6.532206110988519e-05,-0.0009288479564955323,0.0002224630152923615,4.6349332443558365e-05,2.9189113739486123e-05,0.0,0.011940682135628353,0.013162662766128154,-0.0006771861573823486,0.05300622405692411,0.015622428154229876,-0.000886571041916236,-0.0001256893627205281,0.002465940364666134,-0.002465573580794094,-0.0028938182560308166,-0.0014886967396211385,-0.06545692648185261,-0.012722842774445034,0.003916949581599789,0.004941108877926231,0.02043192324469513,0.013410709610127622
-0.008362285394274548,0.007447636182928748,0.00032412072112275635,-0.021644171410007476,5.574808755263816e-05,0.008604418763714431,0.0003218608155916457,0.00010729893679758313,0.00013126825367247477,0.0,-0.00014221949433526523,-0.0007082002820693258,0.005418291104723722,0.010673459817992309,0.004939918921980513,-0.004341646086812259,0.002522706691180691,-0.0056514339181221234,-0.01345275660003086,-0.002549046096585619,-0.00475546527595318,-0.031470512040099735,-0.011326975238624264,0.004097639612416378,0.003291852974449255,-0.021571922473626288,-0.006290417567213027
-0.005558825831129962,0.017965877972187794,0.010801796253681191,0.004916424874006192,0.0003709697862944627,-0.0014824473330153991,0.00324316513878254,0.00013515207951920154,6.182691961931527e-05,0.0,-0.001257374565341681,0.0024020879738675103,0.008309279411106298,0.007778953662508118,0.00106547795159345,-0.002141990060790754,0.0001494088959013349,0.013943045734021485,0.016013087829569318,0.0001450485598364866,-0.0012328867055184552,0.2279048611488779,0.026324962272174873,0.007121363841550736,0.005759889590957244,-0.006275249010606004,-0.0132243543163531
-0.007832148675654904,0.013825374820952141,-0.041472968439665886,-0.004177142144766092,7.289947303081143e-05,-0.0008999203064224794,0.00016527171369627906,4.4562261094820295e-05,2.8643958944948113e-05,0.0,-0.001383451186123605,0.008835534078073217,-0.01106787655761399,0.010266570368684561,0.020409648802025497,-0.0008664945747489651,-0.00025034577382886884,0.0019341624293831743,-0.002834899238981972,-0.0031877419264889997,-0.0029766865441381535,-0.0935510972278058,-0.015200191962564912,0.0010605470195730476,0.0026280560457670244,0.01468754739788515,0.02847432211866713
-0.02632256680036864,-0.00017372112794690361,0.011282794686224661,0.0017397044097951018,0.000219799296816581,-0.0024701358127224684,-0.0010047147927794567,3.302510352534126e-06,6.495908192172148e-05,0.0,-0.0019396287784047186,-0.003603580315182169,-0.04002043761287305,0.0037276042021735863,-0.1256065651831622,-0.010620161200767309,-2.002067306587558e-05,-0.004273204339598529,-0.030428429745482037,-0.018170176725146068,-0.00856639089914236,0.05888418659696796,-0.04016899486008755,-0.004164706260046497,-0.011840760777312305,-0.03964560651671984,-0.006990876283284936
0.006790428701060888,0.010350422149915696,0.02198606114427846,0.007377782654488326,0.00067925277641485,-0.0012089039430322414,0.0026678863657197387,0.00011890907549741249,5.232924807657198e-05,0.0,0.016533482521874362,-0.0005536590519805403,0.009723285578722098,0.011412029221865932,-0.02020754573464386,-0.0013588559622022655,0.000126210811807755,0.003406844918225107,0.005658664490397553,0.010379487082317321,0.006329416162960943,0.23973420521317645,0.045350980641421776,0.010708101257373924,0.016482822929191388,-0.006303178796597963,0.0045553432431934245
-0.006077803301481279,-0.012991127296684949,0.0018694139904947863,-0.0007833651526104503,6.723184224071332e-05,-0.0009593542609695872,5.9613757654717583e-05,5.436860710802798e-05,3.0477419981330806e-05,0.0,0.010899257531037375,0.00771646804142135,-0.0021813801408005983,0.07699426500269811,-0.013503461299091633,-0.0010683453683196361,-0.0002601093504835529,0.0012699725957160456,-0.0029743403295824163,-0.004189723606717026,-0.0017032191126348814,-0.09293655853515198,0.006236352413125388,-0.00579619125862624,0.002346136696035647,0.02080139371509514,-0.006382211017893433
0.00024063613523883927,-0.03427884375694602,-0.03899708443515363,0.0031689292638722925,-0.00020829062174652978,-0.007997769156830726,0.0003692341796702485,0.00011233078564419882,0.00023773240794843607,0.0,0.0033105014590492964,-0.009120615912257674,0.002417868859078555,0.0077964444221407005,0.002720596888508573,-0.006305159526136003,0.00046044168344242805,0.0009059331110888216,0.0015135800172340458,-0.0022227097003660948,-0.003774951535477911,-0.08561930456170185,-0.028436905303555176,0.019707714821668967,0.0008931279241561149,0.007657333507188359,0.0005344917670046257
0.014399205974498416,0.006521237314717243,-0.0012627809008922003,0.00552833778441726,3.419533027712282e-05,-0.0032380555922494336,0.004737842049832208,0.0001787695422320545,0.00021182336650074786,0.0,-0.007806401333038335,-0.004082107896283909,0.003883971044362446,0.04803484788044139,-0.0013240271935314619,0.02234873919742385,0.00012529449378932402,-0.028230409094794236,0.00774296532898183,0.007921048223225879,0.010632834436889038,-0.006801392412725287,-0.00022339533820547617,0.04870129417054576,0.0065742249611414165,0.003697282475313787,0.02209913084986995
-0.027120143771985166,-0.0008215119464895701,0.0030067343783153865,0.002436243417919515,1.1496894937390738e-05,-0.002715687224583269,0.001425771318661219,0.00010870027521866417,7.453278292829431e-05,0.0,-0.001729877671575766,-0.005442088027865428,0.001025973218915613,-0.0008456366429433071,-0.000607529334713924,-0.0021287476828926294,-0.0003451501737125682,-0.014638550644376897,-0.008663229970532213,-0.012964996874479287,-0.01212032257530142,-0.04568559796918865,-0.009879328676399249,-0.01278832491700924,0.0004629212595225944,-0.02278318020968933,-0.020959960793535026
0.011118064746050012,0.008654820910689842,0.020850788523393938,0.006177657660238024,0.0007877427998381207,-0.0015650763093473543,0.004347037725164664,0.0005345091171919895,0.00019103217626901902,0.0,0.0013164270458677428,0.0012656597949008794,0.015494501024278105,0.0081483351883867,0.009373470325301494,-0.0004723780773623311,0.00010759058887374162,0.011357439812657251,-0.007883415334733853,0.002890475277144859,-0.015930018625088194,0.30357590094204095,0.01853431552636579,0.005161446120683151,0.0020502451707795416,-0.011269996801483037,-0.007968614012905367
0.02527541760834577,0.009662775786503534,0.007265068487165461,0.005981503239245108,2.3351990230965565e-05,0.0006616102535955596,0.007780441611310483,0.00019654245458801845,0.000265497195732916,0.0,-0.009029198667387824,-0.0004769238965403234,0.004301707843842645,0.08114813237490623,0.00945875388758824,0.030591512441346697,0.00040350115012944236,0.009652471845365992,0.0033724888302989735,0.010545027141229549,0.012047792476411951,0.00353810855525527,0.020423455612110054,0.07313145225589612,0.007522796849826795,0.011940381861140362,0.02971629811858516
0.0005641726106272004,0.006264816795368094,-0.004257294114890952,0.021725307484041775,0.00011991805833090292,-0.0013444386640074383,0.0002629879346385801,5.484287427333178e-05,3.646535735415284e-05,0.0,0.0074487778250445355,-0.007795859906944508,-0.0022958338603191793,-0.05923286379608589,0.03203000812360386,-0.0010141851972106457,-7.99994977754356e-05,-0.0007175790009482296,0.030614604565139408,0.0001292716219565868,0.001746361071998963,-0.14187044909016153,0.003773487422507311,-0.005606468469969221,0.013880244128484402,0.0006680441128214883,0.008658311091773748
0.009685059535402583,0.007679584186612988,0.003979177072215577,0.012422853683463669,4.271703285824576e-05,-0.0010630059963934624,0.003680117265213365,0.00017227072396872227,6.274558172062636e-05,0.0,0.007026410618906831,-0.00017284824757694063,0.013660853818020138,0.0177667607474327,0.011260338191802891,-0.00011593883991318387,-0.00011756054433466638,-0.006736541756357439,0.022744178111108727,0.01875429414443164,0.03129792292229965,0.16110348586564519,0.014657053754753666,0.01859220191453039,0.019850971624906056,0.013779144080760612,0.01131576599962281
-0.006110373042219107,0.009210662679418755,0.0028060593116574933,0.0019209485156464136,7.409258286350871e-05,-0.000922888239670131,0.00012624800188648603,5.5958337222222804e-05,3.114580021137433e-05,0.0,0.009281384305120183,0.008162432746894861,-0.004628589633932131,0.0862709223736683,-0.013124715816537649,-0.0010570650057262728,-0.00015982690537222317,0.0050067592923608165,-0.003261329077646035,0.0007768562357208384,-0.002290262114933703,-0.08234829545520798,-0.00011689884162018582,-0.007952466660677896,0.005397485277774441,0.03762356522809321,-0.00518151719027254
0.023700026086985574,0.021536700731820926,0.026459248628258547,0.010226393814995793,6.0658324178396225e-05,-0.0008979564565009136,0.001808303646819098,0.00022539580594697166,0.00014433153798864984,0.0,0.003606268588454526,0.03733706350922549,0.008016430811522571,0.07068859538241232,0.008987851958931911,0.0009641524769014568,0.0014789457125138762,0.022988874125126662,0.026619264080947145,0.013021024645446418,0.017620095272452303,-0.032579455708922005,0.02934620543430175,-0.004531211471088799,0.009730007830044777,0.02302960260364404,0.0026282635653513903
-0.010120034033891175,0.007231815965858155,-0.052635226747187416,0.005571701842220773,6.745423495688038e-05,-0.0008153011410973585,0.0002110146854720803,4.4818858804064223e-05,2.801206719533967e-05,0.0,-0.02093401392396886,0.007224886562673053,-0.012552342597474064,-0.011850042196697785,0.008378803199299194,-0.0007053854751573524,-0.00012203086892018317,-0.0007240914691532032,-0.0026899860049782367,-0.004322760221456928,-0.004064431414665381,-0.11285769520317163,-0.01440609329477549,-0.0005614124093634654,-0.0067225310400400974,0.009904086107857086,0.018850999561108955
-0.006927160816418671,0.0057027582698876205,0.005882169836746521,-0.004909459397005425,7.267801049273962e-05,-0.0008702969992201273,0.00018807665012684864,4.8140292515438104e-05,2.9517488315604788e-05,0.0,0.010043746002393246,0.008256450547694829,-0.0027426998853101923,0.0824835710217279,-0.006726926155443821,-0.0009415304374967351,-0.00025566122971756324,0.005868362864493004,-0.002961904201553645,-0.004309481558271587,-0.0037245165074743193,-0.07637032892201921,0.0023143680595465025,0.009659379323060898,0.0015136576919160126,0.022360425204105513,0.007402281865272164
-0.005137462050090187,0.0025707240878536414,-0.009055543197712304,0.008654251830162522,5.669344060506833e-05,0.01724128955126961,0.0008613490673137433,7.344771038807995e-05,0.00011020455527860478,0.0,0.005409412455143055,-0.005759204096102469,-0.009594446073288933,-0.23944795283271253,0.011418774961218604,0.00891495275201373,-7.684256967286722e-05,-0.0007380742393484443,0.0016077197138424338,-0.005505097081061308,-0.004636632445714014,-0.06486653163996925,0.0027152423863182522,-0.010878812445455549,0.0025924072558491727,-0.014655335040911745,0.0037642650234451717
-0.0059803889090716145,0.007949481681924645,0.013496231509642374,0.008940065540287267,0.000296943302715668,-0.001118269213904271,0.0020689945128370643,7.557515526281856e-05,9.203135245154428e-05,0.0,0.0027125711459350514,0.001742202824777328,0.004910271092254405,0.018932321298306996,0.0041861330591576535,7.541697411673549e-05,-9.229755932920876e-05,-0.01599334064892877,0.004702346367584152,0.0038646373397898314,-0.00022188002204613554,0.06847865273333772,0.04863184102385535,0.017388501943901256,0.006528564864757392,0.005570874439481261,-0.001017504616358195
-0.008724552343074444,0.0007365105090839158,-0.010830191430264178,0.005074749950111595,2.8594808906480445e-05,-0.0026589934185856506,-0.00033715715075469604,5.771372472224706e-05,-0.0019709326832130247,0.0,-0.026672767601803638,-0.0073525695148971846,-0.008002324753264518,-0.23570173356798096,-0.030771328576519152,-0.0008349215469469413,-7.387302000995442e-05,0.00309719564684623,-0.007548053171477117,0.006184553453826476,0.006911261635675383,-0.14564433768594776,0.004193146835879144,-0.00753702607108777,0.006907883303560644,-0.0291141932861115,-0.004113539815612814
0.002122354577333429,0.014074055821834843,0.018978335122916322,0.003443189106843787,0.0006871971432008797,0.008486421110180636,0.004025725749754434,0.0005364650851419428,0.0001960081751654702,0.0,0.001799011379768974,0.0004475274219742737,0.008483267611863216,0.007820679666946408,0.011804901417154368,-0.004216038371211516,7.744593142147566e-05,0.006598650779798606,0.002912965950612412,0.008952795181851358,0.0019601188665613017,0.31462610639142474,0.012138528085130355,0.003590988545682631,0.006085227817082933,-0.010574618443755868,-0.005797723897119522
0.02980404987777787,-0.006537140719534164,-0.010057237207985247,0.005643683182354544,-0.00011768901299424184,-0.005917802062750525,0.00043536131236313443,9.99098232670561e-05,9.75507874776486e-05,0.0,0.011843133389831085,-0.0006381070705497175,0.00951263239668504,0.06385481292889246,0.0262728904541712,-0.0038155158658271537,0.001634322943649486,0.01676274713692102,0.007561899542158829,0.006890594481462924,-0.002462972025137791,0.025194165172090874,0.0237972743092392,-0.0007752459661906128,0.012109351131451401,0.02028221614088619,0.029511005290466262
-0.00363866198111645,-0.20237456657684266,-0.03651802273994226,0.0036473046175286403,3.2315452832524575e-05,0.019607354927263478,-0.004545782974573356,-2.086836729785654e-05,9.138523935904342e-05,0.0,0.0014797673339690134,-0.002605676098251084,-0.017309097131397402,0.010479713294722491,-0.0064540568317014236,-0.00876748684580758,-0.000190902983173361,0.000263163554957036,0.006856623314482439,-0.011925241744151962,-0.012010251859964698,-0.00288208742520796,-0.028672508962510987,0.0009086067752506552,-0.006468302660792146,-0.03646411369724024,-0.005143647093402689
0.0017881261623315364,0.018370592998153714,0.015091387886196624,0.004781416802385034,0.00038735404733369503,-0.0010432434223345034,0.0036214134484464405,0.00016992368354523337,8.499401425866506e-05,0.0,0.004214111493269727,-0.002337379887810071,0.009974354860381307,0.01691311739954856,0.019946743108740585,-0.003056061025633918,4.075619103799462e-06,0.0022731522683600743,0.01183944893571225,0.0032094195486310675,0.005100534613230183,0.21505900648583948,0.00532536198425367,0.011881113482971674,0.011196616533443395,0.01289342607726361,0.017604845387126165
-0.007295072168901502,-0.019610123212416064,-0.01235028811721409,0.004333722266186854,6.275160824115729e-05,-0.0008807288862231035,8.545946263538163e-05,5.094493273094397e-05,3.14629215871921e-05,0.0,-0.0029291398360768313,0.002673678304463448,-0.005457827212476613,0.021730599452728608,0.006093461568152939,-0.0008935926558952593,-0.00011207703458150065,-0.00334448536648859,-0.0034213145367084663,-0.007537812484997,-0.004342378594391783,-0.11649786722696932,-0.021584689381093727,-0.014649167765824237,-3.7617797788078955e-05,0.008986942487068106,-0.015540299224328386
-0.01442560683439908,0.01886449396848394,-0.017858578811283856,0.010827134545462731,0.00011537342298972549,0.012779346122552783,0.004090751864144089,0.00017885723277172752,8.88561873534563e-05,0.0,5.6187744283696384e-05,-0.0023316551524138487,0.0077551742144379735,0.01477785794763935,0.0028318901098924832,0.003253289168854829,-3.971716574866189e-05,-0.010666270088385213,0.003362318021416053,-0.006240711168896442,-0.0033006435818599008,0.1259815737967897,0.016018582147141185,-0.00317383881620548,0.004767577441614727,-0.026814031591983332,-0.0026671257469500454
0.004203902269655362,0.01423471798936729,0.0035227808492373346,0.003406430432795575,4.5146856429957386e-05,-0.0016907785230482507,-0.00039398312324851533,0.00014289204182255222,6.336907319048131e-05,0.0,-0.0015162127761797486,-0.004716673817858571,-0.035835759677562945,0.008930605625020996,0.007995181293290514,0.003818943174176618,-0.00017498805290221944,0.004303496700374406,-0.037001534400803206,-0.0017859390119868267,-0.000717717570437336,0.07722520505933064,0.004534114663202956,-0.03951889938067664,-0.0037516375350391674,-0.020829129463144264,-0.0035585890064754955
-0.007967038782193918,-0.018699062207512503,-0.024422199413024873,0.002341354388156804,5.51244960100497e-05,-0.0030871379192818197,0.0007053258284656668,5.826240336147942e-05,3.895952991040825e-05,0.0,0.0018269870187684052,-0.00842321667279271,-0.0072773396503430805,-0.05071877198427858,-0.04463658346475661,-0.0012313195755977824,-0.00016094273418756485,-0.0018169641937709037,-0.0019661317160727825,-0.0059881324429331105,-0.009479561145702002,-0.30224905156017834,0.0026903429423159107,-0.004052293705819277,-0.013350609725230934,-0.01005405945108234,0.0017379493670684814
-0.0059803889090716145,0.007949481681924645,0.013496231509642374,0.008940065540287267,0.000296943302715668,-0.001118269213904271,0.0020689945128370643,7.557515526281856e-05,9.203135245154428e-05,0.0,0.0027125711459350514,0.001742202824777328,0.004910271092254405,0.018932321298306996,0.0041861330591576535,7.541697411673549e-05,-9.229755932920876e-05,-0.01599334064892877,0.004702346367584152,0.0038646373397898314,-0.00022188002204613554,0.06847865273333772,0.04863184102385535,0.017388501943901256,0.006528564864757392,0.005570874439481261,-0.001017504616358195
0.010874459473016419,0.006881828511026045,0.02436283642726236,-0.0011865760759397017,8.354936096014145e-05,0.020777901619867423,0.002199433872004495,0.00022048068876033588,0.00015987033799226783,0.0,0.005926233168371926,0.0026559676502600615,0.0096475101962804,0.026045738777691393,0.009359756953367144,0.007641511884282657,-0.00021286767485308928,0.01783175483259963,0.027088426109502788,0.02001006694462556,0.013338272754477534,0.07732895029405029,0.015107351461133848,-0.0025059006452579917,0.005056680071318122,0.036620293359502405,-0.0003330351280981456
-0.020664000391795553,-0.015266011822984626,-0.05714518786143575,0.0010868602274321992,-0.00014073602098635307,-0.009436267250545981,0.0002657896361481718,0.00011588268771291209,0.00010570315815470982,0.0,-0.00040112025925372025,-0.01224882223031088,0.0014142377476711494,-0.007741063702781244,-0.039137223604421977,-0.006138622319804607,0.00015494888587303283,-0.008337384029904917,-0.002425635001217716,-0.016060601606638768,-0.016524469687625224,-0.10777271404731821,-0.04740054690223194,0.008531340233210302,-0.008005278278784162,-0.01887752588686639,-0.0068518190709397925
0.001948463483125744,0.004952474112525598,0.012039424135522855,0.00452302703425032,-8.32390184822805e-06,-0.003508655394716126,0.0010271958925186506,9.348701826705786e-05,0.00012095645167980539,0.0,-0.0024461724967498205,0.0023322922073278395,0.0020996394769707723,0.01541784462778395,-0.0023554860320090898,-0.001847936568308512,-7.932270907473905e-05,0.004990767127000925,0.004006288301891267,-0.0031378137984250155,-0.002797203038220978,-0.16343353455027776,-0.0244913506565736,-0.005610730157034312,0.0029408154798129,-0.04248656433645655,-0.005196786667514669
0.012313744535615697,0.010987111062566519,0.024032925019967868,0.0035181626737699517,0.0006496113014246343,-0.0013038425309880384,0.004128091115948191,0.0004453790362520478,0.00048535852796857963,0.0,0.00152943324944673,-0.001047178901444751,0.007617272292245972,0.011395300015834112,0.008053752005130444,-0.0011274972880383786,2.697089476580122e-05,0.011043881880799994,0.0021700223071666478,0.009593777635950327,0.004247798479048626,0.2870846282343393,0.008716498253380495,0.011086501352237795,0.0026098041173100803,0.0007862618874899446,-0.011778084418550197
-0.023136495584249468,-0.030466087091551245,-0.00607216622489197,-0.03075776583598913,0.0002056846363954729,-0.0021053370312258475,0.0003562420356628258,0.00016381504238872105,8.461339558263983e-05,0.0,-0.0031169821246435224,-0.0040269777942274106,0.0030737286823002883,0.009687313937326922,0.008480181305853441,0.0029025167058953534,-0.0001400835681036836,0.0011413711225683563,-0.03472892868863955,-0.008862492318077932,-0.007459243008568951,0.0773652181271089,-0.041599128321401,0.0032510402130480824,0.0029602319032171857,-0.06518291545912089,-0.03712385908047267
0.00268991242084767,0.006250534362855256,-0.002037177777091649,0.009329049665333546,-7.846257035243092e-05,-0.00564601630011684,0.0011338125503544388,8.534145607905782e-05,0.00010216403312565823,0.0,-0.002630396658470528,-0.020789986160578294,0.004556424611740308,0.02803234563345817,0.005312744140588779,-0.003606785508987289,0.00011531544799650808,-0.001487652264277345,0.006717626817683634,-0.00025294913930351125,0.0015899718371514846,-0.10512841176577187,-0.013584978765452982,-0.0015073057716213497,-0.0004234927365916412,0.0038451022053095046,-0.012823608355531186
-0.000959018925400547,-0.0028189839724285233,-0.016164003177778077,0.0037075924048977464,0.00011425157145778807,-0.0022502535726910177,0.0008529068836704678,4.997239579398771e-05,4.107957365269264e-05,0.0,-0.003569124304392659,0.00012410492646343618,-0.0048583071750200515,-0.05071270077162186,-0.03794918323028097,-0.0004738661008740737,-5.126350982330141e-05,-0.00415427460264437,-0.006011591934694261,-0.0010855365447174127,-0.003348862312424035,-0.3245277085771931,-0.0002559870106923937,-0.0070298359398400685,0.0015005477881263759,-0.027046492275097145,-0.007505812966826341
-0.0019987601876679468,0.0032382865059181593,-0.010039794922394613,-0.01862507360233308,5.986541872310634e-05,-0.0016455741923949675,0.0001785074286761037,4.603122680544917e-05,2.987916342287976e-05,0.0,-0.018519117769378014,-0.0059813501765520645,-0.0029399005260600233,-0.14575001015573652,-0.030589838102968555,-0.0008188553894175438,-0.00042481375417501336,-0.0011172828863812375,-0.0024969779287777978,-0.0012324430835714635,0.00020074298280050164,-0.23785576844118217,0.0006454105661856195,-0.00549361417004782,-0.00639295194136912,-0.02163055869042005,-0.000837114722636185
-0.005944219095185675,-0.005326208126805613,-0.03024676729060122,0.0026787252436247765,6.053232302902243e-05,-0.003171240707442342,0.0008266365887629184,8.48878736638916e-05,5.506541862747561e-05,0.0,0.0030660671579277026,-0.004863282727938443,-0.013404349684994236,-0.05580787304662186,0.005652001560483095,-0.001448859781065146,-0.00010114337971756611,7.352355106031205e-05,0.0005759032809463111,-0.006297937624085258,-0.011530402079236753,-0.33528991690414,-0.005658881193474683,-0.008235367821039936,-0.003148756700335296,-0.025019433137804904,0.0011321510602984575
-0.00956191016691939,0.012665315245951764,-0.06700337554110856,-0.0072624824284490555,7.118325321494895e-05,-0.0009123151735657856,0.00016590043201627458,4.5159700940352885e-05,2.7689088553180497e-05,0.0,-0.007096210523320997,0.008176078475939827,-0.013347386024129786,-0.00551480208985217,0.001281334355344679,-0.0009405437405348314,-0.00026738718448505723,-0.0026290335736700336,-0.0030921673205033164,-0.0036980850055988615,-0.0036126783942967483,-0.0995425339560423,0.012042283915952209,0.0009694577104380087,-0.007383010282662396,0.015371961752671498,0.007822876347663746
-0.006416646638763308,-0.02597016787051657,-0.03416616292225768,0.0023022009128910153,-0.00021817829346115674,-0.009529618629797341,0.000565170429174845,7.891133957628834e-05,5.194902231476589e-05,0.0,-6.897700794706369e-06,-0.008238099224809099,-0.017900891551448125,-0.03741317059610974,0.0017102824899302108,-0.0022829395503049512,-0.000245411385732236,-0.008374504874063108,-0.011984238286214952,-0.00592423947474013,-0.0070755446516380036,-0.2506476599964967,-0.02337051362673215,-0.009742611753939057,0.0014310189999958507,-0.09013113622736237,-0.006237259933128326
0.011982511183744516,0.010992653722198804,0.0026016709250601734,-0.006947761290788544,3.064935278624653e-05,-0.0022913133710535747,0.000971847392360323,0.00015594136309447228,0.0001544219214750908,0.0,0.010544047789803295,-0.001651573965229102,0.0073729612393411284,0.04954464049073786,0.00981460527324726,-0.0011030760717005515,0.0038555533571658306,0.011660341816482773,0.027415696749001794,0.010477767852178738,0.012604086374214563,-0.08284420413684013,0.02461720987788713,0.011635300754190196,0.016776105978275276,0.05465795082739688,0.014761898765834088
-0.0018819866261832355,0.010680372179023075,-0.02290251322779047,-0.010371597811467192,6.512729466019417e-05,-0.0008480998123265211,0.0001755480914977453,4.423107254146898e-05,2.8165225786414564e-05,0.0,-0.006493139119653117,0.01298554337050934,-0.002453352551902779,0.046997970850658675,0.013067397362344723,-0.0007749734043397752,-0.00018904481848316837,-0.0018392393707805687,-0.0022591399026001256,-0.001943884141783291,-0.00158759446447149,-0.06735111014469732,0.08332062691818236,-5.8788603735787506e-05,3.1328086420367196e-05,0.030350870244592317,0.009414613275210424
-0.004750155332239914,-0.010029477949434078,-0.02177814687962048,0.005553068126103917,6.397464803259451e-05,-0.0010061912679485095,0.00018994413786344738,5.531182464917768e-05,3.083421744084708e-05,0.0,0.004341304208953221,0.006074034592782587,-0.002473887800915134,-0.0019413697951451926,0.005648335974721901,-0.001021093441907593,-0.00018762403266881308,-0.006526320502743428,-0.003170090182728859,-0.0017159939168487016,-0.0015702318509997688,-0.10636788689524264,-0.017711048471218495,0.002376001209364666,0.0031568027253398028,0.01915831813435325,0.0027649385186722043
-0.0071800970784983405,-0.00656622868086654,0.018768917571308105,-0.010723140271380667,-5.229474618052019e-05,-0.0036112458403001033,0.00010924312467264958,0.00012206576082573857,0.00013692234017153915,0.0,-0.002122135363531257,-0.001580786591641925,0.0011771550360908734,0.01726830803043181,0.00042734447343559386,-0.004324358742108677,1.9378005631229833e-05,-0.0010083460611485324,0.00404404766082898,-0.0029131683530635947,-0.0014437558025088822,-0.16395914138644146,-0.0074705468807519495,-0.010214140613779793,0.005898570570157711,-0.03513646941002151,0.007218292861768186
0.013804442404063894,-0.11130894756107618,-0.01752883386450257,0.004077227996924591,-1.8491100619572e-05,-0.0022333132915148997,0.003238769835040451,0.00010353154178848374,4.859693976195916e-05,0.0,0.0005611463299676215,-0.0016280455439373872,-0.012178284646519587,0.006003978046598567,0.003037746553788173,-0.0011440969079768474,4.775778550510659e-06,0.002942827436757335,-0.015774511183981328,0.008424617956767412,0.011540706863787954,0.09496782757878824,0.03234352743508383,0.0016129861309481983,-0.0009925486226383157,-0.024376225951714472,-0.0033402086905608246
0.018709556968605,0.010111388636076708,0.005616620886785115,-0.012680701373966981,8.163037795818457e-05,-0.0035417363877627735,0.0020987110588958718,0.00013700081381516881,0.00010253794223877333,0.0,0.006180032735851779,0.01615832766271903,0.008412124810111839,0.0659880696530037,0.012475957595686791,0.00019380334856094136,0.003542968417894665,0.008422551628110788,-0.0038053252206753947,0.011808191309810104,0.014218910338821882,-0.035095323602617204,0.02432281924495753,-0.002102735589932566,0.012907123693645295,0.052969971773671194,-0.001662467653162299
0.007279054784992884,0.007045396687356156,0.009505385768427568,0.005791020545474838,0.00024317909197300226,-0.0015329678563011965,0.0014541617966575431,0.00010673888246654888,0.00010860292407176393,0.0,-0.00012537636664228501,-2.9306107171647215e-05,0.009340162124158198,0.010920336077803022,0.009408006815940463,-0.006428845560814201,7.609949504761852e-05,-0.0030927867066759007,-0.02874744453871698,-0.004773558797742749,-0.0035796564475630796,0.14995682286697481,-0.02930895148641719,0.008710219502488245,0.0073150556269895185,-0.007761367051654168,0.0010641913817488705
-0.011414687600599585,-0.001641274934589472,-0.028966686114787733,0.003713651216562793,3.063036196510056e-05,-0.002775196180862095,0.0006102212794322112,7.012251474905609e-05,4.349657302373946e-05,0.0,-0.001481516385866013,-0.008787867319549053,0.002726581946066055,-0.05448302841719055,-0.03125225000077212,-0.0009695588659434868,0.0001593552385188969,0.002002672347803417,-0.0030997046504668674,-0.009367584909127771,-0.011927889473303295,-0.3234009002357368,-0.002590539085767303,-0.008218426293781953,-0.015247731508080667,-0.026423963364352075,-0.003245039420709207
-0.006535376489295533,-0.0024055323888421054,-0.041523553276406576,-0.014064892144514616,7.03405059868357e-05,-0.0009435747272155185,0.000142118982166877,4.430036579997158e-05,2.8267103918063867e-05,0.0,-0.0037797448247315563,0.00652435172599683,-0.00885737393255026,-0.006192902388417809,0.0005620799932726262,-0.001032602785973252,-0.00026992499164797944,-0.004689527634833774,-0.00271586949109666,-0.0033866108472043106,-0.0029729874732096605,-0.1064456389301909,0.003792023190301033,0.0014466041895100925,-0.0032008581382619995,0.014561771065688671,0.009789794968928131
0.00917098597076806,0.010303502667274025,0.013699621260034314,0.005076131163241777,0.00015353727748892537,-0.0008255866742831021,0.0007867313469461507,0.00020211091832977613,0.00012292897052178518,0.0,0.004637060956808401,-0.0007126131474099094,-0.0010012159940043926,0.05225716684222772,0.016929182820493615,0.00031488015836384333,0.0013562787188909882,0.00686756704694714,0.00882245484107093,0.001228708141490255,-0.0006406422898560443,-0.015294949909395533,0.03215448359083624,0.008220609456474706,0.023798239501638892,0.06738468811641259,0.013560166346816267
-0.026233237441393754,0.002169620049197954,0.008188732485559161,-0.01971162916241204,4.531955411919107e-06,-0.006311566265569895,0.0011313256115289673,0.00010032845643744812,8.458675330700844e-05,0.0,-0.0012127077571317773,0.005430469335290468,0.003862748312047855,0.001007638333861193,0.0025525086028203993,-0.0022883731937971673,0.0005204770843786708,0.00038372703289622935,-0.012045092439183171,-0.0031842183967471936,-0.004280879350742296,-0.11536294282238724,-0.006552556738835212,-0.011031336240170712,0.0029581704040345285,-0.012898882825948062,-0.018132583065752952
0.002126719564102093,0.009419903698069606,0.028603328532864368,0.0026716324854692184,0.0005586632076096722,-0.000873209455725968,0.004093848194303534,0.0003951360503696573,0.0008850897118003358,0.0,0.0014135956434735931,-0.002124139497192529,0.006642325326694336,0.011353532046483124,0.015867815530752574,-0.001484203277208092,2.2216992976654557e-05,0.009167185966178762,0.0031300550071685597,0.0042842092006152785,0.002686026390235004,0.3209222828888869,-0.00010724203409116724,0.010236104663169928,0.00011521159341426824,-0.012310711529257763,0.018123953386431867
-0.006540456598181048,-0.013770139610372455,-0.019826030146286807,0.004066852433408357,7.229488130088367e-05,-0.0009454791839059216,0.00018949557896795474,5.115488814063946e-05,2.9589166828427464e-05,0.0,0.001091711246688365,0.001085196781193071,-0.005130333271693092,-0.00015342245142338376,-0.014651355854949083,-0.0009559239553767658,-0.00020738276365080499,-0.007519290703997068,-0.0035511038137457937,-0.004427171267474609,-0.00351764282322179,-0.12326003273055927,-0.018678468608126546,-1.8256197135691437e-05,-0.0024490325201449357,0.012963813448556252,-0.002876678541017013
0.0029269383384016414,-0.024201651129143405,-0.00950152611343286,0.006254833277869641,-3.34727277268106e-05,-0.003630833296930716,-4.561338654597809e-05,4.571575034265338e-05,8.034083740095952e-05,0.0,0.0021724931511272107,-0.009828909037323317,-0.0049453827346592595,-0.20115564202355418,-0.04025257729832859,-0.002850270290235183,-0.0001118807703567656,-0.004601452374852804,-0.006601887464539956,-0.004405100407995871,-0.0038525627747088348,-0.13524402254775147,-0.005135109518754023,-0.006125427157689691,0.0033112124580235262,-0.0013744343102829182,-0.00534337711933657
-0.004124163644623603,-0.013215394023951168,0.015155926589240733,0.0038745004235675004,0.00018773908370263898,-0.0018402083856125632,0.002212355419654438,6.253569820720566e-05,7.621929071119028e-05,0.0,0.0013982302758333853,-0.003735152884480426,-0.01910829389199835,0.013088104958730579,0.01670523225237722,-0.0059278724108326394,3.974711596137358e-05,0.0060420628006576296,0.028765780573077018,-0.00555021641584183,-0.005466287147324557,0.13621249091697837,-0.008433497081140185,0.011685584831084488,-0.0008505545315026339,0.006661268243556262,0.0008680293153518028
-0.001964024179825992,-0.007365805102474478,-0.015270263568392324,-0.013699040485255966,-0.00028648536397764886,-0.009269088224788648,0.0003274853600820733,6.925995395248216e-05,0.000106395084582918,0.0,-0.005568455739409847,-0.01604318435396019,-0.0038989580168912385,0.0014932033004164968,-0.028497889429682923,-0.003203124711679764,5.657789244834478e-05,-0.0006027163325903599,-0.0060839914824010865,-0.008728043535392515,-0.004424038779960866,-0.13019323719710324,-0.011667784972059711,-0.010024310764530914,0.002167260027511056,-0.04588815522334006,-0.024772719453855094
-0.0062092330858069785,0.006942875269217976,0.006928788754559584,0.003971626224273332,7.237819783994308e-05,-0.000920634441364615,0.0002221243013415159,4.9368768960490124e-05,2.999058924202324e-05,0.0,0.0091004033046182,0.009782354264749337,-0.002272294381871748,0.06494737793874801,0.00647133733296939,-0.001001290622789468,-0.00014385445396712144,0.007658708844699747,-0.003130301707579635,-0.0037727324569969073,-0.0032165284143482117,-0.07013545104421152,-0.0029492848656359127,0.010921713370895477,0.0022643110465835293,0.022372602827167392,0.011776304175717409
0.0063207370923481785,-0.01319431804212174,-0.0241319463765133,0.005802152969316789,-0.00019828392727315233,-0.007415012051318421,0.0007511721216981024,0.00010033053749218301,7.31231045779546e-05,0.0,-0.0009075383317653554,-0.0009293740623883926,-0.014123009505422772,0.020576949059487683,0.001130549403159938,-0.004963385782722312,-0.00011934913573213506,-0.00455879654042345,-0.014843926924081405,-0.001416431074066142,-0.0008235530120326926,-0.07514619801359226,-0.01311849322866819,-0.01521188601001995,0.00545368225979346,0.003028110576998358,-0.012500140592427435
0.005517616811854997,-0.13876310542796264,0.02728511867000424,0.003309278435278423,0.0001539490120559194,-0.002468398828614883,0.0072419388825927505,0.0001577324955341736,0.0001496222882682578,0.0,0.002421303190526709,-0.00234727143015715,0.0023658825755228786,0.011673769703771533,0.01960000902205354,0.01092394869488032,3.10041895824555e-05,0.0035029639829832105,0.03280172635487244,0.0035824033499751344,0.0044731399228731695,0.18879258185900594,-0.0412303866094405,0.004156732030415601,0.013065730210981136,0.017661371481022845,0.019927072347210216
-0.01087106392294036,-0.018876492487509302,-0.02731659229068427,0.0023572701941387475,7.205740992275013e-05,-0.002920655890220889,0.0006497272746351699,8.158392229662076e-05,4.246101770592229e-05,0.0,0.0009380108830667889,-0.0037527440456482583,-0.01083986989634857,-0.05886421801803053,-0.04225458583627418,-0.0011755949481816776,-0.0002571144987464036,-0.004379594850891877,0.004834443797924413,-0.009563338419920239,-0.01279151657769105,-0.2984580257678619,-0.006373075463380102,-0.008182499106384553,-0.013824042460608518,-0.013916709715272686,-0.001964529447210277
-0.04139362646408687,-0.01188859599956819,-0.012670067365470425,0.0008086593137113702,0.0002520172968986286,-0.002620367400755814,0.0008402553040078905,0.00011039548471598873,0.0001586054697244211,0.0,0.0007260296385663851,-0.004110092448753464,-0.12669948127757882,0.007266890581205229,-0.027915669416300564,-0.005989176028024443,5.286580098193994e-05,3.735375009557866e-05,-0.05349170877448954,-0.049121283310095236,-0.01970010705131739,0.06318467767763633,-0.12159242149051575,-0.0004974889396380056,-0.025879589068150438,-0.04887463988179246,-0.027558193874587154
0.006006905771511453,0.02041197473107133,0.028317912609815157,0.003565245646675577,0.0002644104249293234,0.008735402221284565,0.0026817986611807937,0.00014225582422193646,0.0001260779762786988,0.0,0.00168917443101181,0.0019586814224054803,-0.00830568320689439,0.012842234779111198,0.015425257076934725,0.004427533541852728,2.514944814494223e-05,0.006080788585479318,0.018946856304600176,0.008985247261761956,0.006522787670663371,0.22025710392871062,-0.00868981707910633,0.0042068446446454,0.006348494564953608,-0.006068275903814134,0.004104407630946662
-0.0032446473572967445,-0.008778586643095448,-0.03251349423415853,0.0036530787809715493,-8.042021611662001e-07,-0.003423542126814215,0.0008838460341924976,7.04243862416996e-05,6.21625487964939e-05,0.0,-0.007659358952856884,-0.01079004000638584,-0.005541804495927448,-0.06012496257434614,0.00716738396541455,-0.0015702337171225927,-0.0001381691576634106,0.0018870187528713205,-0.0011171475010808125,-0.006895314733495449,-0.015171270596625229,-0.33154837660693054,-0.007247600690556217,-0.0086295629408999,-0.0031666292453190288,-0.029528940945565137,-0.0018249806498722362
0.03814424526257606,-0.009986274591915185,-0.016106564967857864,0.006503056430333373,0.0002396851861994024,-0.0016479883807113116,0.0016422002432592135,0.0001311768845328272,5.64943599465477e-05,0.0,-8.923337466447757e-05,0.0015525937797542784,-0.022167895448874413,0.017221247457241323,0.013564235575433852,-0.0028345496000897977,1.617956227163697e-06,0.012919849853345822,-0.021003996333083193,0.011094447080164183,0.006906678594425535,0.19707228071564148,0.026460893066821256,0.007280272985968719,0.008867829807824395,0.01287645248684673,-0.0011422161699820928
-0.00044730124094399646,-0.004753704078027624,-0.013478705199517564,-0.01552824113819922,1.7376152565792974e-05,-0.0026458045033919053,0.00023564719822740003,6.716514559091687e-05,5.569126145014181e-05,0.0,0.010166045169378236,-0.005672155800887788,-0.006939789893337647,-0.19522358449639265,0.007662512312906535,-0.0019139777784670658,0.002587437462773457,-0.00035572349256816807,-0.007245534969619485,-0.004031061547991802,-0.0017113212849525115,-0.1515652396981268,0.0005872549141580963,-0.00768191493177058,0.003929231736749459,-0.00038339216968054536,-0.004278310066013446
-0.019760290292531076,0.0012168075923965763,-0.0008775238519249278,-0.0119970835167854,-4.029582822737798e-05,-0.005395664421880684,0.0015068936541543436,9.470223481415446e-05,0.00010110178197289271,0.0,0.0044829323885309455,0.007322545202675836,0.0018044919545735774,0.012316595581230164,0.0018415429742492412,-0.00027668297556684843,9.8555934511487e-05,0.0018776466944176102,-0.008418676709898019,0.0016348566924484392,0.003175383229596702,-0.1040110797290241,-0.0032044999510522044,-0.008638621472565094,0.005435261954665631,-0.024426502819859062,-0.011947710654870288
-0.008820503579502476,-0.0004573228991323506,-0.01051146156938116,0.004082525741283951,4.555282286072913e-05,-0.00259429302013213,-0.00018012321140566424,5.586534835084071e-05,-0.0013684580606064555,0.0,-0.029910312133104248,-0.007691095952856786,-0.007552668091755776,-0.2419578345906032,-0.05032941280715083,-0.0009346486380023589,-0.00015763482707228352,0.0026526517272816175,-0.007188034275812367,0.0028175632895940505,0.004380714405821662,-0.16361005244471255,-0.004498744083905817,-0.006924951991441353,0.007020721867045457,-0.028718311130545324,-0.0032616179717358963
-0.008736404307786676,0.014682494707070467,-0.05153051903314147,0.010364189061528245,6.357343286544508e-05,-0.000860460678660654,0.00018441791451359024,4.9141599986404725e-05,3.0405506507185055e-05,0.0,-0.015032204432187004,0.00967113092285657,-0.010559794310567307,0.002310149616197492,0.0032376146978320046,-0.0007829301397416559,-0.00012157599744984288,-0.0006221589211492078,-0.0034057016294584846,-0.003845864836364066,-0.003188216579001085,-0.10458708943382622,0.022442817455654695,0.0013594051952587655,0.0017883989294934304,0.016642093632912323,-0.011783440536637473
-0.00023066435604753003,0.0020059810287231437,-0.012401552879415497,-0.019449959080762174,5.810323540848462e-05,-0.0020104383140149857,0.0002028756997961714,6.671406855603722e-05,4.004958113632918e-05,0.0,-0.018636853950562336,-0.009080263847523135,-0.003980838050689216,-0.2314673679208887,-0.01824732023541189,-0.000855723914261311,-0.0004519436250526766,-0.001188931767809278,-0.0029638596245586636,0.0005275798466280051,0.0002245871559750119,-0.19136528004670963,0.00032837411361005695,-0.007120895954643492,0.001846796193592551,-0.021714742202930487,-0.0020896879063433613
0.009562345156277758,-0.022906053459509527,-0.020701261707955748,0.0048362061265983915,0.0001000048079260924,0.010815060614797587,0.0002500876468172538,3.005890929125624e-05,6.617550239030657e-05,0.0,0.009892879496951853,-0.0022870797868632625,-0.027957297396427497,-0.16517520352143453,0.0019843906304764765,0.010745131019705425,-0.0002909696099131697,0.0033217365483717795,0.002627266009424619,0.0062214406418559035,0.0005345894772323304,0.06312488125557097,0.005064582846020369,0.003394426500264176,-4.491179348158777e-05,-0.009018149161024135,0.0017659257523726462
0.006972588603509715,0.0210743431940353,0.012833787072571915,0.00737855887242239,0.0002481162847781342,-0.0009922623767001893,0.003930030886084885,0.00015140730507044088,5.932126090758259e-05,0.0,0.0007756205927955856,-0.003256842950246863,0.012511790119140555,0.01985018100704737,0.013043285917717598,-0.001759275876506329,6.130639432086562e-05,0.00039317972796935766,0.00670625051021167,0.0019038203283696282,0.002475524568834763,0.23758575230943813,0.031172082677915682,0.007039088318550072,0.006334566050391943,-0.00041229561179260884,0.011799640053787093
0.008406314283957694,0.011301030445910727,0.0015748075898900278,-0.01225676442851791,-9.611375094780269e-05,-0.004605223484045139,0.0012641199063258136,0.00017898402197422797,8.028157145698767e-05,0.0,0.0015623109164637835,-0.007677976300086676,0.0043244108646409915,0.027363217806361983,0.008485213997853543,6.951149554238217e-06,-0.0006668526023113827,0.009884852774606136,0.005551688313142212,0.0027872291691027414,-0.001155417624484185,-0.14651607998320823,0.002613743246078096,-0.010975523857912532,0.00857701908272427,0.022115183619951347,-0.006359453984484652
-0.032085352224952055,-0.06175035399376843,-0.009008432265574899,0.0013787668313361113,0.00012139731756285507,-0.002688403556241114,0.00041695126555008435,-4.743398340374055e-05,5.555009753016523e-05,0.0,-0.0009991016409504128,-0.004489779105277159,-0.06101158485329275,0.0022232889767265103,-0.10405503897632666,-0.004907367594762353,-0.00010217104683507015,0.0023291683793441624,-0.048967138649720215,-0.013695819618180321,-0.011747180670227324,-0.0486936299533125,-0.0464123205099681,-0.0011039495424569959,-0.009861507306404206,-0.04587582506845854,-0.008099406438771634
0.037442655327956875,-0.013202322194115448,-0.0028252712164580393,0.004246474793939249,-2.212222837726505e-05,0.08618408897597628,0.0005140794695337689,0.00022639408352005856,0.0004911364870014567,0.0,0.00839725419266012,0.003543084801918758,0.0035716220548357787,0.08889285649137219,-0.0017088953749537343,0.04329831587063494,0.00028474018622723807,0.006931095976025381,-0.002041973567096231,0.011370663585853761,0.006946657988487291,0.08438607228910641,0.018841414414674625,-0.0029492688345262893,0.009558442901382322,0.009265940246223889,0.034624035011479405
0.023700026086985574,0.021536700731820926,0.026459248628258547,0.010226393814995793,6.0658324178396225e-05,-0.0008979564565009136,0.001808303646819098,0.00022539580594697166,0.00014433153798864984,0.0,0.003606268588454526,0.03733706350922549,0.008016430811522571,0.07068859538241232,0.008987851958931911,0.0009641524769014568,0.0014789457125138762,0.022988874125126662,0.026619264080947145,0.013021024645446418,0.017620095272452303,-0.032579455708922005,0.02934620543430175,-0.004531211471088799,0.009730007830044777,0.02302960260364404,0.0026282635653513903
-0.004727619965377891,0.0015290636114964253,-0.013865099141252554,-0.013809545138474036,-2.695189182015944e-06,0.024135176402620924,0.003386726984629795,7.688525783721689e-05,0.0001357130362757793,0.0,-0.017851330893274776,-0.007909140126637187,-0.007169523371416492,-0.2503404983451916,-0.01485244693680294,0.001214895408617728,-0.0003362507335936323,-0.006540639812633833,-0.005694475875899174,-0.000758280239660759,-0.0018561970596788868,-0.1732956645182389,0.005049034282302087,-0.007504575083800358,0.003025142977023417,-0.029366910341533603,0.00341434361377546
-0.005343165918784393,-0.0035529486445692858,-0.0216691362440407,0.007762665669344387,6.541870329730677e-05,-0.0008904877617690773,0.0002045501752028769,4.545812055759918e-05,2.841888153523004e-05,0.0,-0.009611178763135358,0.006745155848971182,-0.013592713581282806,-0.00015227993700189565,0.005458027893492191,-0.000813685589040199,-0.00013745063018976298,-0.009306068851878646,-0.0031188646027521323,-0.0033164483870249356,-0.0032466083609693054,-0.10831762703777068,-0.0027222195773671217,0.002425282092748087,9.255589580704054e-05,0.01600080459123616,0.004449862785364154
0.03248180253826518,-0.018666017759643664,-0.01028706535810237,0.007836303934914343,7.878580629459581e-05,-0.001611861496771907,0.002773462960314424,5.5308049348701645e-05,5.929694923105198e-05,0.0,0.0030838456032702593,-0.00087762134505445,-0.02575728362971634,0.016445240079653305,0.01337994915897067,-0.0012535064602567025,8.604514148718222e-06,0.004115574986882338,-0.02869207489407392,0.0020060063080961704,-0.0021104846805442444,0.141087595266328,0.027072763875851603,0.004781417775120523,0.056490674478170716,0.010315844765799184,0.00371752278315718
-0.004086526699111104,-0.007100689789344354,-0.026906150524842843,0.002806735674299422,0.00010198776593413277,-0.0030155569832840145,0.0006454433005944595,7.44529653989271e-05,4.153441851299822e-05,0.0,0.0013444419644187786,-0.0015278932505831471,-0.010152120846903163,-0.062119537532001126,-0.040367733249637196,-0.001037674937048039,-9.565572583682954e-05,-0.00305683055019954,0.003057319710123613,-0.0062813238708917885,-0.010934883062670148,-0.33201085056826424,0.0026742691510285473,-0.0052703262801236635,-0.012992682074829997,-0.03002887319834822,-0.0026681570163738454
-0.010501800339929342,-0.013234052276231797,-0.026039394781442047,-0.011473463370317618,6.394137493575572e-05,-0.0010598317259698795,0.00013663772030087423,5.801828192107416e-05,3.082822176708103e-05,0.0,0.004484146819708408,0.0026840908451988364,-0.012904766323282931,-0.031957007400621865,0.0018984372731644284,-0.0012280220489694251,-0.0003091499265495326,-0.0012833372295195336,-0.0029582114741970628,-0.0048208431073696765,-0.004336620578176082,-0.12858609210232078,-0.03026132094725952,0.0007347893758911124,-0.0007924200067679192,0.0027917166230201147,-0.006240450925667032
0.015830391822914902,0.01496050139283772,0.026289720624209575,0.002738431025944152,0.0005277463306422152,-0.0013627262392572194,0.004361448430320255,0.0003224057031672794,0.00034260568914113414,0.0,0.0017142834292853506,-0.002557820445100806,-0.017328635341809503,0.010398066424766901,0.009279812711956653,-0.0013552197744257021,4.6197288784493414e-05,0.004657815913281782,0.013401165833614493,0.018493706807477903,0.007845769760190453,0.3140927739350202,0.0061529689665794545,0.0027822315483975054,0.0011587117965608056,-0.0006220244814726651,-0.0031205170620125762
-0.00089845009765523,0.016747283510816374,0.020238229759555987,0.005623561360036289,0.00052807365292003,-0.001422985657225693,0.003936989255802798,0.000280016037833571,0.00018963087539744468,0.0,0.0016117519543013582,0.0005035490954399972,0.007362243093707704,0.009633504291843575,-0.018812563212339244,-0.0014053249426168844,7.772486928352292e-05,0.006545901784661772,0.010250478793545138,-0.0005230782659151736,0.005317127035515505,0.2851740831088426,0.013141626965053893,0.0040828539399665525,0.007442934780535546,-0.008868778040434745,0.02113984480923795
-0.006308284032501158,0.06081679910364062,0.009677052484080793,0.004872027731534234,6.733904342055732e-05,-0.0008160649517222647,0.00015926005011140896,5.083133199552561e-05,3.0938822499644105e-05,0.0,0.023023904122975298,0.017919865709938896,-0.0025930811090812533,0.08098235593460115,-0.004591181651725922,-0.0008317743376175241,-6.777323717458979e-05,-0.003173480741445425,-0.003173195507028993,-0.002844526908561024,-0.0018032263031058308,-0.046907961606874334,0.07609360450330509,0.0040477036772222945,0.004530999080159567,0.037603100579074594,-0.005871376382248785
-0.02276869373536806,-0.0062300011803329905,-0.015329710195109477,-0.034098232526513284,-0.00016123384068621695,-0.008316902461425838,0.0005867963720434798,7.53974636128036e-05,9.160563696213895e-05,0.0,-0.002315706117107893,-0.012991375056209486,-0.011240219242861605,-0.008898364102046247,-0.0011294538640698696,-0.001365619495996493,-0.003873520728486874,-0.004928001802883654,-0.0001065561263200836,-0.003830114107885575,-0.0036154639090720227,-0.18468840522456212,-0.02061202709026861,-0.00955377751417006,-0.0012316802100922426,-0.07597139403322337,-0.015669649230884118
0.0037064282102777938,0.013147724815332839,0.03257353449194246,0.00279916357762139,0.00047498357245308136,-0.0012324174594338883,-0.011500277866718233,0.00033085243082797125,0.0005475354036900185,0.0,0.0008219616515331411,-0.0025285378645546015,0.01436818140558565,0.013330196730345944,0.011188920173939767,0.002428190606936238,5.5827707487063135e-05,0.004796934382752063,0.006479566149519873,-0.001494577939479399,0.007240182570175627,0.2873253526431703,0.003776707389704422,0.01358176975892141,0.0004013936328849233,-0.0005824476695878948,0.0027704210057831456
0.006305767037678575,0.010201465805232533,0.005167749448858523,0.0027094803982711277,7.653390281936729e-05,-0.0008829625341009833,0.00016412993697714146,5.3418088613222536e-05,2.98159331019336e-05,0.0,0.00953826406643846,0.009711945642781232,-0.003470033687111291,0.0842647361022802,-0.008663764270554458,-0.0010591656080680422,-0.00017715114500898332,0.005587933828053427,-0.002922147191054598,0.0007311100871680478,0.00019537033614080613,-0.07353300370291255,0.0047105963239318874,-0.012842477836969134,0.007583532924908137,0.04038741895632634,0.003995320008414928
-0.005249838886151877,0.002194907887409719,0.009824536332160645,-0.005014550292255425,7.23289837421709e-05,-0.0008399746589921114,0.00016882186294731554,5.074561147353571e-05,2.9252926623808673e-05,0.0,-0.0018408978536033648,0.007474178365847208,-0.00011640269904298034,0.08181618398983649,-0.006648854936416023,-0.0009014758938740658,-0.00023275674640268172,0.010331640722156761,-0.0030780846515939026,-0.0027906242203077267,-0.002191048875352498,-0.07413705438865018,0.012096119115719341,0.01235024056831767,0.0026742483629354705,0.02493430240765174,-0.0040393735097512505
0.000759068967672183,-0.0024376909098026045,-0.009990952025772618,0.0064382453046573,9.972166427935466e-06,-0.002838680860965723,9.866160146538722e-05,6.871906862997496e-05,9.040412822402284e-05,0.0,-0.008295405360291578,-0.00988673668236027,-0.007022553642942003,-0.1841568780174869,0.014721000213208092,-0.0022669527725016495,-2.679194866512341e-05,-0.0029578572440283764,-0.0028893021094711295,-0.004284480905874526,-0.0065140681231926605,-0.11651380526000658,-0.012771208259722784,-0.009567044041548674,0.0076666661064994585,0.0173397432700279,-0.002205121396189853
0.007427897327700441,-0.0014006943171770115,0.018075549823803723,0.0048925054252787455,0.0003139299677095651,-0.0017344476383759334,0.003286851067320991,5.8856219273507704e-05,8.456123301233887e-05,0.0,0.0038309583214711828,-0.0026081970518983923,-0.013425353776488822,0.01588132536958577,0.02238081854062051,-0.0034050332563490106,5.23898220251551e-05,0.004847809663937628,0.04256255830774211,0.006470918907010908,0.00868723541582082,0.22393501665337984,0.00017358333703800438,0.0046839613877879965,0.0038061229428802104,0.004744015258562173,0.012727576624560045
-0.04139362646408687,-0.01188859599956819,-0.012670067365470425,0.0008086593137113702,0.0002520172968986286,-0.002620367400755814,0.0008402553040078905,0.00011039548471598873,0.0001586054697244211,0.0,0.0007260296385663851,-0.004110092448753464,-0.12669948127757882,0.007266890581205229,-0.027915669416300564,-0.005989176028024443,5.286580098193994e-05,3.735375009557866e-05,-0.05349170877448954,-0.049121283310095236,-0.01970010705131739,0.06318467767763633,-0.12159242149051575,-0.0004974889396380056,-0.025879589068150438,-0.04887463988179246,-0.027558193874587154
-6.2943429678731255e-06,-0.0014852618377783299,-0.010927299259381787,0.007993027309215682,0.00034001582697664693,-0.0013192987052213913,0.0032920674975529525,0.00015320735295229867,8.377863118846582e-05,0.0,0.0022273657853441008,0.0018163293468506983,0.01254697141109319,0.015448739411415457,0.016129758530221226,-0.0019983244294584698,2.861127528302619e-05,0.00424997621513802,0.025162931626416418,0.0010399766709003142,0.0009069837977605331,0.22113523672406743,0.023322740716812482,0.006938942897302584,0.014228328170460713,0.022024806484733324,0.005640711173560472
-0.0066918998749254995,0.02086083390125291,-0.0308601848745093,0.010751098208169173,6.633714128180734e-05,-0.0008544760865829066,0.00022121327858551482,5.144641452791085e-05,2.9547741343900957e-05,0.0,-0.021949588917826456,0.0072867017555078946,-0.014950680889467364,-0.0008087695239709852,0.004392607962508712,-0.0007860273260985224,-0.00014062755146042913,-0.005438934587308775,-0.0034000436504478832,-0.002889314059273186,-0.0030694693223713484,-0.11295655868189146,-0.0053565142205253685,0.0015068123958474906,0.001056150768234491,0.011804483868239644,-0.007003124790919946
0.015868399244760016,-0.005976615799731655,0.004128894647277512,0.0059983321591229,-5.768236590141653e-05,-0.0020205902018851593,0.003945997035558442,0.00021168451437117,0.00012418858302668735,0.0,0.008110228376078703,0.005874202828118352,0.0234283216331932,0.07982462643437589,0.007938368567428232,0.01930114121810864,0.0009395905478717633,0.022057052016002245,-0.00011116243548967732,0.009946387370691593,0.001541708125238748,0.0701057753391078,0.029429723504675032,-0.0007397992845368783,0.0136125011792726,0.025922134403103498,0.04117743800202809
0.0019673937840747986,0.01785704685349064,-0.005181595679168574,0.006301120660443985,0.00026914264367586477,-0.00247551672458349,0.000981379029809909,0.0001751775788719775,6.013946648466363e-05,0.0,0.002987860863528152,0.000562163637455311,-0.0019598760595972327,0.0323826601308421,0.01306123927325908,-0.0006094703223090821,0.00045081835243685506,0.003172916682932749,0.006070150617008159,0.0036176662569180657,0.006750942325905701,-0.11731021300577217,0.030951289321991374,-0.0007593425329484246,0.009826711433594171,0.011250443134124048,0.002524102005617915
0.0001784574354276569,0.007297200598988073,0.007794360991915715,0.003947116919937008,0.0005344743542425811,-0.0013790006560905955,0.003017280048407441,0.00035290727274866416,0.0003910136723760118,0.0,0.0027615006467677436,-0.0024483654392789384,0.012175588648415,0.015115510137024888,0.026772878320340403,0.009843231322382644,7.347184410456199e-05,0.004820738763940111,0.0059548755483445565,-0.003673500389634992,0.007314892812103457,0.2687741013320772,0.008416860147763989,0.010553291912777785,0.015283735520008754,0.007540315807198367,0.010716282823023622
-0.0007982842497653143,-4.365778434532347e-05,-0.0007002711815606433,0.0018747988479909073,4.5515972856791335e-05,-0.0008740455075852363,0.00014221481990896366,5.349119634433106e-05,3.200372384861478e-05,0.0,0.0068606551490723615,0.005246049807777601,-0.004708054049221673,0.05797427733125961,-0.00949576480164008,-0.0009429616143022518,-0.00015776771948583501,-0.0028136388704882815,-0.003517889149168934,-0.001738460817141074,0.0028259374924114087,-0.09315892863768428,-0.009483041299812188,-0.017013387122327504,0.006920613274882774,0.036239933605064056,-0.007377553140333572
-0.009558263947705085,0.00407651334207152,-0.04445246936380314,0.0009565182939653914,-0.000102009291679491,-0.0063161199286762195,0.0006950240063699893,0.00013954084480859882,7.447832519411201e-05,0.0,-0.0029620735312675746,-0.017598962262616893,-0.005226360748959559,-0.005554611042202464,-0.00357133989757522,-0.0027347879201758568,-0.00041845903593274136,-0.0005453268496109115,0.00102537409945204,-0.01181542672895648,-0.013195679368478512,-0.1226359266046044,-0.017367051288070673,0.010755798360728716,-0.010195244218634346,0.013956548904302831,-0.00019228045557105624
-0.007034492289078099,-0.002928027728265871,0.0014504972061937919,0.002797376943585387,6.853762926770557e-05,-0.0008535072696126711,0.00015784873525532885,5.0831063462512455e-05,3.0938822499644105e-05,0.0,0.008872372665938513,0.0043834928268524104,-0.00528634913630896,0.0741657345042,-0.007866994772480054,-0.0008833353320145334,-8.153053204704904e-05,-0.004031154852088474,-0.003187312358580955,-0.0041602715575512345,-0.003770715421007923,-0.07685537564606183,0.01572046680093486,0.015687718096473843,0.0013889701665505871,0.023914656073673407,-0.01122449625744599
0.009593166037359867,-0.08013290125250325,0.00044177404897046275,0.005587676818819794,7.208299235429271e-05,-0.0015208492182346867,0.003312903546609836,7.412810499025871e-05,5.11270547354177e-05,0.0,0.0008820557437674334,-0.0020475795205463043,0.0077217832607233495,0.010040260512764559,0.030227595010948814,-0.0013734595196280195,-4.9705311169238985e-06,0.012819271845415082,0.012443553381480484,0.006981811299362207,0.014887782679004516,0.17026621369848108,0.04737161044842958,0.015422949437757082,0.010914102001740318,-0.003109912967662911,0.0011632990036265388
-0.027536111330662923,-0.002990374717818051,-0.005458204434004646,0.0050035448725806505,1.7511711621746738e-05,-0.0017510713661251882,-0.0041023253218193875,8.974214319430581e-05,5.899719574246703e-05,0.0,-0.0038834156290227257,-0.002229877049662754,0.00169374360341618,0.00676815555983965,-0.0018105768792400629,-0.0011162524652095003,-0.00024595480459394567,-0.009376876258931612,-0.02856376666401091,-0.014539253518953072,-0.008531367286616935,0.013127637241349657,-0.01076101597981186,-0.012151924566175113,0.0012764413225035988,-0.027758476242582056,-0.016237862994453095
-0.004310607399753029,-0.0030068022794099178,-0.01639906988813044,-0.022077859322521917,4.882768336633125e-05,-0.0020503651831511815,0.00013261524579583637,4.963126538563885e-05,3.521924592114314e-05,0.0,-0.011147213295113406,-0.010928571090943558,-0.007554323504149794,-0.12601637518922545,0.010987559793321585,-0.0014381506225757186,-0.00044695741901648297,-0.001963905201858779,-0.00387790477564417,-0.004033952483454813,-0.005667564094514629,-0.23174002687862338,-0.01607050081980497,-0.005065935440744218,-0.012846550698093609,-0.02902194003122332,-0.003319788589624922
0.025540456316206415,0.014585706689861155,0.021370254876252475,0.0074398818463450355,7.12787965105157e-05,-0.0009336883042445407,0.00515493347198403,0.00010594649758288637,0.00010378467155770666,0.0,0.007907888914606573,0.0020797278753493845,0.007899437481888342,0.02320229073354837,0.009908121892653757,0.018700386404327515,0.00013379608512037453,-0.004552475179182513,0.014010915517336396,0.018877432733613645,0.02764356719277672,0.12603072312443722,0.016626528586671286,-0.004117378615078889,0.009855958728749848,0.015883682188695045,0.021892748671477648
-0.0167258045776538,0.010053148965925119,-0.07161355746580156,-0.015106886952473909,6.009105679135358e-05,-0.0008604112687761828,0.0001172100633799485,5.056381258248468e-05,3.0853632589513084e-05,0.0,-0.00952790570710885,0.0036727404965236203,-0.016739774699460294,-0.04430900313589849,0.0005182049465348831,-0.0008873107385602867,-0.00019812950841530515,-0.0027990275002104897,-0.0030032235964179946,-0.004632817423642113,-0.004293819655342604,-0.12910098762728903,-0.03537702614199765,0.0003264560560180752,-0.01023117457044142,0.002684580808937114,-0.0334343147503541
-0.006105103091175006,0.013660778745589307,-0.03827719479361798,0.009043253786577788,6.567310412975226e-05,-0.0008449683836495014,0.0002179938540172248,4.5417803124885154e-05,2.8136297140443916e-05,0.0,-0.004105116268800493,0.01221571554824648,-0.007619982078695868,0.02528421543558445,0.025404970698669375,-0.0006955715578194102,-0.00011046604365652342,-0.0009187908159820141,-0.0025208668318970795,-0.0016056856520750104,-0.0011425933254145199,-0.08362972239226842,0.018813037717045445,0.003274816686437881,-0.0018302263888201008,0.021289875676029087,0.016233794188171002
0.012653507268002628,0.02236047096893839,0.019128876001666666,0.006304094386584792,0.00017381988065915267,-0.0007663350189238936,0.004126734571677833,0.0001434887946501767,6.950956692653279e-05,0.0,0.003433849247753372,-0.00248435401372633,0.013262765754493547,0.014627804742246973,0.00110617929320495,0.0004862688429070982,5.0031994194073214e-05,-8.426632864892698e-05,0.022054864072876934,0.011566005229319052,0.012515776609519648,0.22249783287161823,0.011216701788703798,0.003973348198786357,0.00870091823885555,0.015568157220047877,0.012054509408146775
-0.0037806913482453463,-0.00586921073506565,-0.019891328490069752,-0.007545518811052145,-9.252398075392173e-05,-0.007755292087474774,0.0003851895018027227,0.00010973276889964277,0.0001192090895525831,0.0,-0.0007333015808387198,0.00659658225731401,0.0033502117964385497,0.012481874727255184,0.005419847488970844,-0.005663763224907543,0.0009574707991586719,-0.002964555294148329,-0.008032260203420693,-0.002791484831809523,0.001137372738665547,-0.10593302599790361,-0.0355094979639681,-0.0014001522052658297,0.004285358797739308,-0.013414102791579318,-0.01368802171294005
-0.0005469622044763201,0.0019700050878324444,-0.012119997167774588,-0.02177501435155652,7.917433149748597e-05,-0.0014846767083239857,0.00018330895238846256,4.660272290884662e-05,3.7241403358274744e-05,0.0,-0.019169495905509537,-0.00917466536811439,-0.004257403162114281,-0.14653193695665734,-0.01681340947810567,-0.0006900279742321694,-0.0004261531717597945,-0.000755159672263636,0.02269533733051917,-0.004257512529398645,-0.0011158424031483584,-0.2464863264288373,-0.001342789850589558,-0.008514313130282784,-0.007958291096009512,-0.02009560140492274,-0.0032877053577042925
0.007625034743529518,0.011130089759809513,0.008489085093289578,0.003929121895826738,0.0005928720289276253,-0.0009736261978922306,0.0045615179290106455,0.0003851466250183053,0.00019699677685714186,0.0,0.0024112143892015417,-0.0018263192987843357,0.004645370427548751,0.012358509712155519,0.017164321639470095,-0.001134945934751361,4.6541862329041954e-05,0.004721934830180514,0.0023626827383457843,0.00428456173123876,0.0024035484489302343,0.3011872894320598,0.022792655185561755,0.009880595151126955,0.008173009292004627,-0.00109066872486495,0.008824675754461647
0.007763730793696082,0.02277525675810355,0.011101411039724169,0.003931271723376488,0.000309361852457555,-0.0014092438735908658,0.006637233672019876,0.00015967623873059823,8.428301253673084e-05,0.0,0.003103516248386832,0.0011095460268800916,0.007439869167689303,0.010175965087420013,0.011011607549917294,0.015675815985388832,7.976552527989874e-05,-0.017759496042099556,0.005672046922130732,-0.0001031614914384485,0.0009992218952241665,0.2089066787629538,0.010220082857918603,0.006910099703316885,0.0056952102714830964,-0.0032265443814640136,0.015054204162278402
-0.036558741175643936,-0.04210633643130486,-0.005813949046976558,0.0009358646454945381,0.00021206208651651748,-0.002607451665604731,-0.0003732684189421699,-3.1702257400042594e-05,5.406635621202054e-05,0.0,-0.0012693452497580383,-0.003450074133819706,-0.049648737311424364,0.0013123157571575043,-0.11272660516840374,-0.009288147275465836,1.775793872196242e-05,-0.00023001431267125142,-0.04330108452509311,-0.018669022660663632,-0.011586666279869703,0.02102309084722813,-0.043779559265656146,0.002141738331312844,-0.008101800028379413,-0.04610670461976089,-0.005756594322825277
0.012329252701634572,0.02510743317986311,0.015350138609497278,0.00508361448387999,0.00033882365419400147,0.01491265836716665,0.0025640398940613455,0.00019212587897654755,0.00011437344107840196,0.0,-0.0028430687799851384,-0.0017828337422216478,0.011332813287851426,0.01763200782983013,0.012524168970733706,0.01485078026237845,0.00013565610327672805,0.0018651525358819355,0.0021977521439319257,0.0050828896084141074,0.002161613178202304,0.22262438646264132,0.03278287700917856,0.014684101131309614,0.0055608079166509705,-0.005843688355638577,0.004050490955844864
-0.00030580078082225625,0.0019937513444644524,-0.01285843873972977,-0.016707097110842468,5.4301690260315507e-05,-0.0023292834962683247,0.00013719480084769544,7.638551997516955e-05,4.225175825570007e-05,0.0,-0.02221208655406937,-0.005628517416544026,-0.005031233523529393,-0.2282019839312596,-0.02586946789305791,-0.0009790310297202141,-0.0004145097988438688,-0.0007143083216359357,0.0021685229525121755,-0.0028960304318076573,0.0002473915810628559,-0.19190712019724207,-0.006094563232002154,-0.007129960932892304,0.0015330964460579873,-0.02191291812292124,-0.0037473921311176554
-0.005558785080703978,0.0011951520679135304,0.008985953119878598,0.0035144446995408335,7.074974258229894e-05,-0.0008790060992726696,0.00017978675589054986,4.892127945222481e-05,3.041185973639072e-05,0.0,0.01195791953903972,0.006933479424811855,-0.0027481279373014183,0.08932153914301594,-0.006226104762923913,-0.0009492464560150267,-0.00010357525781192696,-0.00018901459972863407,-0.0033142371624581245,-0.0032905127134800487,-0.0027396765978765255,-0.0648391861266646,0.0290986310880662,0.02249091061720773,0.002381843671221118,0.03195174449162045,-0.004686737149659795
0.015778060247317982,0.02756478419615142,0.015632834995129057,0.009978983156595947,0.00016669316134144212,-0.00119912729222558,0.004138954620929649,0.0001241813411420326,7.46282628581549e-05,0.0,0.025655919550193074,-0.0011040941917463529,0.019935950987606248,0.016401411889789778,0.01654391577553314,-0.0008312266381504365,5.251478535805885e-05,0.010084421368452532,0.006594703949792858,0.0020482057124175616,0.004530371734395466,0.16905720946299782,0.02096899769639565,0.006849397693266245,0.007959351433669342,-0.012230781124110674,0.00835345681329869
0.034530356476299956,-0.016441443186406543,-0.0036303822353990142,0.004226087248135437,-2.505633946018144e-05,0.07928512716898303,0.0004692181196093657,0.00022134430494064665,0.0004802483460511273,0.0,0.008095119634858067,0.0026159864663597866,0.002646606112945613,0.08791586650835348,-0.0036891100640126613,0.042434035420332195,0.0002633225694681771,0.005920565427074394,-0.0025639233511457254,0.010429366167303621,0.006429048564325896,0.07932923447715533,0.011214715293371435,-0.003191848052159983,0.009191606680261775,0.008557599623111794,0.03448134557990926
0.011181179841610291,0.022786895804131235,-0.02380481633227967,-0.0184555110074206,0.00022488369373562916,-0.001474232368557315,0.006263279751396675,0.00016551338138204883,9.360183514170379e-05,0.0,0.007629339615578554,-0.002061080488239489,-0.007010197852746631,0.01601371400837925,0.019230681078813067,0.016810134323912554,-0.0010433419472261692,0.004586887482751154,0.027918804762824167,0.01474059832263157,0.013551417183915258,0.20704236444994856,-0.01846201948134844,0.0038579613375804254,0.01290027658926495,0.012269283398627881,0.014389540521014061
0.014847957936253191,0.005202396263190189,0.013155074838184606,0.012326951488808172,0.00010141784950422033,0.019317103575577612,0.004562328355780414,0.0002670582786428606,0.0002030276452099055,0.0,0.0027616516442696653,0.00205200214273398,0.008537905821866781,0.02541757828532175,0.011526552692050534,0.018782349254498985,-0.0002192059698117637,-0.011691657824273938,0.011598817079044052,0.015197010426410532,0.025893906248110152,0.10032748867922511,0.012405054177181582,0.016756008718043922,0.008458531317022597,0.014407346851510693,0.011842066997585889
-0.008437117716780473,0.005019195654117563,-0.03717449780196352,-0.00960076419594226,-0.00015724671008538596,-0.009591969789702977,0.0006398196299095503,6.470983407663932e-05,5.7006678483986316e-05,0.0,-0.007923680930179698,-0.022621291570752683,-0.005958983621207318,-0.00848062371527636,-0.02915318052861429,-0.002004018124648847,-0.00025249614542389114,-0.014061691662150863,-0.0023400528044534427,-0.012844455484698562,-0.017735301606433704,-0.15730282798165252,-0.00551269075866419,-0.010282543836520917,-0.005078537680878142,-0.009223074320977603,-0.01501943176382766
-0.0026489937019293468,0.008191124516907412,-0.007553186713409561,0.004699302385850371,-8.017775402799227e-05,0.01882899600024263,0.002705029405604169,0.00011856114276486088,0.000246134211117985,0.0,0.0006946719550866659,-0.0056426118045265145,0.0029996209012292914,0.02250061283775392,0.002336662255936217,-0.003467861328021126,-4.8396533731533046e-05,0.0082084063620098,0.0032113811235021552,0.006656613229188745,0.004282582665968317,-0.0790203673480606,-0.01851984506583544,-0.007362288908696794,0.006008579594070126,0.0037815118030213334,-0.010716809171938534
-0.00885256260449494,-0.021463637767872273,-0.009362370871231252,0.00221363956830094,7.000825697567462e-05,-0.0008980207934439415,9.333726139233514e-05,5.0795238360197876e-05,3.0938822499644105e-05,0.0,0.005877690676859034,0.001578469845309162,-0.005894054615910499,0.03905206134388673,-0.017496258875742212,-0.0009534626175789167,-0.0001379090804060993,-0.006890106284051012,-0.0034156842090318053,-0.007195463423520266,-0.005482316537148349,-0.13073457364935503,-0.025025800703470654,-0.015281126608750539,-0.001241423421799149,0.008456461241758887,-0.016689190168216024
0.006148716655804009,0.03382672002636731,0.0035913046205577354,0.004237437009776037,6.75092195577648e-05,-0.000916340633017631,0.00011196291331217614,5.0015008476899394e-05,3.261500713362885e-05,0.0,0.0120574205374351,0.009798318905301955,0.0007122480228265563,0.08127733158873936,0.01884880957996042,-0.000954889337795139,-8.738030603090942e-05,-0.0005221368762052173,-0.0033272387128395068,0.005651957627405085,0.003930994835863954,-0.06958183646407394,0.0113907436449067,-0.0009764975748493184,0.00319024057891304,0.043019025423334425,-0.0015362733964500786
0.005176682850777266,0.0007068620354218786,-0.009395961602547194,0.02006971360551019,2.0356039374444328e-05,-0.001911595635799255,0.0004261983948447556,4.8651704216458536e-05,3.913917621669091e-05,0.0,0.01421122430554273,-0.0062770948451391214,0.002609192541815387,-0.017114066079288462,0.06707711206535896,-0.0016893948789479928,-0.00016720087661924814,0.008802712323355449,0.003353556149508689,0.004307816149581377,0.0034776513710195107,-0.11292088912184642,0.013206929362796526,0.010350654956579558,0.0019794892528626476,0.03194786368974115,-0.0006657302516879735
0.00615905714595706,-0.008440399321824273,-0.016968498309080718,-0.0044306446029106945,-0.0001629492344516877,-0.007058775722176359,0.0005841798177085454,0.0002334994989888802,7.809199699275685e-05,0.0,0.001814660661074871,-0.007484672294977213,0.0021900054265615804,0.03899480701918497,-0.013953487157015797,-0.002446121242236057,0.0015153142768554592,0.00777973411533159,-0.0020367661047316524,0.0022433430762111134,0.006320569588639576,-0.07594506079833276,0.014799883968679643,-0.0009971581299353912,0.03158272102551669,0.028442683352240802,0.0176909073414639
-0.0025899433470524783,-0.010626310640634448,-0.0020926954301162906,0.002504452946116996,0.0002924259953752391,-0.0014795784282084375,0.001250692923275922,0.00012962866009435137,5.024505157808328e-05,0.0,-0.007140827771131169,-0.0033411505387223165,0.002473820830470655,0.013682763530206941,0.006119382860274927,-0.008448242051948524,4.272413535087467e-07,-0.007668758263236661,-0.00986961402324228,-0.00981277147588113,-0.012026058503664637,0.07909165637578992,-0.003393263356973285,-0.017334357269389075,0.0006238339376828104,-0.01020336748117907,-0.042168654148913784
0.014872675961358293,0.01981227965583835,0.004247357550462664,0.01094481123693212,-6.353141973523053e-05,-0.003049618683073492,0.0013524154848343804,0.00014092852739331388,0.00014286643237065088,0.0,0.005451090979567453,0.01815192265906619,0.0076361508782119645,0.06169102981637427,0.022589677978421804,0.0007636434336873792,0.0023640299229626795,0.014732725839953895,0.0039324510588271185,0.007127087380307188,0.0025067331870086535,-0.07703813179885882,0.026478895199210144,-0.001211650233124947,0.009707742866420427,0.057646791712153124,-0.002874303454593638
-0.0022252614356545815,-0.002530149601713551,-0.05610572822235787,-0.08271461376265987,6.54587152308042e-05,-0.0021399807718989576,0.0013092363718693943,6.413555697881181e-05,8.894116773715801e-05,0.0,-0.034061205236738445,-0.0033537740548997474,-0.0003831119520731401,0.010485051738501925,0.003869139277272364,-0.003680464433896973,-0.0041399959589904075,0.00043302753917221366,-0.0008739238861793126,0.00014256554751075962,-0.0006174712761260865,0.05120491829946798,-0.0329330155030913,0.0009497555939892435,0.0012173496152247717,-0.0024512999150689747,0.001221844545533196
-0.012607722989597699,0.016794844290513408,0.010192292933854118,-0.002319904568590331,0.000339899302657264,-0.0013223072059518088,0.016560336774266205,0.000247128956870494,5.704957375140089e-05,0.0,0.0016305760817239886,0.005759674845909427,0.009809220296227364,0.008201938253451148,0.004647774937165087,0.024362145129480338,0.00023187473092772706,-6.655378695027306e-05,-0.002973142783251735,-0.001085275803773767,-0.0041650008895891604,0.2112157071472191,0.018709602139391057,-0.0023511688082811636,0.007320301579857396,-0.0080255723837514,-0.013036964897529866
-0.008418781856099428,-0.05159483726481616,-0.01677512497569376,0.0019230132216227745,-0.00026903049493512865,-0.010546029766671683,0.00044446685459336203,9.97636504235172e-05,8.08272105696269e-05,0.0,-0.002667848433484326,-0.016868968806923488,-0.010929238334231784,-0.00364397134917238,-0.00581645795653952,-0.0077145893929000415,-3.738746815421869e-05,-0.0047884701816328255,-0.011204540627704804,-0.003893030910762676,-0.0045546160615339976,-0.10970269934237609,-0.04700765001474417,-0.010482428755331013,0.004927031919044358,-0.03712143126640883,-0.022702807777450946
-0.009485176785732853,0.01273322718180602,-0.0667184822469524,-0.007309749686103799,7.118325321494895e-05,-0.0009157680852432968,0.00016590043201627458,4.5159700940352885e-05,2.7689088553180497e-05,0.0,-0.007047247190715007,0.008257088059168811,-0.013301768869551691,-0.005404455174537531,0.0013852080673271237,-0.0009392949213792499,-0.00026694434904284256,-0.0026150979195008256,-0.003090282516983788,-0.003465366859705086,-0.0034264210694702688,-0.09935537353826716,0.011763320078945682,0.0010253926918511217,-0.007224215964044314,0.015473783285473774,0.0077751350261355545
-0.004436223305183846,0.0019860624961963893,0.0030575389591253705,0.0031800097842105426,8.00360103112904e-05,-0.0009426001204116262,0.00015279482383821375,4.587817876589543e-05,2.9411600238374395e-05,0.0,0.007532234848390184,0.006306954826409395,-0.0027584610891689372,0.06653328918267341,0.01820855380636568,-0.0010545798924271282,-0.00013834247236152328,0.00046364118080418487,-0.003165969036109959,-0.0035883316403715853,-0.0024698693417451356,-0.08581504297497654,-0.002321689376302536,-0.0037511759228063012,0.0005254140329954054,0.0227432206758674,0.02272887352996226
-0.00754995025166781,-0.02213763760215995,-0.015202887382452797,-0.007741558905685074,6.691190836952196e-05,-0.0009020436729170778,6.068741662367723e-05,4.916907245068944e-05,3.238335272923858e-05,0.0,-0.004692020205736853,0.003823732650455227,-0.005333440427328804,0.02207059826593611,0.004153403552893544,-0.0009395700551674413,-0.00024627457054442555,-0.005889940563400728,-0.003612186564642746,-0.0077823183986250625,-0.004185414219716003,-0.12516591104487562,-0.02687596775793631,-0.016584824688008724,-0.003956689663010321,0.005206612067905904,-0.012655281807981813
-0.003971664663337758,6.995793494055028e-05,0.0029781995435247924,0.0032968622194762794,7.836963807280135e-05,-0.0009473152525370278,0.00013153359208065464,4.543300472863915e-05,2.9485171477580243e-05,0.0,0.00206194440246344,0.007843760100504249,-0.0015497431715201283,0.06614350415403984,0.021123549105077792,-0.0010126843284673022,-0.0001380764669923865,0.0003988627372457048,-0.003152818133985417,-0.003325378743873311,-0.002148782063618635,-0.08585621153531356,-0.005854426635127723,-0.008065810054972625,6.226515871143675e-05,0.021673474153729777,0.025602289893406023
0.006156157176514721,0.014012663875823436,0.02437581871244083,0.0030133497070599633,0.0005409669933888859,-0.001020279853606246,0.0041828850878755375,0.000399124899570822,0.00087201364777756,0.0,0.0010824552611513358,-0.0022489772439997684,0.007604670497082043,0.011261486130444682,0.019985005860839972,-0.0013550990218601396,2.621172701276242e-05,0.009821043112234602,-0.006192988686636161,0.00022031810943974373,0.006252285974545919,0.315113189349729,-0.0015594446869243135,0.010291411055260446,0.0012843376023265842,-0.010868666699768803,0.019749278654241097
0.010877905519817163,-0.03484046433244183,0.0030172949212702144,0.0063500675267122155,2.3463465689334217e-05,-0.001679158132102099,0.0027959656628889157,0.00010233271912625495,4.89044845179329e-05,0.0,0.0011316691086653073,-0.0013305410348489408,-0.0066914546702077984,0.01536999668966882,0.02300414794682439,0.008240562614583584,0.00017285433213529348,0.005484326950773727,-0.008540395157075404,0.008901894150737198,0.011652433207635867,0.1601242909663384,0.07184850613329878,0.008661514336501195,0.006869499560867084,-0.0020149301237863708,-0.0007980693928874204
-0.008537797361579653,0.00989461031388905,0.004838983311148108,0.004182499500562349,0.0007885852199873653,-0.0017407907432628637,0.0012780908411137446,7.88384739999408e-05,8.579281389185115e-05,0.0,0.003693771777359599,-0.002383968056713053,-0.0004460826307764233,0.013235325156536411,-0.003504817498848663,0.0005962790347091754,0.00031032752478629043,-0.01605082627975569,0.009419581212884307,0.004191275500419942,0.005485352895627308,-0.12656389151757058,0.04966765286300254,-0.00035824412990353386,0.005801091303617378,-0.0170027512444489,-0.0033237787531510176
0.010251669542549366,0.029491979444679375,-0.009275884366881416,0.01819249302796227,6.29235588236708e-05,-0.0009262416977883186,0.004579572589152185,0.00014405059315113195,6.842664504751693e-05,0.0,0.007836541684112014,-0.0005857840776130028,0.014097591130878223,0.019697602011191993,0.005471354040088351,0.000695433975713516,-7.201898706975383e-05,0.009996059694157308,0.021326321253385867,0.01319695574350235,0.005925467679231067,0.18971594917833715,-0.017643479889389437,0.013748857335347066,0.006931494923078407,0.028813831039060562,0.0026050006050108623
0.0063207370923481785,-0.01319431804212174,-0.0241319463765133,0.005802152969316789,-0.00019828392727315233,-0.007415012051318421,0.0007511721216981024,0.00010033053749218301,7.31231045779546e-05,0.0,-0.0009075383317653554,-0.0009293740623883926,-0.014123009505422772,0.020576949059487683,0.001130549403159938,-0.004963385782722312,-0.00011934913573213506,-0.00455879654042345,-0.014843926924081405,-0.001416431074066142,-0.0008235530120326926,-0.07514619801359226,-0.01311849322866819,-0.01521188601001995,0.00545368225979346,0.003028110576998358,-0.012500140592427435
0.007458694271939086,0.009499095373231214,0.010060445653385791,0.004820671786684322,-2.6992057538722188e-05,-0.001870498466547388,0.0007547811843924454,0.0001694056541276007,0.00014606861169046378,0.0,0.00201909057699015,-0.0030054046290321577,-0.0012111542444956573,0.03940147480792366,0.015436520530575346,0.00021672871466380732,0.0012726252513945414,0.008700389964352519,0.008624359437279983,0.00023043689089646198,-0.0018721612011267528,-0.041003609128734776,0.00927465702943391,0.002974345459212685,0.01853495187907688,0.06192027057974315,0.012040954826053942
-0.005377976510102558,-0.0019656582375055425,-0.011901283568343322,-0.007803445536374297,8.567907080033818e-05,-0.0009107558423042121,0.00013079378778234528,4.7656385846941196e-05,2.648531741323319e-05,0.0,0.010829181821253683,0.004358363262148566,0.0014672566526741577,0.06557647446969367,-0.017138613347699748,-0.000847730212770798,-0.000186856785484895,-0.0020572590238802334,-0.0025070575172105015,-0.0033809813700197756,-0.0029876455464595037,-0.07096005881071817,0.10614180045353654,0.0009957432468357366,-0.0008049979633974595,0.024327233355316485,-0.0045922450378182945
-0.0034564844345385125,0.0055067251991889315,0.009960493414397208,0.006666288799183717,-8.365573182937717e-06,-0.003824041084407936,0.0003975243238807819,0.0001453319035234836,0.00011582058578287618,0.0,-0.00039895758853607824,0.001986676328824849,0.002828573026642317,0.02146405224249875,-0.013840471519655098,-0.004025630003985103,0.00047860749536327853,0.0080759089397674,0.0088502242679936,-0.0003714038338892289,-0.0036039690850956196,-0.10544821972626689,-0.009906616052956944,-0.008965263329251008,0.003972895557304777,-0.010614831854328464,-0.008241728680436369
0.003881037228311466,0.010389480434094616,0.0400640201911114,-0.008164988092811966,0.0004654602216436444,-0.0021243033788049944,0.004263913607993758,0.0002870231234284523,0.00021763397504409907,0.0,-0.0024864634436300177,-0.003238878279723423,0.005714638891938165,0.013534813279608251,0.020424515335582906,-0.003422829424279495,3.7103709459268135e-05,0.005071326537066439,0.008211235831632784,0.0038000582907189552,0.005174629254713319,0.27729544753739066,-0.013500939604717542,0.0038179106874013354,0.006945563622734612,0.003407068600847892,-0.0025639147284190547
-0.0070834127824694225,-0.004722217707885538,-0.024466475086542344,0.0028971221738033205,6.22769327967771e-05,-0.0021468092793744554,-0.011662920698290266,5.889767052978769e-05,6.34962334706935e-05,0.0,-0.011276923784554796,-0.006104833792061,-0.009594616294543048,-0.04425403245959336,0.003402849937743257,-0.0007703156994892488,-3.9533371086308846e-05,0.0026332053691288534,-0.0023310274916040997,-0.006780688747817565,-0.008063807751857176,-0.29846673625375075,-0.007398010186315296,-0.006677943139728189,-0.0075964295768482385,-0.019123226160223657,0.015203589659175343
-0.02517410514958686,0.0002788182346404995,0.009338502227156941,-0.011333009083850413,9.570063944899804e-06,-0.006712314428739262,0.001684297017004311,9.607214545509419e-05,9.294117670461675e-05,0.0,-0.0019338013925413362,0.005028281022293555,0.0032453624911225705,-0.0026188549592369927,0.002749054255730423,-0.0012803306743703056,-0.0005028038924078406,0.0076924034614977285,-0.006153269470969774,-0.007703031190669969,-0.00837359813507166,-0.13602870652476293,-0.01873081153806632,-0.00970862605755988,-0.0007554757448245133,-0.018385130374089176,-0.01823900259422654
0.002143004649265292,0.006299992498775827,0.030989713774034696,-0.007709899575639796,0.0005223478941387819,-0.0014499262189954618,0.0036421477800454,0.00034594192373189187,0.0006798445905488202,0.0,0.002065688563000728,-0.002577336699636165,0.01410222803450646,0.013041347571541205,0.022591697172679354,-0.001419398875918811,-3.158616828168178e-05,0.006817633425872832,-0.001198050033982439,-0.0029883304425193896,0.005101717707113896,0.2909444698308362,0.008446211562825556,0.011694903968400916,0.009891339380803882,0.001862216184749786,0.004705747721842225
-0.005558785080703978,0.0011951520679135304,0.008985953119878598,0.0035144446995408335,7.074974258229894e-05,-0.0008790060992726696,0.00017978675589054986,4.892127945222481e-05,3.041185973639072e-05,0.0,0.01195791953903972,0.006933479424811855,-0.0027481279373014183,0.08932153914301594,-0.006226104762923913,-0.0009492464560150267,-0.00010357525781192696,-0.00018901459972863407,-0.0033142371624581245,-0.0032905127134800487,-0.0027396765978765255,-0.0648391861266646,0.0290986310880662,0.02249091061720773,0.002381843671221118,0.03195174449162045,-0.004686737149659795
-0.013864015982393651,0.0032755738559175442,-0.009455060780895636,-0.06290717916771409,3.981877810388024e-05,-0.0022385582855207154,0.0024393109709026344,0.00011214730136357328,7.518628626270535e-05,0.0,-0.011248455139668316,-0.005250101524054178,0.0033853287510174817,0.010946850116895744,0.007870101099674951,0.0040278835174659446,-0.0018003015757679232,-0.03731644058711061,-0.044373161516306374,-0.0005872225955306441,-0.004422766123834059,0.03943267142598806,-0.06078276032529885,0.0017940994012404724,0.0034506565807336125,-0.00016896820941995688,-0.006374835130816774
-0.014268407881258329,0.009740656684796602,0.03327500705448921,0.004852582817288215,0.00046116246139372334,-0.0020186440231891073,0.003903839984383668,0.00031980882346452,0.00017013951280080535,0.0,0.003209743179526578,-0.0028119011434769702,0.006163789534027144,0.011969162035965377,0.009539131195570432,-0.0023806991396695446,0.0001432535316564797,0.005267089634612234,0.006548258663295723,0.003358919281091707,0.012741343722633905,0.25436390088254696,-0.005790662614761402,0.0023692154674167156,0.0022359738160612893,0.013778623503684062,0.0166522766254915
-0.010038856782686683,-0.006992917071303875,-0.029622140815787956,0.003182263253111446,1.1872466896395736e-05,-0.003668937214036127,0.0007070615894841319,7.093676661905875e-05,5.9004350354649995e-05,0.0,-0.0050386187497253685,-0.009750511368466748,-0.010355144209522427,-0.06301376764589696,0.0032132797521732303,-0.0020290141428881583,-0.00016215638149770105,-0.007321354837375982,-0.004689765444904802,-0.006946443176275291,-0.011919912641445273,-0.3291955365163878,-0.010723727289322386,-0.008664199749525411,-0.006598403687407898,-0.027898188821619378,-0.00012422778830110826
-0.005526295852654805,-0.00399284136392426,-0.01592367858197966,0.004870011389645927,4.3382245121641544e-05,-0.0020949615255334113,0.0001445048315743333,4.221677502129062e-05,4.8766593500100364e-05,0.0,-0.002275327592430299,-0.01048659458612628,-0.008495587341779992,-0.1468517516618158,-0.017173020298137966,-0.001327098158457534,-0.0002367872868247048,-0.000941369778721142,-0.0019379659204345828,-0.005690474607691997,-0.01000795751114946,-0.24072155477355686,-0.010515128344328632,-0.005780889782639027,-0.0006277688062556178,-0.029529538764233997,-0.003970783927598551
-0.0043062073090919945,-0.013450092945025862,-0.02724280420790393,0.004469317780637858,-0.00017693458284869496,-0.007428038137583893,0.0005750825469745602,7.445144434315772e-05,8.442261210838164e-05,0.0,-0.0006751373481088826,-0.01170674826456157,0.007704804870450093,0.019813730872017772,0.0004218442703509562,-0.0069075729133404075,0.0002157741803703111,0.0020192214900368135,-0.013195497328808065,-0.0023202363744076987,-0.005940468732867617,-0.05860060467482971,-0.004840655711113081,-0.0025609454308498395,0.007235315132249318,0.004644058836248063,-0.0162041913327025
-0.0014062896153626645,-0.0058801828340068136,-0.024058141443035214,0.006480018149396984,0.00030553574201473325,-0.001083572606162503,0.0024834948528432033,0.00013908576502068374,6.012475346120285e-05,0.0,0.0021844525928137568,-0.002557247478330173,0.013204335011018168,0.011806310145151749,-0.004574319180491391,-0.0022262535116916735,-7.013520854408968e-05,0.0019623750564007805,0.018225938754693284,-0.0014451200108040279,-0.0015849012748195466,0.1994922654409938,0.01512027967157981,0.009162869277801215,0.01025317516393312,-0.003277516878235274,0.007895572887122074
-0.00089845009765523,0.016747283510816374,0.020238229759555987,0.005623561360036289,0.00052807365292003,-0.001422985657225693,0.003936989255802798,0.000280016037833571,0.00018963087539744468,0.0,0.0016117519543013582,0.0005035490954399972,0.007362243093707704,0.009633504291843575,-0.018812563212339244,-0.0014053249426168844,7.772486928352292e-05,0.006545901784661772,0.010250478793545138,-0.0005230782659151736,0.005317127035515505,0.2851740831088426,0.013141626965053893,0.0040828539399665525,0.007442934780535546,-0.008868778040434745,0.02113984480923795
0.008150047201431495,0.01997093004521805,0.010291421906404844,0.013319221335818197,0.0001606793533685429,-0.0015160586243440574,0.002777089907555237,0.00017812217532749117,6.442826051720431e-05,0.0,-0.0015225329238393534,-0.0007785079397705294,0.020435857588521806,0.018513243986907752,0.007820087827609063,-0.0021525446843663216,0.00012255370251669953,0.005472359899997071,-0.02544272472268479,0.011907368680136234,0.015834360788215564,0.19088909944215102,0.007842270242260556,0.0064585837893189205,0.00519518379530759,0.020383411775165075,0.018005416397111767
-0.024821587270169324,-0.0023069052991105603,-0.018060139005805196,0.0015919403880568538,0.0003672914168437166,-0.0021127056790554953,-0.0009499543704880525,5.9300208722356345e-05,5.120820516301652e-05,0.0,-0.0068422340947526675,-0.0026739150332091093,0.004954715957577721,0.0032871536072152365,-0.003431379325679836,-0.010159806870879702,0.00017356227644627575,-0.009861211611861367,-0.02596253138613311,-0.04251082060313918,-0.03416600367071981,0.12449379283251552,-0.003842242683279127,-0.015614294627576887,-0.006168689962198577,-0.02143879794094112,-0.0273437559697158
-0.005590939766942206,0.002504690908076837,0.009602709387436506,0.00445590936854076,7.607981924776887e-05,-0.0008898082448300977,0.00018453623937774363,4.857455843861559e-05,3.001018810784858e-05,0.0,0.0005217476776852051,0.006879991283751631,-0.000506543137684147,0.08648546499508158,-0.00719374311079696,-0.0008924140556108808,-0.00013362246613566424,0.021693981269216196,-0.0031678045822344254,-0.0026841406880285003,-0.001937017396752091,-0.07128388133085052,0.011281646518319104,-0.0016740077648420063,0.0013888619837737401,0.02645952323244873,-0.004378204635364944
-0.008209938901809257,-0.014093688375749395,-0.015545644192993657,0.0020195675561539006,-0.00011652473359053588,-0.008237499230613314,0.0003727474236865384,0.00010810038093703715,8.237667062574942e-05,0.0,-0.0025031471980600513,-0.013347630811439038,0.004677116556783994,0.002170820043779283,-0.0337406671292296,-0.0066102641381581865,0.00011828833101839443,-0.001852252026242005,-0.00844104783711096,-0.006323550619272423,-0.006922734977068354,-0.06266939217910204,-0.04928753669726865,0.00031608209608189193,0.005185189741350766,-0.03344652788028718,-0.016413916382866937
-0.0049953890422829465,-0.005647198182025156,-0.030446409645592875,0.003980411161107488,-0.0001922447243099451,-0.007662484243793475,3.6989199666020686e-06,8.738862212741989e-05,0.0001491146611331123,0.0,0.0002449088823592042,-0.009160963653618518,0.0013999447954980493,-0.0024967555263816243,-0.0064728356105004355,-0.0069179918841320714,0.0001514883673441243,0.0033578055855920273,0.0011121385926999724,-0.0016914469232335882,-0.0012545010047642924,-0.14274004271174967,-0.0023959469039769275,-0.004609813867864956,0.0031119964452717194,-0.03459916867512014,0.005611533348484023
0.01592705105894948,0.010029814363899147,0.025096485676370933,0.0028272052787548228,0.0005244169750780268,-0.0013570703084288345,0.004453245199687018,0.0003398363834067248,0.00028745488784619395,0.0,0.0013083425470219701,0.00027747866718673284,-0.011359132649764844,0.012627249437675509,0.013814252276452867,-0.0011906552899441222,2.7390955097067285e-05,0.006022857510658028,0.01188668476216149,0.016246826269011562,0.006870791547549186,0.31767527231039666,0.007934610919633657,-0.001125180734306486,0.0027580239532390615,0.0004823804962230033,-0.000600474111847749
-0.04255397834420162,0.002842085100557595,-0.010797444913471106,0.0001849812980675475,0.00014161860873827632,-0.001897541845401031,0.0005193774853059817,0.0001068196981007486,6.42877318655322e-05,0.0,-0.01141317577921012,-0.0029905125770553188,0.003953251361203884,0.0070782154934251554,-0.15087597260772176,-0.0037538531129781153,2.2628750549854852e-05,-0.0017902059912092928,-0.016109505233827225,-0.013838230231097471,-0.017163511152137448,0.033247670490270845,-0.06300894043187932,-0.00411361790262854,-0.008753979704905119,-0.09400122028893994,-0.008322659809135163
-0.00901436563228625,0.007514563824799533,-0.0012090290738666681,0.0015362552121247993,6.605724625279278e-05,-0.0009014176320837743,0.00012650972495960834,5.0980627909317474e-05,3.284958338340761e-05,0.0,0.00747729297542846,0.009189536710703454,-0.004218108723136056,0.07277299025638571,0.006157003419384119,-0.001026126346066575,-0.00014187236872239417,-0.002982361161532702,-0.0032631663983325636,-0.002882119080897536,-0.005512203807619648,-0.0828325896044532,-0.0037118385400406973,-0.008444647510105659,0.0015326102837155899,0.03672317881987622,-0.004580995438011483
0.0072028393459827615,0.021335413710665052,0.0008697841867933214,0.0076121342737985155,0.00033515633513702634,-0.003756957932636872,0.0009793388261163912,0.00012342184209705156,6.147209094176135e-05,0.0,0.013488224204255663,0.028935282865340643,-0.0012648087133887173,0.05804152296178338,-0.008018130840371026,-0.0003993442341804857,0.0012156149295951373,0.00911671835635777,0.003721821578950291,0.0013703886240254057,0.0031529484144224083,-0.02066110494278014,0.025176047616275937,0.00855462381848026,0.013521737577629613,0.05172708963191236,0.04151296913574852
-0.0037903719708441987,0.03768296244015596,-0.006120346544120481,-0.005012588118068533,6.466401258232199e-05,-0.000868073779728037,0.00015988801868742055,4.426461510926138e-05,2.877183782962407e-05,0.0,-0.019838813997342736,0.014342158410577172,-0.008285409142848489,0.04455218558838191,0.005622282934585573,-0.0008695686642022282,-0.00020188589704757647,0.0015170512971211159,-0.0030580560816016503,-0.0025355201874888954,-0.0025874518016195066,-0.08261092287153253,0.022196354042990744,0.003032297250980301,0.0016511607957658686,0.019949981005829478,0.004231877881835589
-0.006832801931999304,0.0005924373483639833,-0.018165449266569718,0.004652812753448135,6.240078009524697e-05,-0.0008747487979027109,0.00018500415591987183,4.9424875928632185e-05,3.238942811971588e-05,0.0,-0.008348264762441944,0.009638425741266575,-0.0036510907898646573,0.037253518246122753,0.006992225612218913,-0.0007665551500871637,-0.00012099140662808165,-0.0010589827583766028,-0.0033172246990131387,-0.0039004641245825073,-0.002864737176869055,-0.09817460431765267,-0.016669292164556326,0.013231504923276998,0.000719942456948242,0.01640952634802641,-0.006137812493348668
0.004947721756411356,0.020392564517606192,0.005143871490927447,0.005856997124675341,0.00027373044963264077,-0.00240682232938515,-0.045860747508577014,9.836673635582004e-05,8.58855759230537e-05,0.0,-0.0036784243163160723,-0.002414924400058582,0.006777318576899549,0.015262466546380084,0.015056474849466603,0.0018943568171944439,0.00017283105303580632,0.004540215408132943,0.01753560806940115,0.006613388518386297,0.008240305616019827,0.1627945118600014,-0.010962166117366966,0.003199837217514846,0.004393394326540162,0.008604411949308728,0.012456559420844743
0.011932053163648223,0.009204820753963568,0.013719404830817655,0.003192050978591213,0.0005380885579483756,-0.0015688188786396307,0.003941618608149615,0.00038106017874181254,-0.012102837491740726,0.0,0.0017077606445715069,-0.0023877077353173684,0.01755518104455914,0.01089314447660344,0.01001520769014473,0.004241276488307146,7.031490579252172e-05,0.008467035522182968,0.0023302881641650446,0.015972875624237253,0.0034163821515094334,0.2900483278054595,0.013941311086664068,4.163338891264612e-05,-0.0046872896177219195,-0.007538981689409832,0.00026694610165421646
0.003983462602780758,0.03114410098592842,-0.010292946193210433,0.009699282348720499,0.00026752561790099763,-0.00016086879949358388,0.00637022116030823,0.00019235636246763994,7.714539667188141e-05,0.0,0.002681818696059695,-0.0020676257711821602,0.013608063013716065,0.015968638750738434,0.020673443983889997,0.015245357295372249,3.0232833505802106e-05,0.00498870853404173,0.0032331072293815756,0.006666610752971137,0.002985679913723693,0.19975704664352445,0.006732379102287233,0.012087005589247468,0.0006046120645971993,-0.009260653256346788,0.009817726083795256
-0.0016151205807146162,0.0013501065216949585,-0.013033915411114365,-0.016062014334278178,5.697816028709527e-06,-0.002716756791509293,0.0001961651608574922,4.635893268234372e-05,5.608954417731319e-05,0.0,-0.016317885262372333,-0.005938764775287662,-0.003605735427212723,-0.2446012564543224,-0.036446515693938926,-0.0008487100849067367,-0.0003917647732502958,-0.0014555517074442059,-0.006490165284188275,-0.0023579973862187164,-0.0019894213319944848,-0.175194736527382,4.731623925213444e-05,-0.007390129809025601,0.0030913812590113218,-0.018515181224650148,-0.0023038505195540153
0.011998979027047288,0.017912846306584455,0.026708603303382976,0.00945941734661251,0.00012058259293486456,-0.0014084677913916996,0.004634388054409109,0.00017369706777688548,9.862738131688654e-05,0.0,-0.0037934633395382404,-0.00215931728491124,0.009545034205501507,0.015640552572211506,0.0023511191943436567,-0.0001232280263987477,7.664665415688845e-05,0.009150822239772557,0.02368868329297914,0.012482478839691022,0.015037539214740875,0.1897068987203094,-0.016241140481616175,0.004713862362125839,0.006731856297922229,0.01421253250432104,0.011062374156866606
0.009952016489877114,0.007207899281440855,0.011043130571107526,0.00396535856737271,0.0006375976669123851,-0.0014104216499206477,0.004737851199010981,0.00041037925692956697,0.00022664062160022123,0.0,0.0019755027869185603,-4.2974576701881676e-05,0.008671932614499549,0.011172189867386618,0.01554676940110434,-0.0009176318784131114,0.00011363115043668417,0.004514945810980947,0.003661358350500656,0.008183019355141735,0.0028918156599879257,0.31096941753657015,0.023250051660544724,0.004830141873362408,0.009533717912613609,-0.003248467801917937,-0.001794307192351463
-0.00591587332341014,-0.03304247141013172,-0.03326749013742834,0.0015568937494723463,-0.00019919854607330697,-0.010173093821852768,0.0004331613661413506,0.00014600592544344269,9.160962124222496e-05,0.0,0.0012680327778301765,-0.014131645869706494,-0.010805728119003476,-0.0007079873763460722,-0.025402076690179166,-0.004013108420268478,0.00016956270936701332,-0.0027389497026657932,-0.003917583389941489,-0.005602336059276168,-0.01395437429919013,-0.14233915390969523,-0.011664741756743017,-0.003548227755822869,0.0036715444138174795,0.006936329873820292,0.002748875082970658
-0.006296797873763285,-0.009071179507172185,-0.003580804367048512,0.0037613472918873714,7.935751738741985e-05,-0.0009407505826282775,0.00015597188005358985,4.9304538986409934e-05,3.0018327764832612e-05,0.0,0.009673645331727265,0.007050069140003973,-0.00479526254135689,0.06647212851506824,-0.010178142870422215,-0.0010279403385817683,-0.00016474744768146227,0.024856557459387623,-0.003267132592156772,-0.003957224547439202,-0.004107173945782567,-0.10140776853112503,0.0030754077712377404,-0.009918307039900806,-0.001267043903967187,0.019044480082302792,-0.005705905591933758
-0.022637689201955406,-0.005724584594117691,-0.027807166542033423,0.0008814956545824347,5.291798921265263e-06,-0.003262745596116691,0.0005450733157280306,6.68991808938159e-05,7.538574608146581e-05,0.0,-0.00026656257493556186,-0.003954372008487839,-0.021921129805187015,-0.005822542034887644,-0.013864165814981793,-0.006597379330949505,-0.000414430657900415,-0.005062638076786611,-0.003741799205622372,-0.027008689146099794,-0.05226056797492109,-0.02511335622797935,-0.08505482999431918,-0.007839639976273986,0.0034554892064362973,-0.03354159584903171,-0.003985274584507372
0.0033551689999314163,0.016835876890181532,0.037110467639467966,0.004923632488696822,0.00046620978512482305,0.021104390231256962,0.004336506735666279,0.0004924946595016319,0.00015566163506694177,0.0,-0.0008334349907717674,-0.0017049741326979127,0.004697564181027468,0.0169908287549155,0.020702119493778315,0.007752702164153946,0.0001327334558684566,0.00553276970444382,0.013460860574362191,0.00546322648397001,0.011474287285104546,0.2200039324509201,-0.002026900981247592,0.006104146657629175,0.007778031111048807,0.004531788657246171,0.01906080351773253
0.0010208348662497718,-0.003536842365539693,-0.02865027490980332,0.008641379115180932,0.00032278193357815116,-0.0008980024487112774,0.002841523906254215,0.00016670750184847035,8.491347227919255e-05,0.0,0.002582231036318818,-0.0018635418609280964,0.009250034014185246,0.016089008910125633,0.018734091789552623,-0.001824702815005521,5.4890559442608946e-06,0.0031712652459944747,0.019454887449740086,0.002192303012808747,0.00020270617733905951,0.2043508623804119,0.0195469543338693,0.011501884264887198,0.020405836370074003,0.009159091461995601,0.01469517629998117
-0.002651967798975144,-0.03037652934253488,-0.013582592082211983,0.007344190380950857,-3.9412174682116775e-05,-0.0035068119806963877,-3.135193702485777e-05,5.9695578678430054e-05,5.535469223995088e-05,0.0,0.005207870860750999,-0.011398166071944972,-0.004617584804370831,-0.16223949287988434,0.01130680872258507,-0.0037005609314954627,-1.4861310310638365e-05,-0.0032964724298092537,-0.007174842691318362,0.0002484538662534089,-0.0032047905766736133,-0.11508235105879555,-0.02467240205887567,-0.011317396602660802,0.0034685277816975594,0.0018116529887326513,-0.004993674285711961
-0.0039352965370948794,-0.00875319627357529,-0.009264627838470488,0.003752233566130777,6.784436313825086e-05,-0.0009158088441956824,0.00017657664644160393,4.9724588542569437e-05,3.0512188290400485e-05,0.0,0.009574282898202722,0.004740766869533922,-0.0024379751378158826,0.05558476333457936,0.010426863494980032,-0.0010489487227859024,-9.790961212790608e-05,0.0003768040839962993,-0.0032857199642874983,-0.0033452346511770154,-0.0034246810890760384,-0.07859420797086505,0.01842188775492153,0.011977205914903002,0.0005317196223473827,0.020906183897679075,-0.002043978965535363
-0.008820503579502476,-0.0004573228991323506,-0.01051146156938116,0.004082525741283951,4.555282286072913e-05,-0.00259429302013213,-0.00018012321140566424,5.586534835084071e-05,-0.0013684580606064555,0.0,-0.029910312133104248,-0.007691095952856786,-0.007552668091755776,-0.2419578345906032,-0.05032941280715083,-0.0009346486380023589,-0.00015763482707228352,0.0026526517272816175,-0.007188034275812367,0.0028175632895940505,0.004380714405821662,-0.16361005244471255,-0.004498744083905817,-0.006924951991441353,0.007020721867045457,-0.028718311130545324,-0.0032616179717358963
0.0059086002912934355,0.03468953424840713,0.027577976257583212,-0.014025862167013056,0.00029800705344293,-0.0007959765721890568,0.002865797227319975,0.00011744944443756504,8.874505277653148e-05,0.0,-0.004925217111443626,-0.0032594525068879287,0.00939616832617081,0.01604226980904588,0.014571715558605366,-0.0016908664041246717,-0.00022099547178493673,0.005223067051773255,0.016583035497342004,0.005064625655566359,0.003260058716843111,0.21879175242516696,0.01605938227218146,0.012455791513879218,0.010608179167753253,0.0003591639206427249,0.013127097626668046
-0.009026707036445154,-0.1878787470228415,-0.031033372032952297,0.003444460328910257,4.651461296787738e-05,-0.0027849530662900366,0.0008602488339282284,6.86657335562948e-05,5.777544203056098e-05,0.0,0.0014043883692287664,-0.002189411011747568,0.0022785543139588003,0.007314422958188328,-0.06513813456283508,-0.0022793705959720458,3.633546741555875e-05,0.0007834852334538947,-0.023798007603746275,-0.00024235042156081166,-0.009858214678995836,-0.03391766265517444,-0.053085323025684715,0.0023229630011635497,-0.0041378650586504,-0.0348445473076148,-0.003005325454896049
-0.004495028070532971,0.008348766128283199,-0.0293215887911847,0.0036941331764421643,-5.2518274785168795e-05,-0.003051872993705233,0.0007936070245155945,0.00010301913188680802,7.083508968714655e-05,0.0,0.0066181176282569835,0.0004081320021345021,-0.006536916375362652,0.017110168924143822,0.004302066140265189,-0.0007545084764578608,0.0001757541167157295,-0.004676292833170367,-0.007363368285007482,-0.004993328697088419,-0.00109629344405797,-0.10220833479200041,-0.013498183426277947,-0.006810350600015022,0.00970394254584657,0.017886454272241344,-0.0022694596844495454
-0.004422135274764555,0.014092365644573663,0.02275963396165181,0.0087239931826742,0.0012797250213367197,-0.0015615760788323825,0.003551271700400345,0.000387649278927472,0.00010272692595255316,0.0,0.0015172975348290304,-0.0003637372552600884,0.010281945260757135,0.0069090165369459665,-0.013358097078937406,-0.00041653711981087685,0.00012538882381490265,0.007484687047184762,0.010044534587398016,0.003104804863689213,0.0018867410150454308,0.2766846739844657,0.035819738237790555,0.011438911599044279,0.009021574145234957,0.0012044941713200727,-0.001118443961088837
0.015936459866920025,0.009644597674614926,0.034651673608170286,-0.009294487556299346,0.0006530530665976413,-0.0015223093973854634,0.004871485373390943,0.0005140471296443801,0.0014041042063053697,0.0,0.0027547765848570036,-0.001982151906198157,0.005525390994658432,0.012633840997879803,0.013833204745611167,-0.0010829121038904198,6.561280458630948e-05,0.010197098192409043,-0.0040146599747505245,0.014768611974559922,0.006916978429883297,0.30394333403333773,-0.0006426270936755918,0.009441366493128357,0.0036215714241209394,0.004401673658536193,-0.012868129949069246
-0.001601681538571327,0.018560729030330236,0.011464884502148732,0.007059186935323179,-2.794534601584259e-05,-0.0013310806688799097,0.004744956720762136,0.00014546040265401729,6.10902972736294e-05,0.0,-0.005190302505618961,-0.000609048052002943,-0.018006407358662123,0.019520081992731662,0.008985614837289988,0.0011325700795976213,-0.00019242661735464306,0.003122436822292667,0.023567678082902884,-0.001545977884688071,0.0009278318623638157,0.15023339191789034,0.010444149688901947,-0.021164797422955954,0.003814561981315341,-0.0012725540376900151,0.007479509749517188
-0.008797205026460454,-0.012365351870284962,-0.008437710982296105,0.0034776000137683944,-0.00020104027967541004,-0.006067210299302901,-0.00037440279756133324,9.618602832776901e-05,9.11426437767455e-05,0.0,-0.0054397625781870225,-0.016339999572304406,-0.002049285565895065,-0.016983402604787114,-0.0004559993803504824,-0.0038940635052455513,-0.00016748964460057517,-0.006571627245079667,-0.001442950885205984,-0.0030455029678614185,-0.009538640488077392,-0.2241461435150478,-0.031597455089492625,-0.012092477655461788,-0.001163282411395262,-0.08298246401794035,0.0015700396273139955
-0.0009599216301154365,0.0026138038461499947,-0.016109988853017124,-0.022239513490610208,6.0514029049349484e-05,-0.0025572121265771477,0.00023844831205746357,4.361153374519827e-05,3.738191404367927e-05,0.0,-0.017848599469154826,-0.006753914796886264,-0.004495717639757969,-0.20695273476752876,-0.030630768927922655,-0.0005777437445285008,-0.00044783638141062716,0.000384786530400873,-0.004847459038030827,-0.0013173380394893963,-0.0014883607256601567,-0.1886080005352141,-0.005282272838113252,-0.007931289611507063,0.0018482022912794495,-0.02010812580434253,-0.0037498906769152154
0.008231572199318691,0.008116049489808581,0.022601027116940512,-0.0073752907111325865,0.00047246978729655704,0.014524739939156118,0.007628404091260037,0.0003482882547983411,0.00016108242547893556,0.0,0.0034963617644138177,-0.0013374195321196175,0.004806129532075298,0.013623425524150726,0.00885438303911343,0.0014413949255652396,-2.730776349796407e-05,0.007875430795192047,0.015971171197611635,0.0021065823363258913,0.010096252746440588,0.23163269691336172,-0.03421208381600888,0.00692175237190023,0.0032856093741166752,0.013656462282336777,0.01577742057725585
-0.011445136421896642,-0.031745592984231644,-0.024228183297462316,0.006283622319524627,6.184354984237469e-05,-0.0011858243128059361,-0.0011701224890562024,6.66294204013718e-05,5.041568510347498e-05,0.0,-0.017787436850028787,-0.004168906036084038,-0.03266197472387651,-0.2038588126570607,-0.0077477475048427745,-0.0039055094621130004,-0.00015687491357626267,0.0030962840857107396,-0.028553522900861626,-0.007909847624301587,-0.008231446496362625,0.05175043675686207,-0.005458181758444248,-0.0030315071560046247,-0.010513708613804096,-0.0039239678909715955,-0.013593279444613332
-0.006288717364218798,0.01017517170649276,-0.020003191795769933,-0.011864397969526068,7.807783462878358e-05,0.01952989522166801,0.00021854650939047044,5.190198738901895e-05,3.61679043230662e-05,0.0,-0.04389716967490011,0.004765270405621098,-0.004229859029278616,-0.13814194924445597,-0.0409367162405894,-0.0014314693985424084,-0.00029746446270931986,-0.0016376893039415485,-0.003247594997067265,-0.0033776360690882102,-0.0027973726106388644,-0.16956864235355987,0.00910587055254722,-0.00026465213058332664,-0.006049062337034635,0.010564200517439308,-0.004457378224072357
-0.00859603770243113,0.02713390381659838,0.015160243188688102,0.0031451822905109567,0.0002388190158074664,-0.001675370824098046,0.009205088552594972,0.00013056363707245356,7.652526516661386e-05,0.0,0.00133848912301743,-0.001365990445745986,-0.03880568649250069,0.013114604396322055,0.015970889493882374,0.020164740961855665,9.198813318410933e-05,0.006960173347516874,-0.030512252457329827,0.0009015530881593816,0.0008254192584906015,0.16570181203687465,0.0021383871570151915,-0.003482188525258792,0.005707712728563434,-0.017349442377410453,0.009626263716809087
0.009614865127974532,0.03173799230796517,0.008154593917209685,0.006000399126959451,0.00028054624009605643,-0.0008165759150396212,-0.025256019863527226,0.00016256032452070741,6.924514828655188e-05,0.0,0.0021791411485081787,-0.002005524993111288,0.014807882580584936,0.01502996645576832,0.019877101784460078,0.013269212760990435,0.00013925754063499548,0.00442774365644336,0.010464842564715054,0.004840019898101009,0.0047946856434244785,0.19606481771077117,0.01008115966607013,0.015724513037996678,0.006874127534784662,-0.00511335650134204,0.013259762672370936
0.004947721756411356,0.020392564517606192,0.005143871490927447,0.005856997124675341,0.00027373044963264077,-0.00240682232938515,-0.045860747508577014,9.836673635582004e-05,8.58855759230537e-05,0.0,-0.0036784243163160723,-0.002414924400058582,0.006777318576899549,0.015262466546380084,0.015056474849466603,0.0018943568171944439,0.00017283105303580632,0.004540215408132943,0.01753560806940115,0.006613388518386297,0.008240305616019827,0.1627945118600014,-0.010962166117366966,0.003199837217514846,0.004393394326540162,0.008604411949308728,0.012456559420844743
-0.010120034033891175,0.007231815965858155,-0.052635226747187416,0.005571701842220773,6.745423495688038e-05,-0.0008153011410973585,0.0002110146854720803,4.4818858804064223e-05,2.801206719533967e-05,0.0,-0.02093401392396886,0.007224886562673053,-0.012552342597474064,-0.011850042196697785,0.008378803199299194,-0.0007053854751573524,-0.00012203086892018317,-0.0007240914691532032,-0.0026899860049782367,-0.004322760221456928,-0.004064431414665381,-0.11285769520317163,-0.01440609329477549,-0.0005614124093634654,-0.0067225310400400974,0.009904086107857086,0.018850999561108955
0.011222420727220964,0.03507404841182063,0.03403623212487261,-0.0009398152916330117,0.000568817095307263,-0.0014597913587834205,0.003213034492571773,0.00010837776326328882,8.07272311008968e-05,0.0,0.005250239284595276,-0.005159109675170055,0.0078107334884850756,0.00793536539149994,-0.02660039373827999,-0.0024349647248538752,-0.00023493061672748793,0.0031556133226696283,0.014883079465959228,0.008040179972772298,0.005485599078723752,0.22590779152955395,0.009100100827755695,0.006183815879062471,0.00626519435500935,0.002063291999413299,0.00845014980461775
0.004229262847763154,0.01194898345783327,0.02467859819761293,0.003436352814852128,0.0005305094683276407,-0.0013892444984828685,0.004001430348405239,0.00038985500325900357,0.0015261368615060178,0.0,0.0012457875398718017,-0.0024189631524522124,0.012194045713618656,0.012890990280250628,0.011826922858047869,-0.0013830264310483258,4.2930340274183603e-05,0.007896252895066942,-0.005563304613993402,0.00011531673660616383,0.007251870743339824,0.3017000355040547,0.011905627721090318,0.01121325300301692,0.0008489046160208456,-0.006337190049047484,0.0062928574173401084
0.006701483860302257,0.018049797055030938,0.0019303603828330603,-0.031106037617321395,4.880437709574819e-05,-0.0011958466833236114,0.00305368982756486,0.00012021468029477513,6.479740932202157e-05,0.0,-0.0017530611454057267,0.005398786007800426,0.005420941890626986,0.020676178541047974,0.007152550059206825,-0.0004939684461376791,0.008348601559954691,-0.0004057985033152713,0.011965569433409004,0.0063435864436032765,-0.00021569375645814936,0.11483690608193792,0.01690365611536113,0.005101200318151025,0.010716427554708263,0.02032606757447703,0.007594803814046156
0.0095222254002992,0.013008001387612196,0.024651705273170205,0.0029572985141878244,0.0005245701120148947,-0.0010176111536174795,0.0059184088867196205,0.0003566622661081461,0.00011339453930769034,0.0,0.0014430975120816232,-0.0012363412071490483,-0.010570502860663087,0.010628313698559237,0.012868041063136812,0.012200775694432382,2.0428604387895876e-05,-0.0028707765980618884,-0.0035354104768099233,0.007737934849848411,0.005825053758799672,0.3105301643489509,0.012098238644742338,-0.0027574895960303745,0.009496071367899437,-0.004163196227809047,0.014396567563285414
0.008333331328628764,0.010757395772080597,0.024549981558448463,-0.008310399189602555,0.0005626276497668638,-0.0014385546799372162,0.003862177113338288,0.00039720957794994716,0.0006521452986733025,0.0,0.001525098914371875,5.6454661397095585e-05,0.010304599359347862,0.01095091875296777,0.01717473072317877,-0.001423158692730947,-2.340552111246146e-05,0.007869405530239747,0.0013890191321038739,0.005955362542632689,0.004963674731138964,0.3114047393919896,0.0024733549436212207,0.002914755652780417,0.0058415534566212245,-0.007565456653616132,0.0020702290544698026
0.0009982308292887146,0.009951141662875047,-0.0037420184690162184,0.0065169229494903115,1.830915357184203e-05,-0.0022940317114107114,0.0010523940448347185,2.608308983367597e-05,8.114219207317237e-05,0.0,0.0008844442428587907,-0.00324897011621539,-0.016571835377238206,0.012147130468501074,-0.005950241521018008,-0.004213120725218493,-0.0005963021909917989,-0.0032065582461326433,-0.0185463269946847,0.0019803220678064897,0.0006074266828584182,0.03563256567396175,-0.010416019611548762,-0.015605469154242204,0.014408251353464694,-0.06533665739482232,0.00308632900176135
-0.004835789935727437,0.009768436474744008,0.03296971826952385,0.0027029998366399437,0.00047348252988532524,-0.0016778300393217205,0.0039297412110584785,0.00026999354940325775,0.0004251343400499887,0.0,0.0016422549679726058,-0.0029994099604916495,-0.02685298817057446,0.013211389389062033,0.003989138905455812,-0.002131812124262932,3.4848551200197047e-05,0.0041582166644730375,0.01682171187925432,0.001645496242666575,0.005047216602952117,0.28514056251090597,0.013793659969163511,0.002083220684840252,-0.0022038545565667275,-0.002127458471960131,0.001425542557069049
0.00461317809996743,0.013162303702694783,0.03684929420216609,-0.006815420072077541,0.00048671300294565023,-0.0008129183075319959,-0.012256369914691171,0.0003286827255425539,0.00033561283383651123,0.0,0.0006810987705453345,-0.0021957871303927333,0.009068429741996432,0.01490342858553358,0.015279349099626548,0.0019187918979855652,-6.880536011419082e-05,-0.0075437045863431295,0.007845254261013594,0.0029184245694799473,0.007666744623936444,0.28236650250366013,-0.0014229398840060064,0.012429495741854077,0.009024786040884667,0.003511811665873354,0.0192192215309838
0.0005307037571067705,0.0008395658138948785,-0.03492031987625798,-0.011274524958534168,-0.00029906245704534244,-0.008632119034311516,0.0008202284535951131,0.0002124036990295952,0.00012247645584167823,0.0,0.0011406674304457868,-0.01007333802521785,0.0005382979473391447,0.01876941126737089,0.006684759577957454,-0.002682730618253689,-0.0023296113900638463,0.0026296651751445297,-0.0032830763189881573,-0.00437562210082197,0.0018130592547331889,-0.15521322919905814,-0.006477399375721578,-0.008286732312779637,0.005643492559015117,0.002905437370601347,0.008622997402951296
0.003319809782086025,0.011215834858443947,-0.010146338548581473,0.02405678952180633,9.135028427138457e-05,-0.0010718046178741596,0.00031444087641610715,5.314272205543262e-05,3.700423321783502e-05,0.0,0.006074517723836799,0.04236494279615311,-0.000522285283172531,4.267351555357358e-05,0.04881874579100996,-0.00033732527235854205,-7.797650227878997e-05,0.0023737960813041536,0.0437141448887645,0.0036965489419629677,0.0032689229964276423,-0.10559983554086695,0.007983147315072844,0.00596185133640626,0.016227213517398403,0.00046652474309919,0.0073617925899072565
0.010766342447503243,-0.0023464047925816434,-0.00013625502045529984,0.00771975669325702,-0.00010344548825838522,-0.0053142436532341705,0.001141138983554813,0.00011532639660310076,9.316378090657462e-05,0.0,0.005759580023505091,0.007801806558151354,-0.007588010163979856,0.043725771012707366,0.0031432143403588705,-0.002006033427852234,0.00041729371343295177,0.013387390436884113,-0.00897813840199772,0.006415061062746456,0.007409722222033772,-0.02629857524958074,0.005009790010949999,-0.008510477116978913,0.011034329585706886,0.015285469445015494,-0.007252881287529639
-0.007128744441497692,-0.012140498078849876,-0.023704194678837553,0.004909308451232753,6.62113440451241e-05,-0.0008935082533733557,0.00022006242940081662,4.829133161254335e-05,2.986194469698457e-05,0.0,-0.007228695912525823,0.006413130794028537,-0.0034339879588013247,-0.0021392013952115582,0.006160994881148919,-0.0007834017577151957,-0.00013281279614397697,-0.003746091666773044,-0.0032787157794331285,-0.0037987031919324734,-0.003481295218635669,-0.11073087816810749,0.0043395944031181435,-0.0010057197390030727,-0.0021042070686408624,0.018254575364157404,0.0019688722429839055
-0.007508891384113604,-0.017763562107996227,-0.0014664131989964315,0.003179690490000935,6.92422015115757e-05,-0.0009047690722085178,9.230710162087141e-05,4.985478403773891e-05,3.263890144115522e-05,0.0,-0.0011139547683065372,0.005342683475716665,-0.0045059297024527085,0.046156146448624764,0.008384307506043022,-0.0009252227460103247,-0.0001331501175115397,-0.005663154026359705,-0.0035412627223276667,-0.007512807074142172,-0.0036258559357546767,-0.11035116477112421,-0.008841850938349773,-0.013535444967594444,0.001297355785531342,0.011190183597473665,-0.008113616644279361
0.005491038850529478,0.014482042062284718,0.016396009927975495,0.0032666768607842885,0.0005372381872066605,-0.0014505982676519175,0.004847637392073036,0.00035310621614733766,0.0003023719236325254,0.0,0.0013765703129261998,-0.00314661328373589,0.007297098040363333,0.01187706462373401,0.01658843461110033,0.008465692969260497,7.813485841160769e-05,0.0024595642244575537,0.0014616491276041102,-0.0006983010966051657,0.006683092194399174,0.28622793316945755,0.005009059675649223,0.002970835391005873,0.006981659076635652,-0.005214044230773401,0.01531606928235659
-0.005740886133572821,-0.013599339761435566,-0.00033590791782719297,0.0038701008768650103,7.771772096969104e-05,-0.0009477045410259399,0.00010637281823369426,5.149545418710606e-05,3.0491993867426478e-05,0.0,-0.001427959326875703,0.006480842854523337,-0.0018782350703428691,0.05630008834584884,0.012910099654330098,-0.0010785436378641295,-0.00017667740317959206,0.001821356150070939,-0.0034275975985052316,0.0004434722456775223,-0.0020797590477588104,-0.10172085751901373,-0.008813297623867792,-0.008585422659446722,0.0017699859037855425,0.02504958091869387,-0.0001638746367765447
-0.01416371257588638,0.01212228642996097,0.005011965681354564,-0.0024281647366122074,0.00051615072722489,0.01221903471375303,0.004496842767582769,0.00042892038290097276,0.00017402849238510131,0.0,0.005399689392174693,-0.0016211639812672154,0.003949427731769452,0.01816452609791616,0.021416377243957865,0.007939843614226076,-4.208413421229985e-05,0.005156795437828675,0.019620454471286845,0.0035474617638296753,0.011274084921112608,0.22106459239021753,-0.007743873482692939,0.008715942434857417,0.012674713451606527,0.009585688812301712,0.023285925527991646
-0.0009337422966862113,-0.012836404263641452,-0.03675643301048506,0.00792472959648744,0.000298978308495279,-0.0016979102479610089,0.002214191611799393,0.0001413969234944307,8.93055351238514e-05,0.0,0.002497029802381703,-0.0027079994103517027,0.00680793237740922,0.01406278061713077,0.01701570546374488,-0.003588681849179374,4.903649714439934e-05,0.002996331437597737,0.021656727285841764,0.002330999320905768,-0.001975338071507192,0.18526718508180848,-0.0019129862293935987,0.004294864284574993,0.012348465206076317,0.012244100203386983,0.0004594092450716697
0.0021939198370937774,0.010144162569009647,0.019488434376298356,-0.004830495794138409,0.0005332125865159377,0.010379006729137965,0.0033087579937355507,0.00036479193961523815,0.0004932413375551217,0.0,0.0025847393855572202,-0.0013655138353696817,0.016449602926628164,0.012260500148539757,0.016834009446043383,-0.0007724544853623704,-8.419845543596334e-05,0.008013122843929939,0.00653313880111482,-0.004672199427971555,0.009741583271795865,0.2650270235484588,0.003439832769952841,-0.0007723166155373749,-0.00024327942207184942,-0.00899896929144736,0.025204913671119666
-0.013803874863407119,0.0015036114156201173,-0.0015442203339515492,0.004892721225928378,-0.00014112671362293518,-0.005741395647836675,0.001638470381832358,9.55534520376153e-05,0.00011747474203993282,0.0,0.0022081354184431265,0.0003207589808639937,0.001428551732572713,0.004347748257519232,0.002363972107848794,2.8298275254498308e-05,0.0005253846476136368,0.0003460024457662013,-0.004723618233956332,0.0010023922975139377,0.002638933051709889,-0.13710530545545913,-0.008383011235811822,-0.008231174478483387,0.0015253302245102252,-0.03820441671560286,-0.007859908199965293
0.01755341194234741,0.013249201867275406,0.0037597442279268907,-0.005220587892596798,0.00016876608359304247,-0.00032344383881637153,0.0009779569849803467,0.00022355938606702497,0.00013619835623008127,0.0,0.007380587548364232,0.015382756820982644,0.008172287073045823,0.05909841937690557,0.011310327893878517,0.001143833034213434,0.007098519738953283,0.008035734759953604,0.0071891338488480425,0.010834069640868452,0.018631993018398744,-0.027982390171629706,0.020158855789004705,0.00135479685733641,0.021976620337421572,0.08432998197670208,0.017030113357484687
0.017367806498507537,-0.007225719650951292,0.006824824348452327,0.005956335188464767,-6.153555675728264e-05,-0.003087373687406598,4.252850168885864e-05,0.00010714943604383925,5.9709260652731394e-05,0.0,0.009141859098879022,0.006061648167633831,0.02293547861543388,0.07722317698291897,0.01764657338793133,-0.004796419079667419,0.0009257273488221977,0.02426727113985604,-0.0005559897364160384,0.009781944378740002,0.0008336888023764449,0.07172556151408817,0.036499661575815655,-0.0002541264424095268,0.013260788316191634,0.02771452722942088,0.03768906158531128
0.004163952771323678,0.029517751734243435,0.012086999163819922,0.005971015967175342,0.0002810130227625728,-0.0009195247371455863,0.003797911781304335,0.00014070195359890155,7.142688752832036e-05,0.0,0.003613643115206765,-0.0029925149627312523,0.014136471813864014,0.017113249471855097,0.020874226609115438,-0.0020909007065717327,-6.648343580034649e-06,0.0025864587129959126,0.012040991679651855,0.004242374481780236,0.005095793913601521,0.23664220978907027,0.011739116075959469,0.005773209282009522,0.008197325053309105,0.00826962354587062,0.016563323777082188
-0.00591587332341014,-0.03304247141013172,-0.03326749013742834,0.0015568937494723463,-0.00019919854607330697,-0.010173093821852768,0.0004331613661413506,0.00014600592544344269,9.160962124222496e-05,0.0,0.0012680327778301765,-0.014131645869706494,-0.010805728119003476,-0.0007079873763460722,-0.025402076690179166,-0.004013108420268478,0.00016956270936701332,-0.0027389497026657932,-0.003917583389941489,-0.005602336059276168,-0.01395437429919013,-0.14233915390969523,-0.011664741756743017,-0.003548227755822869,0.0036715444138174795,0.006936329873820292,0.002748875082970658
0.015204233455586743,0.010847447708993133,0.009755182687857782,0.011638895435890483,0.0001168004512497554,-0.0013546198304998742,0.004803017792392163,0.00018324323592903112,6.63573546242368e-05,0.0,0.007522367034781539,-0.0010390523597912469,0.011022730714097925,0.019656455535891654,0.005297223141509436,0.0001221608949038809,3.268840857786417e-05,0.0005294692106528566,0.018852066187946964,0.005109428481080404,0.017346687948981327,0.16541535639479094,-0.010521628975713206,0.015393052938785194,0.009031196235559006,0.025860808039024106,0.010177824138416648
-0.002968428207830668,0.00017310723429291497,-0.019755404952006027,-0.019584068105728172,-1.0803054590359539e-05,-0.0028245534583485107,0.00024337889691144243,5.642815181365703e-05,4.753312719651335e-05,0.0,-0.020545934753572602,-0.009947014985023898,-0.0064740048533706625,-0.2190202860959763,-0.01617859005439642,-0.0006704753334389594,-0.0004710839545765152,0.0017546062506908781,0.0026006663931254855,-0.0008079392973425185,-0.0016796259951377774,-0.19935240866950205,-0.0061184058756703725,-0.00634604989108443,0.0019240409624055289,-0.019978352533484584,-0.0033383057628620567
0.005614760041681866,0.002639138203159696,-0.010386601352810982,0.015652358248454568,2.6750364280774338e-05,0.022391666947328696,0.0008892941905621454,4.04883166833117e-05,0.00011237026573459818,0.0,0.010370883099544865,-0.004273154628314333,-0.004312844909486684,-0.14567288570240167,0.03023442973262401,0.01252247909240618,-0.0001369920010779373,0.005238067321031377,-0.006032914340569755,0.0023238513931353446,-0.0016814605500449257,0.014637996541198229,-0.002231821968546062,-0.001569704489926565,0.008684341365705214,0.011126251129450435,-0.00253883214535491
-0.0007196361012777268,-0.012225975160270882,-0.013707150482922514,0.008611148548647899,2.0801753599405594e-06,-0.002979847731430031,-6.545589082704808e-05,7.803710448693889e-05,6.814821470756684e-05,0.0,0.002486353922145076,-0.008544767749014887,-0.005377731480741307,-0.18997983044733183,-0.00986306152583073,-0.0022281456097923515,-6.17862995123504e-05,-0.0012321081248562243,-0.004517593455067984,1.4621083014482366e-06,0.002443261142605655,-0.11526559337215035,0.0010894905495708288,-0.004704290354464022,0.008552654411616949,0.01931292822932651,0.004085915214349493
-0.006251284768275077,-0.021401414792059,-0.02386136591531622,-0.006455219885140096,7.357947531117874e-05,-0.0009784047810639247,0.00015791106180777718,4.463210075732249e-05,2.855289071448707e-05,0.0,0.0007612104899470882,0.003213997553574522,-0.0040273252184799884,0.0057508348399348975,0.00815023561616487,-0.0010577348900038632,-0.0002741613920027969,-0.008546231822079555,-0.003196044304538349,-0.004301176270797932,-0.003179609942190231,-0.11718604573414244,-0.019580292601475736,-0.006855532207414578,-0.0034628599643165493,0.013088062053314463,0.005873534667265123
-0.0035886917552202754,0.0052052360034966615,-0.029650946778523177,0.0007512697017324238,-0.00015810719331344074,-0.004613575590448501,0.0006724255645955151,0.00011958464078299088,0.00011656210435616615,0.0,0.013075584565740683,-0.01308784431180304,-0.0031218755036181173,0.0032876970371001108,0.006596072573701851,-0.0013110901244079568,6.600774658984044e-05,-0.0009214128138763354,-0.003879941396521814,-0.01045039032891728,-0.0115532241176117,-0.1143317484440407,-0.022200681453788836,-0.005942372233323133,0.006111646667021221,0.029204198052315687,-0.008693737315063964
-0.0031439406179058662,-0.031137156169827408,-0.038086714145807804,-0.006773011606416044,-0.00023516485910611654,-0.00936238505854124,0.0009565531366166564,0.00016270166805820176,6.191479352097517e-05,0.0,0.004887887708827902,-0.018712586683381757,-0.0040090522260780425,-0.009269486330108758,0.006375778941264767,-0.0031048584071249907,-0.0004215551243769237,0.0005481670322562055,0.0034046962123020653,-0.004871052886499276,-0.011601032303201798,-0.15884844892852482,-0.00199635695481763,-0.00846617901472217,-0.00553404802914743,-0.0024464201796868487,0.007172798020857217
0.004799450005717501,-0.002056641141163381,-0.01232568586324169,-0.011535179014612847,-0.0001928518456730271,-0.007441349507039867,0.0010853019579630618,7.411836629138226e-05,9.977685195980639e-05,0.0,-0.0015234302760384502,-0.013069055773091096,-0.009357510679350456,-0.0061703142461182825,0.0016287933255980651,-0.0004587522898350537,-0.002898301247208516,0.004806613184828512,0.0011335101682161217,0.0011834499598486184,0.0010056347328431191,-0.1672152025010478,-0.015236720996713193,-0.007216418342355952,0.005447314156971038,-0.08328007464326437,-0.010423294036888903
0.0050396194044645395,0.012550446493465093,0.02902524890097108,0.0037149619410219935,0.000501257322532304,-0.0017921852443189118,0.004028298934794316,0.0003601280224188901,0.0001902208736795693,0.0,-0.0008480928372232583,-0.0027229729782300804,0.016102917961632577,0.013977344462137163,0.020460762015289603,-0.0015087795522583907,8.705996910556551e-05,0.007632885391645876,0.006000998110975608,0.002906575301418641,0.011075079747815094,0.28467804688573184,0.007242137553610188,0.0034331512615120327,0.00030719579038268304,0.00826014856644834,0.003172758694877102
0.013769893088885824,0.00802449818356629,0.03163687023845452,0.004038403618347754,0.0006227244148855427,0.012042436792847012,0.005429283998995834,0.00041530570486486334,0.0004678870495362129,0.0,0.001994423522106668,0.0015783433145928367,0.005361994802529436,0.013682997235489134,0.015423966263912384,0.0005954885284307592,3.415617427418468e-05,0.007403666779801561,-0.00567269075983524,-0.011340044443196475,-0.009415093597958992,0.2542169551131853,-0.014340703411774455,0.007939852677923988,0.000823048320053885,0.005064159733156185,-0.026586503686071676
0.009175945311185034,0.010464075704476427,0.019612821588379896,0.0025182516464100804,0.0005766514943106199,-0.0012697511517035887,0.0041644492575995985,0.00043007593210890604,0.00026632753121139525,0.0,0.0011664889770991484,-0.0013196862325080066,0.00740841698555183,0.007867239834626458,0.011373483444084072,-0.001159372168445943,3.084531370457189e-05,0.008192662329874232,-0.004056076023884117,0.0077127889297880625,0.00304611785038376,0.3292442154733481,0.011980589677730167,0.0035716934032583164,-0.00425134546389795,-0.012776158151469026,0.014000258869017046
0.004513624654352494,0.029274142833122165,0.013762077736974002,0.010335431418212158,0.0001761447425089387,0.02533746279097862,0.002632681527464892,0.00010541191732273033,0.0002258076813391358,0.0,0.002069153835127693,0.0009239410608461882,0.015913181435130215,0.02267294135277854,0.005377402848339588,0.010834324496412192,0.00038486439795223096,0.01681038276799092,-0.0003406999738670301,0.0028946126533306283,0.002203377249025074,0.09350228909835209,0.03616889547701234,0.010299689101023628,0.010024032207163573,0.0015855933623911943,0.0009144603773257379
-0.011298739353479878,-0.001161764715294554,-0.01845981734809541,0.00524952436916334,7.520508558652449e-05,-0.0034121186187116405,-0.001476551104113965,7.066485225834781e-05,4.523488865069433e-05,0.0,0.00449932809574282,-0.0024465079319296117,-0.037825757510602395,-0.31183599387385,-0.00012754474179527714,-0.010121881092661352,-0.00010733569235335726,0.00047106412402401885,-0.0002585515074964204,-0.004354634615704835,-0.0015093121770743633,0.051016894317401064,-0.03425857962314375,0.0014620239962226582,0.0006084014656025265,-0.010356549270795826,0.0021846954872841865
-0.00220133487263606,-0.01571757269229604,-0.0305603053366179,0.0031773799444029813,5.422739771838641e-05,-0.00653498721276357,0.0008394718084121416,6.236758563886579e-05,5.37821857928236e-05,0.0,-0.0029603607172883598,-0.007857035358391882,-0.013715801908403602,-0.025017655212722142,-0.003143335567599202,-0.0011416104769387285,-0.0001540049726073733,-0.007295946114196362,-0.010051679288117772,7.983766907013988e-06,-0.0011068441531556774,-0.2900303761443291,0.02007108660676378,-0.007249246050350989,0.0036638327623279934,-0.04274640589029224,-0.002576864185611769
-0.0037742778860646027,-0.005553192569693717,-0.0014424321572515696,0.0027906506040182087,6.683187184360452e-05,-0.0009977581557521677,0.00010716249936364217,5.125609860367816e-05,3.33660742074093e-05,0.0,0.0038990121286575138,0.008456979622572492,-0.0008744738403546461,0.06567877796911362,0.026433879014440095,-0.001009473483206363,-0.00014166230108385983,-0.004141719782317155,-0.0022627815486014405,-0.003214184441331437,-0.0008951877496654074,-0.07450706001994963,0.0017038106246776595,-0.004915034523081503,0.0026898937051842244,0.02332723378608525,0.027595046056022754
-0.013808861294694445,0.014063007220867334,-0.002576427132782727,0.006233452197783967,0.0001772853198100568,-0.0022266166719604303,0.00017099226111905527,0.00010561590690989488,7.07064634251099e-05,0.0,-0.0037914514207818785,-0.002737645518686275,-0.03438648759083996,0.013336356219163967,2.6073712200546804e-05,-0.00879980831685133,0.00012658475780255119,-0.005359892301873176,-0.05162153838414067,0.0027346022631137886,0.0027154642562637545,0.11950624466347261,-0.016547824393385792,0.003383689190190364,-0.00017498365695019927,0.010620909029316965,0.007652848083781309
-0.007258016782463368,0.00030670278618331843,-0.0070730973942118676,0.006022454431962146,5.878944553041898e-05,0.01595181166142933,-2.330745917618332e-05,8.265722442590214e-05,0.0001190196381428803,0.0,0.00592833768618363,-0.01086844754419056,-0.008028997466794032,-0.26528124640939293,7.509587896721905e-05,0.006061392134395264,-9.423670624425824e-05,-0.0009348980194862069,0.002370281276267675,-0.005420961209417841,-0.00561917885789749,-0.15147554675158045,-0.002092225841731191,-0.008722158502645953,0.0024792281269701466,-0.039925745234608026,-0.00033893568824123555
0.00758447961803801,0.016137920186384304,0.016060113510163475,0.005458569455912247,0.00015147718478019143,-0.001118595102758,0.00417804280134761,0.00013363130331409373,8.233217158929377e-05,0.0,0.0038043381270079463,8.808487225801657e-05,0.00993904535858833,0.016633009341370523,0.005855662421825622,-0.0006298130174609739,7.462354914967397e-05,0.003781475089145217,0.0266467435832594,0.011772645235710097,0.014516481964941015,0.1794559863041698,-0.023350200063612648,-0.002268475954239638,0.007777781680948736,0.01944008620500275,0.009734636125576578
0.0028787619036858385,-0.00020103500901520358,-0.020773318702502114,0.00350158741952429,-0.00016338389918445678,-0.006694585076781829,0.0009632567249086982,0.00018077867767371482,0.00027528761282838866,0.0,0.0048689119661162955,-0.010438547368542727,-0.006047621826541854,0.0037736413334556887,0.003855056655949718,-0.0009174064686315001,0.0006246321591867423,0.0012812370388499603,0.025641484261474213,-0.003417964654486249,0.0012902351837790393,-0.1471572394881732,0.0027716620726802197,-0.007378420617611248,0.0066885158724197015,-0.00839996202670232,0.012641189863739256
-0.0066952116710356285,-0.007959629393564581,-0.028534620576928675,0.005745251393569158,7.09218759921327e-05,-0.0009382874400639997,0.00019886245719463318,4.8848801162064327e-05,3.000369776598732e-05,0.0,0.0143765714677024,0.0030865934142149977,-0.0035369964513214495,0.011833969309760634,-0.010510681178358712,-0.0009991158663993562,-0.00016765091173075115,-0.008007710785105204,-0.00348510730263058,-0.003401222933124624,-0.002688415377746436,-0.10558345777160234,0.012112731488722864,0.002772477463302864,0.004255281881226516,0.018005630346591417,-0.006424482434179446
-0.007845331509142042,0.013652506118449299,0.004555910318736672,0.005384021098585323,0.0009639092899119163,-0.0027791449844684767,0.0014999147255808848,8.307492726688435e-05,9.663024241983527e-05,0.0,0.005658270861101263,-0.0014531240588512577,0.00148494442864993,0.03473256720437375,0.0013454256665925012,0.0008057535892689147,0.00022797300305172177,-0.0020095691454694994,0.010123858136183779,0.011311414281461015,0.013768606867731329,-0.1053718088369918,0.10197288834516285,-0.008420560630440665,0.015407311228276235,-0.010017396693786587,-0.0012310300911141663
-0.004323932613265939,0.05854688152677105,0.01308250840310302,-0.003153464206928058,7.068962886815784e-05,-0.0007932906082015359,0.0001330966862046384,4.807506842706675e-05,3.0128062485217264e-05,0.0,0.003176765575752502,0.020018053900496914,0.002679367470917359,0.11164538928124365,-0.00446288905208622,-0.0008438536998424358,-0.0001770438268767264,0.00193111276764301,-0.0030521354694239065,-0.001273546582854225,-0.0006648743804048341,-0.039426553863648926,0.0326218289253411,0.02368162813323015,0.005595271930374422,0.03530220219186953,-0.003263154981793513
0.0019992396847553764,0.003696013251137231,-0.0077704474443566025,-0.009359803139747934,-0.0002838156117020727,0.023032648656315196,0.0006932279063630912,0.00011164959620985539,0.0003185810101384171,0.0,-0.0008819398525529693,-0.005845550774205743,-0.0051040606758789315,0.023593343960232743,0.0060973384724144755,-0.006815943269462006,-2.2844660264470925e-06,0.008117418947168943,-0.004165044991949488,0.00035868619474814354,-0.0016879198037670449,-0.1054135434960667,-0.001010829802497077,-0.006875906517752691,0.011610599074140013,0.003752175061522471,-0.009621326126117245
-0.0018540896002931316,0.0026768358610040686,-0.007433170025882259,-0.020519658291293725,0.0001193144955257669,-0.0018164121578892614,0.00011890320787396474,6.994910500943565e-05,3.589810227816756e-05,0.0,-0.02122290524873298,-0.006713522412620155,-0.0028664999143539283,-0.22885311290904772,-0.03310914157836002,-0.0007220200574139752,-0.00043790749020958833,-0.0025525129642115438,-0.0036027473223953156,-0.0006410679545984329,-0.0002860014913486549,-0.17493777699367283,0.0012507958212771909,-0.007097565398460146,-0.008041653859576454,-0.010527710794854352,-0.0030154760326806637
0.005763407710894962,0.0018871646326630287,-0.013857142954652514,0.012355706177271683,3.252138027882325e-05,-0.002633923660096278,-7.85902595987818e-05,6.190865254043841e-05,6.272599496300281e-05,0.0,0.00687520419610435,-0.0026406178672966707,-0.006866207455575905,-0.23953078834537148,-0.004644416414061718,-0.0015756395281995908,4.8062924070815806e-05,0.003202199821152832,0.006759316842836086,0.000984127455357872,-0.0013723029996188356,-0.13105774871971776,0.006901797644135732,-0.00587388978686145,0.007529596292583651,0.012719756550383415,-0.001676733644518332
-0.009067974143278479,0.010581520999884395,-0.05933611706445106,-0.012285488056533414,6.481905745744041e-05,-0.0008466368482071514,0.00016732299170315836,4.422822946861261e-05,2.8205860080222234e-05,0.0,-0.010568240572838249,0.01109229149276326,-0.012275441413966996,0.005556296404649574,0.008693159448542381,-0.0007942565160262584,-0.0002115384258048089,-0.0017938695495675913,-0.002390872860425977,-0.00418943763620892,-0.003951760649124878,-0.09873570035153455,0.020156683351909063,0.0008775773504116056,-0.006196382319932817,0.019320988186378254,0.006825710860330339
-0.0014477889937987095,-0.006231975330395011,-0.024632220943962765,0.003195157625119929,7.555738215518832e-05,-0.003010384043251092,0.000886994168335275,6.155183258028298e-05,4.762654158937988e-05,0.0,-0.0022100275244044264,-0.007245555572711937,-0.012344196318906762,-0.04668153686882862,-0.004060499553366666,-0.0012943981393788665,-0.00011684426885988723,-0.0012684264637822253,-0.008510986650661988,-0.0005505673166805553,-0.0013205773866517957,-0.362586160924975,0.007120646546836614,-0.008212912335421712,0.003640436490495872,-0.035787321983178265,-0.0010564756448644681
0.007879466129267357,0.015030480750489069,0.026967076131006785,0.0037516358142131987,0.0005766603207014472,-0.0010255749811431529,0.004887927949981759,0.0004251917717639083,0.0004621614999301083,0.0,-0.001096079221790182,-5.85288650229228e-05,0.004933927983790665,0.009750247244867161,0.014433989376015036,0.007035794092389899,8.914582589458932e-05,0.006149278788093697,-0.0022034325280607565,0.007323177919579717,0.003279798963593127,0.3143511043021135,0.009679027338191438,0.003634735220388575,0.002611589685889054,-0.008504297330407312,-0.0013310066568515495
0.005571447515022098,0.030271851263039322,-0.010300481661899574,0.010555553982185733,0.0002583081410244574,-0.0009750705879838048,0.003774419407318572,0.0001457247784575423,5.774548707127818e-05,0.0,-0.002239002750688555,-0.002987406855374486,0.011948258167938732,0.016922399029155676,0.017548792341609734,-0.0001677281981757878,-2.362784095094161e-05,0.003962757499545981,0.021730758706379732,0.012815934858974991,0.009037354590373366,0.25422539203521644,0.017636121979266596,0.005847929671149639,0.012827354039635355,0.0020557483544976587,0.013269889239619121
0.00329590373263733,-0.008963470315099946,-0.014270601171372292,0.006028809485541766,-0.00013641570732151462,-0.006448407167535762,0.0009707105266806734,9.304872055517075e-05,8.235355149514818e-05,0.0,0.0021674453148072727,-0.010526822180590053,0.008022595609066426,0.022623899199914106,0.0062612746883298626,-0.0041723921490077745,0.0004222360975836653,0.006529592207102549,-0.009180076099152792,0.006309038450992937,0.0026780452243003704,-0.03198365957181261,0.003278061368602499,0.0015898267835582369,0.009299958492614143,0.02063431425893683,-0.013048599112675663
0.0009925183495933824,0.017839424993515856,0.007252088823946296,-0.0024010279498762345,8.884216373208765e-05,-0.0008806811522183472,6.220653439503892e-05,4.8549314805727085e-05,3.0085736054647734e-05,0.0,0.001671789826861634,0.015025046598517156,0.0011377783797597858,0.09524136598782132,0.013093043976537504,-0.0009674974480589985,-0.00021405402141047773,0.0028049825548681754,-0.002549615450856635,0.0038085284987907134,0.0020718840890304904,-0.05195527917796576,0.0005371466604510089,-0.0015917548647499953,0.0007436824236372149,0.0491470578125377,-0.0025686182786330285
0.010367375160444543,0.026168266634616952,-0.014778860270241074,0.015390715712115711,0.00010295336422283434,-0.0013236171340138205,0.004447481003222383,0.0003696636690541773,7.523079191225571e-05,0.0,-0.003990040166058556,-0.00020500947717395581,0.012969726036412438,0.02094990141196709,0.011740078907358655,0.0008887797337252516,0.00017728120950557107,0.00967579721317408,0.01737406429194576,0.01492786430698754,0.020569109517085796,0.18049643212714891,0.0016786167478818345,0.011395587231054008,0.014763595264407464,-0.010749966743121836,0.011330217986463552
-0.007948021266357373,0.004584587537703581,-0.057086158023798544,-0.015543603411301234,7.18529688276716e-05,-0.0009371356739888133,0.00015920981262769203,4.7542899191013986e-05,2.969124017864317e-05,0.0,-0.007638025765773555,0.0065536669759360565,-0.012486908874765322,-0.017599005606741193,-0.001462180819254343,-0.001048912019438747,-0.0002833725381245905,-0.0026671662624999236,-0.0028680974389005717,-0.0034177647799651144,-0.002993529433900981,-0.11587750759031168,0.0032065053593716454,0.0007697503093331591,-0.005925895285843316,0.011562217929726362,-0.0060956854763259734
-0.0010793430479135334,0.014431699164704985,-0.003184537605902517,0.007821325663537562,8.914292997205368e-05,-0.0028343615876845513,0.00014847434881855206,0.0002052971180225459,6.406951414725831e-05,0.0,-0.0054963303218391575,-0.0026388291674565084,0.01055374286210338,0.014925905040562957,0.011849361937429944,0.006344185601543977,-3.8258461915215996e-05,-0.02717528679040567,-0.031241292040766155,0.004120081484955578,0.009213499246105619,0.09689579464929063,-0.035743449703442676,0.0016458219866739377,0.006666405931710273,-0.018637980368006835,0.006370400758259652
0.002811035919295462,0.010205949005808066,0.025105614403135367,0.004655846815889447,0.0006441096235737249,-0.001374290482522804,0.0038477382813965,0.0004368323649497668,0.0001325938038396349,0.0,0.0009360486811203896,-0.0017460185669629091,0.008446953070672473,0.009480506372681568,-0.003855238523092925,-0.0015021641940319954,5.256031940653109e-05,0.008801058567713195,0.002805979247286423,-0.00013293485400971467,-0.016254533473995927,0.2822890024931933,0.008319856892806269,0.011149611273640177,0.0020667146359172627,-0.013534537155512335,-0.016123271331792643
0.014367832441164151,0.014533894739138737,0.04097086497192948,-0.00468507251133368,0.0007936307165717446,-0.0013172783916411833,0.003627862845337149,0.00028181975732477363,0.0007850869140839219,0.0,0.0027723194642553044,-0.0022930251638302477,0.005104260481059287,0.007656695619753125,-0.05167984797393297,-0.0010824271082924878,-2.197553640167018e-05,0.0064282262729265386,0.010781680659514965,0.010633563441096,0.009816006105525325,0.2914368436699862,-0.00028056692237232,0.008775725576760695,0.009620758358087064,0.003042952226530586,0.002596066459601711
-0.0014062896153626645,-0.0058801828340068136,-0.024058141443035214,0.006480018149396984,0.00030553574201473325,-0.001083572606162503,0.0024834948528432033,0.00013908576502068374,6.012475346120285e-05,0.0,0.0021844525928137568,-0.002557247478330173,0.013204335011018168,0.011806310145151749,-0.004574319180491391,-0.0022262535116916735,-7.013520854408968e-05,0.0019623750564007805,0.018225938754693284,-0.0014451200108040279,-0.0015849012748195466,0.1994922654409938,0.01512027967157981,0.009162869277801215,0.01025317516393312,-0.003277516878235274,0.007895572887122074
-0.011297033196268408,0.015650992501800725,0.00019675876908783617,0.004730765861161938,0.0003818987926401814,-0.001217002075857494,0.002689542147395923,6.370840133358527e-05,7.08743008223216e-05,0.0,-0.0009518991986546582,-0.001977057813350148,0.00665972035023968,0.010328390981063015,0.006493029592160718,-0.0019197378948190296,8.251753989614097e-05,0.010288505824067635,0.015754042911040517,-0.0033149425761507226,-0.010184495504213914,0.20274699240810062,0.009301765801299603,0.009950453385252344,0.004783012953077226,-0.007166300099378704,-0.014620822558388471
0.0016641549954735423,0.009158376642390727,0.030639875632985855,0.0031233877086194197,0.0005682133686880349,-0.0012100806042082606,0.004102044671927072,0.0004153908345597555,0.0007721146578899748,0.0,0.0008375191198630397,-0.0025809926125069985,0.006588439801659485,0.012388595756537793,0.018823939789013592,-0.001483977652985507,3.952845628635174e-05,0.00890983380408579,-0.006244851455453981,0.006463546419016012,0.0029993927242411085,0.3133560079991421,0.005088099155917776,0.0111138642829839,0.0024256891070216346,-0.006497697962953048,0.0075416810120493465
-0.012148537869345864,-0.002218597501066581,-0.029609153799612577,0.0037093625431660277,4.6897278189444044e-05,-0.002716935729932004,0.0006412161594083421,6.908593902119795e-05,4.4682885541026247e-05,0.0,-0.001852438516621631,-0.007951489769257622,0.0027615235287295034,-0.05181544630308526,-0.030142498850040098,-0.0009182916018172431,-3.095779165770916e-05,0.0023628442787297756,-0.003737930051698194,-0.009493339128615576,-0.013820457019938474,-0.33398367293237813,0.0013875191599109,-0.008528540089579243,-0.013912701004924664,-0.02206451621285915,-0.0037788962824503967
0.005599390756507187,0.013927496171743403,0.00795338385759486,0.004442075013562723,0.0006314980996783754,-0.0014234763325967875,0.004566440591624959,0.0004009537806365866,0.00019906960451489505,0.0,0.0019173265824214125,-0.0003285657780854842,0.008146637688281048,0.007751996385345502,0.016744830542250167,-0.0009221335760780637,0.00014065327846774238,0.0045226327426118595,0.009125951003529628,0.0067836498560263575,0.0020168966518442012,0.3066606931028482,0.024662780645425347,0.005029348431442319,0.007637546997830293,-0.009653032907570027,-0.0007280158413957317
0.0047023495352849715,0.017058520244196112,0.024180753908776945,0.004810725346537886,0.00037535828093949737,0.0117940926371722,0.00387135829652177,0.0002451244550925562,0.00012844162697914593,0.0,-0.001392639293345273,-0.0020203847739946055,0.011104820242337447,0.016911328972573362,0.01088577981208552,0.003389571294935876,4.504340866734738e-05,0.002775349198573099,0.014065867864357788,0.007018012804936062,0.005957826450335878,0.2250476800225375,0.016276213804394236,0.005990376425958518,0.0020510660696939796,0.01961886511129865,0.005591313292930702
-0.004302486065300725,-0.003926455097647328,-0.00228440571416459,0.0035226168183285687,6.813716997446143e-05,-0.000890417726707395,8.824543902677618e-05,5.0831063462512455e-05,3.0938822499644105e-05,0.0,0.010239914270115988,0.005525089625610688,-0.0016420950575885588,0.06713889921796727,-0.008092679161722793,-0.0009373542157969249,-9.862012842355415e-05,-0.0012245425487677395,-0.00323436317768244,-0.004958528491938234,-0.001245560197071515,-0.10180323795196215,0.01941575990732829,-0.006487266584297789,-0.0006084879461334159,0.019210690392688305,-0.007732107459614949
-0.008393543369659659,0.00938804377002779,-0.04845712464540302,-0.013634282491664488,6.29065104679672e-05,-0.0008483273771536332,0.0001330662657728446,4.398836846011903e-05,3.100798558719731e-05,0.0,-0.008198188583247749,0.011358929920855534,-0.009351770856239573,0.006388682352852343,0.017269365294334756,-0.0008313498935424727,-0.00019891578109070457,0.00044817730376932677,-0.0022814761206281318,-0.0033656911535052793,-0.0027735822076359095,-0.10006195221969054,0.011012446456959146,0.0016319992249399248,-0.006131301576856081,0.01828449384108013,0.010765707039135552
0.0020728201944153757,0.011245848515341317,-0.001002416394977391,0.006344308800993979,0.00013436618794092988,-0.0016796855263670149,0.002294099355151845,0.00017037181185367324,5.914904677201097e-05,0.0,-0.013442435708942338,-0.003991080904167091,0.014173361395026398,0.009935022648625327,0.005267001870719251,-0.0027425812374325905,-0.00019320406992035256,-0.008720676993572688,-0.029221385483343812,-0.004294103972709621,-0.00681140405617398,0.12358724256808819,0.002560772992622018,0.005352263367806966,-0.002877702073890343,-0.029323279654858564,-0.001875171363744124
-0.04564777220565572,-0.002500502288470069,0.010248112682406925,0.003232195332093702,0.00047645904604846413,-0.0015984761530327665,-0.02407931107810411,-0.0001988251856732645,0.00011064002294300451,0.0,0.0002974914522161332,-0.005304116509815639,-0.04672660498871393,0.00416608423029774,-0.0027668362202639242,-0.0011080074545493607,6.191229431330136e-05,0.00034171964051323976,-0.0016262334096096662,-0.0392453794635541,-0.0663199526290872,0.1518374524897958,-0.0312215159390307,0.00047717408177024864,-0.0021214760149864532,-0.041186029325771,-0.03059874706332469
0.013836015053065516,0.0033971317347764557,0.002013099616624545,0.005310601558172782,0.0002437986955397751,0.0006203249371728718,0.007476542107747397,7.09847346434098e-05,7.572819147753807e-05,0.0,0.008421960010218024,-0.0004794360134354977,-0.01777776076303055,-0.1263579220396937,0.005349608909491095,0.009259093599803404,1.0862640867891031e-05,0.005208259376920189,-0.004153710150656553,0.011734908620890577,0.010692631882739204,0.1619897496536232,-0.009429889621632825,-0.003619130261654154,0.00757323828980161,0.0019491886683399473,-0.006429207561621527
-0.01438889991057339,0.004800643227817927,0.01816283070656125,-0.014322227012665164,0.0007846210025273648,-0.0013757127544389996,0.002874144088096722,0.00022248326115266144,0.0001319286662813932,0.0,0.0020317056069164147,-0.0032453716452659214,0.0049451529171676695,0.007396846202380764,-0.07729698870034814,-0.0012059326198209448,-8.528855103319389e-05,-0.016910214990628523,0.006046312709238861,-0.011417749234893988,-0.0345546284949533,0.1821282304477498,0.013438365010981286,0.006037535303477086,0.0007837338151330263,-0.020802729878233367,0.0005363306995124792
0.004962031034620798,-0.012444490576447038,-0.03048037789055532,0.005332364027172472,-0.0003387950899874796,-0.006820327909043143,0.0015078093027330825,0.00010263130868944769,7.543474629639138e-05,0.0,0.00218858412155767,-0.00957584827718274,-0.00877798624637507,0.024755225834849428,0.004030000789567121,-0.00012045229249908369,0.00015912325979436568,0.0017963104854046127,0.0006005311794892535,0.0032521858426782374,0.007239203124826645,-0.09813108486493761,-0.004442206287655427,-0.0037640517804984606,0.002813324358185877,0.012016885957266745,-0.002735115744711038
-0.006288717364218798,0.01017517170649276,-0.020003191795769933,-0.011864397969526068,7.807783462878358e-05,0.01952989522166801,0.00021854650939047044,5.190198738901895e-05,3.61679043230662e-05,0.0,-0.04389716967490011,0.004765270405621098,-0.004229859029278616,-0.13814194924445597,-0.0409367162405894,-0.0014314693985424084,-0.00029746446270931986,-0.0016376893039415485,-0.003247594997067265,-0.0033776360690882102,-0.0027973726106388644,-0.16956864235355987,0.00910587055254722,-0.00026465213058332664,-0.006049062337034635,0.010564200517439308,-0.004457378224072357
0.004935664984175918,-0.017305787542083454,-0.0025228709090020186,0.007717834654620507,1.702141006960525e-05,-0.0013856052324960396,0.0036341348447867287,9.035494616128399e-05,4.9756700530074205e-05,0.0,0.0021858557128363,-0.0004974744853097312,-0.01731725193621755,0.007788785531892967,0.004907467923906629,0.0007516308857788277,7.691568539793234e-05,0.009354187879599844,0.016029246108462902,-0.00044745089127818337,0.0010402304696723362,0.17056477178423332,0.023132154123967064,0.0008521432018502409,-0.0005732957774273412,-0.0034037102413823615,-3.5463961976326257e-05
0.0022004120661645696,0.029617222359637846,0.028938095755893543,-0.01215034357657839,0.0003083121997498717,0.014814193556145877,0.003065132693565248,0.0001423809944919667,0.0001502479226267687,0.0,0.006063177392064504,-0.002315127795725172,0.0068638468401168535,0.018371295965100832,0.01998948012234464,0.012502523825140539,-0.00015760334029563317,0.0077389247838126965,0.019602628728563415,0.004717554993176543,0.006012990750823641,0.19192134834114283,-0.0049436382703219595,0.010322349033345404,0.009149642230322228,-0.003345777504673974,0.012672025363459969
0.01755341194234741,0.013249201867275406,0.0037597442279268907,-0.005220587892596798,0.00016876608359304247,-0.00032344383881637153,0.0009779569849803467,0.00022355938606702497,0.00013619835623008127,0.0,0.007380587548364232,0.015382756820982644,0.008172287073045823,0.05909841937690557,0.011310327893878517,0.001143833034213434,0.007098519738953283,0.008035734759953604,0.0071891338488480425,0.010834069640868452,0.018631993018398744,-0.027982390171629706,0.020158855789004705,0.00135479685733641,0.021976620337421572,0.08432998197670208,0.017030113357484687
0.0028791471708095734,0.015760519940386443,0.004568607418493013,0.0020329864976359542,7.190714603659916e-05,-0.0009725680904522181,0.00014279447132706688,5.2326862503465946e-05,2.9908133806493682e-05,0.0,0.011230932444048249,0.011781020080615124,-0.0004603447241580133,0.1030334479429635,0.03126860751043523,-0.001092843576738333,-8.038007533155973e-05,-0.002296442480914519,-0.0025987690767014385,-0.00011192319834143661,0.0036417318451595834,-0.05602117253411368,0.009336193103404163,-0.0031349831570849926,0.002862319906268194,0.04450638124185755,0.014043366497588673
0.014900516698025093,-0.12850213814563524,-0.0036140735651348558,0.005040099669662907,8.24279467459654e-05,-0.001769244638924173,0.002600349266750751,6.789707358880695e-05,4.989436234155132e-05,0.0,-0.001046251806592892,-0.0019764452900337365,0.005564646087304438,0.00863853662144773,0.019016893849590433,-0.002602416915841268,0.00021582455274376017,0.0008430743433763439,-0.010668006425627853,0.007699625795530527,0.015314503567493904,0.13519717144506144,0.04463806034426863,0.014135007967062239,0.011403075674332443,-0.015075391338125126,-0.003575206493737692
0.004249932775324999,0.01112111886647487,0.026267589004410525,0.003837386926783107,0.0008249815653299166,-0.0014078544248402054,0.003414013324289884,0.000321358167750211,0.00013539330405034158,0.0,0.0013280393887008797,0.004073121765630541,0.00967952710875599,0.007282076327622867,-0.05189437141782949,-0.0007716445268346098,4.907405117583919e-05,0.009904486367728949,0.00045921754349684594,-0.0016513523055507891,-0.016024037508270455,0.2774046813179943,-0.0043684332764638446,0.00889811008653519,0.0061406176450107515,-0.01212477565112091,0.007715897779312994
0.0024354583512429806,-0.003976422253619493,0.01945364738829478,-0.008803796230842272,-1.8965835663291968e-05,-0.002778867613636461,0.0003955094657361711,0.00012253032405178343,0.00010450278570623691,0.0,-0.002344990234283103,0.0009759662814154479,0.0014188513882604458,0.015357507404725875,0.0044094771526033945,-0.0015351221376998618,3.075849512329343e-06,-0.005019832306802018,0.005786089097455455,0.0025445514206419426,-0.0012907275297092812,-0.167307046486838,0.005999693833404064,-0.007964393606853139,0.014780640640572591,-0.03715282143167774,0.010660710147501374
0.0063364645815878464,0.0014759833590190887,-0.00026056558414923076,0.006851223778930089,5.9690228096385854e-05,-0.000980988348370281,0.00036719314518449575,3.877298734094824e-05,7.70598846727614e-05,0.0,0.006795325321988698,-0.0022153379780417743,-0.01649316294474642,-0.18343498400538558,3.46434806960051e-06,-0.003012894793123287,-0.0003153891287083633,0.0001524213108743041,0.0037675631408779606,0.0013168673867803916,0.002324761320884193,0.0833380148900395,-0.00749159918613988,0.005249128525706484,0.010758395697948809,0.004323403493296967,0.0033529266506307663
0.006964027134101759,0.0267303313267101,0.013502359150834505,-0.010207221959059033,0.0002484828614621523,0.01416706007346551,0.004149510189001284,0.00018400334230424,0.00011523789054607622,0.0,0.008668018092999094,-0.0007496118605126127,0.011957902130476854,0.02258301073286396,0.02062279504324821,0.013430917348096491,-0.0009172897353753524,0.0019531001164523499,0.01870293084682607,0.01318396072564083,0.0087065427723651,0.18462804311128558,0.01368431800958998,0.011074579296265387,0.00804121768338001,0.013404466314865146,0.015355127628398725
0.008984917200778875,0.009445088676468427,0.02581179772723784,0.0028147190578478617,0.0005708550304461861,-0.0009628605749174846,0.005368085511155294,0.0004822518979442651,0.0002667097436475579,0.0,0.0011508305330801619,-0.0021675019070143894,0.007123214478732401,0.010282108273709054,0.013287450895390534,0.006634627310594226,6.733679380061265e-05,0.005889520642742577,-0.0028832805880055694,0.009341951505196698,0.004072551396703519,0.31159198189084814,0.009152215456347652,0.0034228649044140916,0.0006417393079354868,-0.008825602001194878,0.015124708444357043
-0.00977142621781052,-0.021170451706761906,-0.016473723895500926,0.0018116658892582225,7.825516121543175e-05,-0.001105220555767836,0.0001260804542111849,4.675186034975697e-05,2.815096848858206e-05,0.0,-0.0019807817965451697,-0.00036649206529594725,-0.007076177974369992,0.03851021961377318,-0.0335846347766026,-0.0009631256154980059,-0.00023630132944897758,-0.011244949298648388,-0.0030506481922873262,-0.006880947523364744,-0.005620874909015226,-0.13270965219123007,-0.013796128046479294,-0.02520062816404267,-0.006948276552905983,0.00586680637625763,-0.010917902048222952
0.005345173531764612,-0.11678212921590564,-0.05353168064132585,0.0028157061551896552,0.00012019264364587533,-0.0020707246318052213,-0.014266031422556696,0.00010396197320351025,7.875400340981687e-05,0.0,0.0010918470369511936,-0.0022711881379957085,0.0020997681533399684,0.008819453286921465,0.007777391085522697,0.004301432100653119,9.675788555606786e-05,0.0008448677798483894,-0.010813699225634596,-0.003494962988819079,0.00012412203307709884,0.09997295682568358,-0.05403351009116773,0.009798051367125015,0.003633559933288322,0.040135123355413076,-0.004979383113656686
-0.010552213277602454,-0.009450913805623266,0.0010339896978843353,-0.013496787178735106,-0.0002776280615522225,0.002847543517133156,-0.00011409598903656886,0.00011828751150925753,0.00015733418781826273,0.0,-0.00890059252456875,-0.012365850120419053,-0.0006989523151463425,0.004346573434790268,-0.00662189477753786,-0.008988123949265278,-0.00029243287404148564,-0.046705708314228316,-0.0014247142242745207,-0.005622575724270058,-0.007411681702803371,-0.1693688523085551,-0.017679659977114712,-0.009704856243791141,0.0027767463933904223,-0.02898102577124969,-0.018924792656457513
-0.005068411952108386,0.03216873792425292,-0.01207007253283365,-0.008071994622580306,6.61075763766451e-05,-0.0008076687701811286,0.0001693547084019442,5.0316111712429614e-05,2.881109195137966e-05,0.0,-0.003574734898357101,0.02043243877539615,0.00014605907116940566,0.0840957182495283,-0.002840301554850282,-0.0007747543106542912,-0.00018300811208930972,0.0006042018933559266,-0.0025699278882280047,3.583044367332258e-05,-0.00020652086762952443,-0.0488573314500872,0.15840456888789523,0.005347706572737516,-0.0004181404676882074,0.03663488563926309,-0.0013612408604654856
-0.028181383099535204,-0.009269545300307176,-0.02243200976124378,-0.009427181188313032,-0.0002727466546343933,-0.008278521379968056,-0.021366147217306855,6.820697082207383e-05,8.314293031673135e-05,0.0,-0.0016445687761779055,-0.013555814395396259,-0.010795557015988383,-0.024060841289616594,0.0013252127031980945,-0.008287584608103775,-0.0007281631257281143,-0.004630516489840991,-0.003874416203551688,-0.0017749066982380955,-0.004724742321966653,-0.21290172451139341,-0.031546356764250036,-0.011256779077290476,-0.0003668217063888536,-0.0465051221660297,-0.01715870157659265
-0.007160001765254751,-0.0035622700537396574,-0.009975667918038576,-0.01737209000790966,-0.00025359530143517816,-0.007461595182645221,0.00021866634050887813,9.005745824628128e-05,9.456649320896601e-05,0.0,-0.0023838764852479374,-0.026363574728954044,-0.014266219650827694,0.008607412645458504,0.0013493910420752462,-0.004975134715356445,-0.0006953284931347525,-0.011721986572745495,-0.004628192364060703,-0.005907686349831509,-0.001772297237130102,-0.1316523498288847,-0.01853477852356827,-0.013934615657526468,-0.0007018965297412552,-0.02131689236082993,-0.019685695482086506
-0.008198833421365098,-0.021384922857983078,-0.00913334772428492,0.0031940636870737183,7.116166003489141e-05,-0.0009426749452775184,0.000157254440621829,5.119071470268087e-05,2.9589166828427464e-05,0.0,-0.002161447417432979,0.0025721045582933724,-0.002866196276286128,0.042632274126518974,-0.011971330716528,-0.0010215583149325153,-0.00022331163801503264,-0.009335484151719326,-0.003323494712948024,-0.006160862469017654,-0.005650984444869134,-0.1216370273879191,0.003685196141076417,-0.011730473874973814,-0.0034030996347165577,0.009510679483559202,-0.007474105387062455
-0.024094723115182928,0.0019917781875591796,-0.005522804604459803,0.004203349814926066,-0.023244806083044512,-0.0035069795304564053,0.0011973929697697513,9.474651172158467e-05,7.895919254712327e-05,0.0,0.005375633375689835,-0.006790080957986015,-0.006672084520758676,0.0017697115701658416,-0.003676718454993417,0.0004333319122082214,7.048635518755076e-05,-0.002842997630988939,0.002412513108446543,0.0012496781704491135,0.0012241058096874218,-0.17562090740250497,0.013146298318824362,-0.012748757286573518,0.001449797359922411,-0.02458016584326591,-0.006474244546938502
-0.003978772410676181,-0.008408491476310393,0.0033208223964723174,0.0035880048562336973,6.321894022237609e-05,-0.0008734308113502944,8.285980857275203e-05,5.09716655833625e-05,3.14629215871921e-05,0.0,-3.123177376439714e-06,0.006685804795523624,-0.0018617362440154325,0.05495791832992644,0.009539680171881178,-0.0008682680947408546,-5.695907602186199e-05,-0.001563631440809055,-0.003163459240142391,-0.0003580863070220786,-0.00141602083963019,-0.08968072707148268,0.00793473002757687,-0.009322827972852004,0.001769679693449654,0.02035872855458076,-0.01118877399534441
-0.0013034416843480832,-0.023279206210832997,-0.02376744837990987,0.0032683472461697742,6.621299620290722e-05,-0.003160464848297746,0.0008564783789514379,4.851015645015865e-05,3.898163943632921e-05,0.0,0.0015942641811988306,-0.005871350607967177,-0.00652666744125019,-0.060856075942765625,-0.03586230484820574,-0.0009430880727229887,-0.00011531223848932295,-0.00789511926645951,0.0004357724211319246,-0.0005483654757190719,-0.003065081307249887,-0.3488819951404352,0.01318212637968718,-0.004515995376610075,-0.009292848043982694,-0.020532630193704597,-0.00534086383175038
0.012206343556919448,0.014529893376463548,0.024192509846247552,0.0036721834357383866,0.0005380866183086777,-0.001172731535822186,0.004207754091918086,0.0003999152445815852,0.0003631972250930691,0.0,-0.001183987001584446,-0.0022801564109586657,0.005984574400548194,0.014159311499205463,0.01827631303630498,-0.0011855471099511859,8.265171534523374e-05,0.007263469198365001,-0.006107203649322284,-0.0002711178183393863,0.007624532839348733,0.28695058687829983,0.008149432921157265,0.013044784964830127,0.0083085845096583,-0.001979165580175046,0.0021554622668115047
0.005016377778117477,0.013570098999510801,0.02342089812801044,-0.012083290202814222,0.0006608856230428977,-0.0014510882069303328,0.004508332133176409,0.0004792506964562825,0.00029778496343981707,0.0,0.00172193993106125,0.0030581914733126794,0.011972996902878797,0.008420386230115677,0.012713280141095056,-0.0010648163793984728,-4.613645063082898e-05,0.006354214108230046,-0.0010471162602874045,0.006350920828408189,0.0015389570886619834,0.31931558630997897,0.0027387323614557306,0.003484682453799745,0.006245460085558631,-0.010911030199126369,-0.01682608962622347
-0.004455946098563821,-0.02016861018322257,-0.015772113628687624,0.007405726144866981,5.3224599802024025e-05,-0.0013719733822937122,0.003990235231015918,0.00010800585116772346,4.97463832523906e-05,0.0,0.0036054061508231563,-0.002226844633233697,-0.021880294784875274,0.014277587595621226,0.009554395306896323,0.0013502979378177359,-0.00018914852347159155,0.004831656619248102,0.03039330693709437,-0.0027525944166967953,0.0012825522322373112,0.18496074711333135,0.012687998952968576,0.004039567125847215,0.04579694610053323,-0.00974376597858344,0.008094328740958282
0.006264158633872337,0.008376352745846836,-0.011626565184416791,0.026265384501087927,8.20336860037917e-05,-0.0015369278914837302,0.0003504686410171975,5.644054239058092e-05,3.772245475507425e-05,0.0,0.009022016907468828,-0.006547054482699098,-0.0019918544489618884,-0.04732094409327249,0.032164837458411734,-0.0008632870040499438,-0.00011773012890373418,0.0030721034732249697,0.003712574595769105,0.00328182597343438,0.0020484759142075735,-0.1514281249431152,0.008976734130513277,0.006391405427197882,0.02561004099354741,-0.005068259127911811,0.00938723436931612
-0.0228773775734211,-0.015398072362130217,0.0024388661083623083,0.0032949302868425104,3.767440604549357e-05,-0.006082719038118363,0.0007874692313414802,6.140865339469626e-05,9.145326210183319e-05,0.0,-0.0029517890852766167,-0.012696766819673851,0.0013709575372227284,-0.019264391886869365,0.0010408686807594587,-0.0036589281195913504,-0.0002205483048246196,-0.03861248083399038,0.0007396527696967955,-0.006677278626563459,-0.006208810966924584,-0.1828083648493134,-0.03327184865166697,-0.004822300358791573,-0.0015237779640265253,-0.0488937349781558,-0.016338803575337766
0.030049745519072954,0.012671412519308858,0.018105159205150816,0.006206184189802869,6.054640642802183e-05,0.06720884069260184,0.0011642182415886482,0.00034450467004648345,0.0005921689081353351,0.0,0.003963199841502828,0.003836708947372834,-0.0031417299365092016,0.09226809145719946,0.011958434934247957,0.02805711554085762,0.00040038329142977336,0.011783757922257571,0.009606377080839747,0.011936875638647095,0.008965097499254619,0.002239889465609533,0.01934947333447921,-0.00650458916855096,0.010243201277667334,0.037331640661122475,0.029183679685827517
-0.008110447789070984,-0.02002300533419008,-0.0066510671725726585,0.002333947275977184,7.171158933145125e-05,-0.0008740115738903696,6.886542648822168e-05,5.057718293439842e-05,3.100201882635622e-05,0.0,-0.002211087849061344,0.0022865897999380215,-0.003985914990481491,0.049615144850512015,-0.02322959846449523,-0.0008822302268480999,-0.00012313371328053692,-0.007731081750403468,-0.0032833348586304243,-0.003462652043066829,-0.006225956768506354,-0.11752229949780693,-0.016470798619611673,-0.02059306733683862,0.0004245891242049566,0.01640928893505281,-0.017419003733554927
-0.0043111419285968,-0.002146469680626481,-0.01426870696593418,-0.014287150207799845,1.5772805061895716e-05,0.021014313525557174,0.0004680719721159066,7.156324523944563e-05,0.00013958723964096613,0.0,0.0122181806210362,-0.010382282449323155,-0.00719416293276259,-0.24914174149681648,0.0020307893073433815,0.008680836415923385,-0.00031116289956347983,0.002004682414256998,0.0024695225531427807,0.00023532461564487213,-0.00033492715111413265,-0.1570499222785764,0.0011999195313291257,0.007538693144817072,0.0003527500932230671,-0.020126713836212742,0.001816235073419809
-0.00844992091660141,-0.006163509987819232,-0.030962836799737197,0.002970731563097468,4.02175405215261e-05,-0.003303776835602227,0.0008016161446290264,7.770226601322418e-05,5.304006892479177e-05,0.0,0.00204977576982643,-0.01008461052924606,-0.011586420845358674,-0.0601835999108067,0.006282951315474704,-0.0014132372660571563,-0.00011743806899525802,0.0007091374230727092,0.017329258098148122,-0.008151304318589795,-0.012565660203509802,-0.3097083706386252,-0.006195477775115463,-0.0083691721704994,-0.01120414636928308,-0.03207462158918287,0.011079048206460001
0.010754414823721201,0.014829247014405472,-0.0035193294879598646,0.011458344619574257,4.982180174982892e-05,-0.0016223151050229379,0.0008215019721676776,0.0001351536403014253,7.117519719122758e-05,0.0,0.007071421081628576,-0.00013679832066107244,0.007588308768194589,0.01770421834678004,-0.0032478638449686026,0.00862705991472274,-0.00011683635038699092,0.0046066233774260295,0.013784079564641503,0.009527260111248124,0.007102002004421836,0.1348766524299744,-0.034454042011575946,0.0047709326332342,0.009999573864477678,0.021498122404635216,0.006044596608392815
-0.008791058114201904,-0.002764891654350526,-0.01922637063765135,0.0034234988766465245,-8.366383875159086e-05,-0.00635947034122914,0.00037350103616522336,0.0002101348976133665,0.000111418447732587,0.0,-0.015552608764403317,-0.007066569115473149,-0.00931278555895308,0.000801365722244862,-0.007759513112219349,-0.0008350421779032045,7.170747798771526e-06,-0.02257636085401233,-0.0012942753699927898,-0.01232007579864374,-0.016634556516721907,-0.15660077200315362,-0.03214819619581969,-0.01222409583265997,0.0040784474290856895,-0.03287234328186242,0.00013426507698601078
0.002390974492419013,0.011291082140132072,0.0009898469206240847,0.001615938861745163,-0.00013958099570126868,-0.002456016516858804,0.0007250462610092796,0.00016322370296275812,8.810402761126479e-05,0.0,0.01800764304534893,-0.002857698828780953,-0.0012380935693501634,0.03951431889081599,0.013731415491326332,-0.0007683777932598362,4.4833030539577366e-05,0.004048404099522071,-0.0022110607982412118,0.00227336089332701,-0.0018417716738791973,-0.044731088552670564,-0.008574555205765331,-0.0029020346341092295,0.016290941014625953,0.06028932966463364,0.011452833879345033
0.009908774615519261,0.02107102572245919,0.0004096748734765714,0.01068223312655101,0.00014602438329104327,-0.000897297712278276,0.005828881672766794,0.00016993785594344855,6.620680020908466e-05,0.0,0.0035749410921575788,0.0013946342639763422,-0.01091842983257639,0.022610747498187107,0.01364140920611709,0.003465026102151566,-7.118838154606502e-05,0.016515547205200175,0.031817784040208325,0.004865321481838666,0.003649323886916509,0.21538751256775107,0.027553089962378086,0.004383417078336315,0.019241090893473787,0.017821071987926682,0.0009005294036768947
-0.0007748209965801208,0.0016475032439502845,-0.012129310739043718,-0.021630714761893904,7.937842488884585e-05,-0.001483898919158371,0.00017299556011373903,4.627081492229271e-05,3.742430820118255e-05,0.0,-0.019095454714967854,-0.009131251709698147,-0.004411180542246651,-0.14685745187927643,-0.016239075040013574,-0.0006948049481842291,-0.0004340986734318603,-0.0008305837524515774,0.022059061943353823,-0.004355791405168424,-0.0012891996057097905,-0.246082398749238,-0.0010469394498047197,-0.008572296606260426,-0.007522750007280078,-0.02026820605654699,-0.0034135415363060096
-0.016710638853667057,-0.0050255386057904946,-0.01354234007798256,-0.030148577640679294,-0.00012800381032855023,-0.00781502047891079,0.0009576329456801415,7.323938563161196e-05,7.869030322324154e-05,0.0,0.001096620994935174,-0.01180012224684071,-0.009464086146788902,-0.013383690931877162,-0.0005378709952634685,-0.0008918576189585795,-0.003119433769589394,-0.0015959610214553207,-0.0006619109684592007,-0.001980575946123233,-0.0020172988648024495,-0.18143829257507732,-0.01735274515877391,-0.007792971816468032,0.0033712805839095886,-0.0864289062241218,-0.014784883609540592
0.005039405568357395,0.0008230634997265719,-0.009389713622153835,0.015773392940118258,1.743896695318394e-05,0.021248063241010785,-6.069591100997872e-05,9.610458312080262e-05,0.00012434954974012666,0.0,0.004686862394904435,-0.005015269625548248,0.002005952205824271,-0.1641223249819217,0.04350493456093516,0.011144064335580106,-3.859203239909926e-05,0.00820105578318799,0.0009594737576057623,-9.199607358178695e-05,-0.002468713235420765,-0.07407646905645697,0.0026831758325776326,-0.00034948911843314553,0.008697433523294412,0.01892755260564618,0.006038105001841967
-0.006416646638763308,-0.02597016787051657,-0.03416616292225768,0.0023022009128910153,-0.00021817829346115674,-0.009529618629797341,0.000565170429174845,7.891133957628834e-05,5.194902231476589e-05,0.0,-6.897700794706369e-06,-0.008238099224809099,-0.017900891551448125,-0.03741317059610974,0.0017102824899302108,-0.0022829395503049512,-0.000245411385732236,-0.008374504874063108,-0.011984238286214952,-0.00592423947474013,-0.0070755446516380036,-0.2506476599964967,-0.02337051362673215,-0.009742611753939057,0.0014310189999958507,-0.09013113622736237,-0.006237259933128326
-0.012903804978528213,-0.008334533662350619,-0.004865584146640739,0.0009287170713625942,0.0005195031390702592,-0.0016443816960622136,-0.00032827862110467186,0.00015231058861273747,4.8694809899239834e-05,0.0,-0.008589189947854521,-0.002673934387090116,0.0039003099782169235,0.005393762993640377,-0.05595908786686507,-0.006101821801069129,6.685833981402748e-05,-0.041223288840602765,-0.019514955083054755,-0.002041086249547351,-0.005976934640788846,0.08925751957356971,0.017983312738288217,-0.00124502470400839,-0.013550886516446358,-0.018048124903398337,-0.020363929929810308
-0.00673021636135533,-0.0036168337214989047,-0.042779036682764685,-0.015784388645226174,-0.0005165191896733535,-0.010634047390377986,0.0006234941214418323,8.812073008558462e-05,7.941832685721528e-05,0.0,-0.017731066543415164,-0.021225255932689722,0.003698110961868961,0.007615611189809915,-0.005339712312276139,-0.004518193460040448,-0.0001455819611149407,-0.011234770581298069,-0.012276431623717962,-0.00741994564540822,-0.0068870834919017845,-0.14581762021650557,-0.015442313679177873,-0.0035303485214261496,0.0001272232084760515,-0.021426472184360786,-0.021546489966308622
-0.0009926417925951447,-0.01855512977808016,-0.025804722896677942,0.003198271488524897,4.955889614123936e-05,-0.002902376618632124,0.0009084907286373711,5.679806733172818e-05,4.8337499222361646e-05,0.0,0.003143357980137769,-0.00874142073651463,-0.0071997474662602095,-0.05130091082799639,0.011044463737401339,-0.0012012286268264143,-5.042664444135432e-05,0.000755250855451552,-2.741277693801652e-05,0.0017340170535674508,-0.002073618222169267,-0.3191208203450526,0.005392994430378476,-0.005259277125552743,-0.0028361848305280277,-0.025890206974381696,0.00018370190201357005
0.014673405437705251,0.016133757972942482,0.008400642933375379,0.009516548961172483,0.00011333612157355568,0.0003545986461386156,0.003990334723036435,7.27181632861801e-05,8.579261333606968e-05,0.0,0.003879249242884513,-0.00045132169014970705,0.006878536555941243,0.014923147516075916,-0.004258951422250824,0.0031635662927420394,1.276415458091406e-05,0.012459618059369779,0.029475531714712216,0.011856198235424881,0.0191408890130499,0.16283991872503803,0.007756205142917178,0.018288510296469194,0.007000456826523089,0.009380130050216307,0.010767300814480404
-0.011216807348983584,-0.008926843972293989,-0.03619557312479796,-0.013440965782393264,6.634644511332356e-05,-0.0008799405491968566,0.0001239296468311348,4.8941995988113826e-05,3.2072564978328966e-05,0.0,-0.0037256493077752165,0.004144227073513471,-0.01893174978531841,-0.029831218634460952,0.0019390779471110922,-0.0009055888185534977,-0.00024290278560761518,-0.0026897635738186293,-0.0030727493538343776,-0.004432247349393002,-0.004428417915036779,-0.12477543427543107,-0.02648167493411362,0.0013500483386765614,-0.001696451473225369,0.00026656924504057,-0.016131134312793147
-0.007080424128630981,-0.035047728315204744,-0.025041288541971168,-0.049081793995882514,5.325323496265552e-05,-0.0021171938202051836,0.0011552902115436051,6.75646908153166e-05,6.184795177954521e-05,0.0,-0.007266556329527175,-0.0041668092629472435,0.015131395153225369,0.013679662278000514,0.012932228992920774,-0.0021485196398903506,-0.0010571147477264132,0.004987455250999012,-0.021579560997561843,0.0012605792332186627,-0.003349376726737717,0.06451972637250467,-0.008852594295660116,0.0028670178605624966,0.0043179833907209236,0.004789213061858273,-0.011753888308816709
-0.006935583487613799,-0.009933838850537571,0.013047057947527474,-0.009746396424139905,-7.219731099256784e-05,-0.0042401899929320926,0.000333822053855728,0.00010980105797198721,0.00012182688037841785,0.0,-0.005739450534545159,-0.006988126180263011,-0.0014420469064257125,-0.003601906920715481,0.0033811660522962885,-0.0017316681222926144,-0.00019813229973309537,-0.005153571673494275,0.008218817467808856,-0.003193647479636906,-0.003589114299634839,-0.2175606002681979,-0.02650539668546135,-0.010644840653961984,0.004236158143799595,-0.05699264999240455,0.0007801476826761906
0.010615458816624053,0.00792428206977258,0.006455378922721114,0.002398841656709076,0.0005127169706461932,-0.0015836923187465643,0.0027321202745736067,0.00014266320514518232,6.248283518805491e-05,0.0,0.00034389642272752996,-0.0029746430868219523,0.007463625132873511,0.00893449418017403,-0.061591837814185146,-0.0033079692360088197,5.872465704974682e-05,0.0032745010013261523,0.010812121177634996,0.004675220142364803,-0.0021473169077969893,0.19054302878413057,0.01858842537143609,0.01816773535934926,0.005527751104635327,-0.002759701068277408,0.0063988271923178346
-0.0006639393943310545,0.0027392257170242127,-0.009783588479964845,-0.012452954766362118,5.960861721103288e-05,-0.0022623019160127396,0.00018403648185998453,5.527607550613513e-05,5.249227768585463e-05,0.0,-0.004667936649643482,-0.008350819202906349,-0.00506291706611552,-0.21890135566253915,-0.008915111205132883,-0.0009636226413088726,-0.0004277698660012299,-0.0016164499601936417,0.003941703792374295,-0.0031596328683585312,-0.0003292334176708617,-0.19768390847811487,-0.0005698102969257024,-0.006437995552240542,0.004291468946133577,-0.021305900151222735,-0.0028674018504882557
-0.018890644917232073,-0.004137668544317,-0.004127393971374777,0.0006492532325170626,0.0002604018533453125,-0.0020534722260418703,0.00019211341429883777,-0.012057877369760418,4.615385236916547e-05,0.0,-0.0031805505729811294,-0.0005947181283975033,-0.05208623790427698,0.007388148955488445,-0.056044346951748404,0.0013171947618671963,-2.1627595221963357e-05,-0.012619432643475231,-0.04909379424858994,-0.004461535029440905,-0.015109382602761,0.06496328917069472,-0.002239823775511499,-0.004261565394732969,-0.011091364996557246,-0.013718425348328997,-0.0076040210702574725
0.02570116792558115,0.011614870408067874,0.0003574340305180821,0.006307247517183425,2.4504866129648886e-05,0.06511437325455777,0.0011002639827084467,0.000191883643419945,0.0005175666311123188,0.0,0.007018592033379492,0.00013388039051301717,-0.00566748157207532,0.06996388064939309,0.009477813235153773,0.03867868171194782,0.0001821688865034251,0.007736959159848681,0.008499157169910971,0.010616957528310936,0.015437524056970487,0.02343353955072903,0.013289123322503683,0.004109762337439623,0.009369574110040425,0.0061062697090773785,0.03076375097462449
0.006583378387793466,0.013118807070633674,0.01195417269283918,0.00751202649667464,0.0002953938444541198,-0.0010403330496144062,0.0023999591724873652,0.00012437495172651082,0.0001035618527623404,0.0,-0.0013311198060928153,-0.002015120012774737,0.010221737891525974,0.015552932249000305,0.013361700594615196,-0.00530875280701417,4.209565081636172e-05,-0.0016066538674257603,-0.008700434592179273,-0.002123575331454087,-0.0013283576274231385,0.1906255916473074,0.006162458627968579,0.014041797767440583,0.0001132162058320904,-0.002330591524429914,0.004391465393074967
-0.00757950101112327,-0.021293340945020806,-0.015144841217183768,-0.007379867174972608,7.55793904763451e-05,-0.000932039169874188,9.548058447792629e-05,5.0810435947187186e-05,3.0168864181422528e-05,0.0,-0.004056724887221451,0.004895507720151311,-0.004394379476172669,0.025154057803708992,0.005704655570762659,-0.0010952539724080545,-0.0003162698987036554,-0.0022900346931675297,-0.003533432677551522,-0.006679495362112019,-0.005056234338900645,-0.12536139531944615,-0.024161509395519577,-0.015229278276937402,-0.0049293832616603885,0.0069914485925663145,-0.007724330841644303
0.009985418908658377,0.029360121152745458,-0.008481927267772077,0.017397129807806614,7.208589127798041e-05,-0.0009498688229397608,0.004706224119570574,0.00014204566182209887,7.264478522472093e-05,0.0,0.007790701480307289,-0.0005418847998648478,0.0151527106384469,0.020334801397270216,0.005801717233232533,0.0010936132238779162,-6.767659841874726e-05,0.00913496778543268,0.020719935306205497,0.016929257344095984,0.006966326722974434,0.19440881576028068,-0.0007849798472122233,0.012929705942378142,0.006555357466667784,0.029275046796529265,0.0021256026345201733
-0.0026604427137313486,0.0032580228732717047,-0.007866316610748637,-0.02058650637857784,5.783740429349682e-05,-0.002386839636645186,0.00015003419269167024,6.525366729147523e-05,4.0082373034926584e-05,0.0,-0.0233228429022694,-0.009456181611567391,-0.0044359731835628725,-0.23000343682324156,-0.02891397300925765,-0.0007312377264775707,-0.000540573639167356,-0.004258254336217902,-0.0026003812382334648,-0.0009415759758817795,-0.0024469247910843686,-0.18672533323152551,-0.003471477816821971,-0.006826113305033277,0.0025999037402022664,-0.019393460908265766,0.0013017037824462352
0.0006246198354219747,-0.00497362647903957,-0.013998564060369752,-0.016998245273109454,1.783417926315896e-05,-0.0030101757942778288,-0.00026880859827450496,6.518639844899677e-05,5.417501009634804e-05,0.0,0.0011738356379072336,-0.0028805306294977834,-0.006379611551680761,-0.2266591942472411,-0.01150877587002366,-0.0025702875210023477,-0.00027035549517584836,-0.006023812059957009,-0.006518507683101224,-0.0011055165262093944,-0.0016305307190661949,-0.1353535892281189,0.0008307845742236785,-0.006301960419022461,0.004521736616340074,-0.005897307128347103,-0.004661039004376818
0.011355049288853994,0.006212747720189166,-0.0037031313837546913,0.005790427456315854,-2.1443720834519463e-05,-0.002191644776868263,0.0004832475461779335,0.00011057809324122373,0.00019931952587672476,0.0,0.006391698576275603,-0.0009959115186891445,0.005298663429377644,0.061770005436598684,0.00428388115019428,-0.0049879264053295375,0.0007261541308961757,0.009800534356797043,0.010861290583530626,0.007182389888547055,-0.00479307573064156,0.01993753466968253,0.016955165770611288,0.07727173853793569,0.010394282920325045,0.018472770391401265,0.02792056688814089
-0.008505297806936561,-0.01635019199375237,-0.028266198617607645,0.0030313625855362195,7.504984528869111e-05,-0.001010694551739551,0.00022122084077486818,4.886945041624923e-05,3.0092684985043224e-05,0.0,0.005037708552757243,0.0037330803716988403,-0.005563720630665963,-0.003961527497267406,0.0021798195869014983,-0.0011511919253018694,-0.00019709666123684006,-0.0036090533354844684,-0.0034103350685781397,-0.004700285101097991,-0.004424582075943636,-0.11628765907593129,-0.02226332867753813,-0.0065524419985366605,-0.0038715646807052553,0.012289825341510508,-0.0003758439645389829
-0.0070834127824694225,-0.004722217707885538,-0.024466475086542344,0.0028971221738033205,6.22769327967771e-05,-0.0021468092793744554,-0.011662920698290266,5.889767052978769e-05,6.34962334706935e-05,0.0,-0.011276923784554796,-0.006104833792061,-0.009594616294543048,-0.04425403245959336,0.003402849937743257,-0.0007703156994892488,-3.9533371086308846e-05,0.0026332053691288534,-0.0023310274916040997,-0.006780688747817565,-0.008063807751857176,-0.29846673625375075,-0.007398010186315296,-0.006677943139728189,-0.0075964295768482385,-0.019123226160223657,0.015203589659175343
-0.04542706418086612,-0.07346105713057437,-0.08044641686291171,0.001797188414457459,9.9447333443458e-05,-0.0021797115249283863,-0.0006633369724970486,3.996026589666113e-05,6.097006471713161e-05,0.0,-0.004828851144643715,-0.003519729330642342,-0.0822648541665545,0.003955879168884687,-0.003624446707585594,-0.010903312068227616,-8.485118028901673e-05,-0.005857662962608983,-0.058334362386040346,-0.01791492780473871,-0.01731162679589297,0.0017708618528881766,-0.026584807048344556,-0.0012469459150900282,-0.03057883928276985,-0.017696301031461317,-0.01562603424509223
0.008399086363755864,0.012326171152274435,0.01569791500822949,0.003579524739870807,0.0004623323969066904,-0.001352221617322442,0.0030895444464973626,0.00021316431818910387,0.00010551569558813765,0.0,-0.003298098921710456,-0.002473021290328116,0.0065306667499905715,0.012675764549479622,0.008850075184785098,-0.0031764441854484136,0.00010926387413776447,0.005561799990617681,0.0020338446450005043,0.0008916538034360124,8.37461374627048e-05,0.216452273963851,0.006226095523164537,0.009056851813155088,0.004703965038748715,-0.0073829602035702935,-0.0007364565231942145
-0.06362974542579239,-0.042240195981112116,-0.015442513906687634,0.0006710726472492652,0.0002060380029478402,-0.0033925443428633947,5.4090254298390016e-05,9.958025408515514e-06,6.671080880172017e-05,0.0,-0.0013417119778808002,-0.003051214985967207,-0.05201922202071806,0.006424711541108372,-0.018877354746824983,-0.012479976327835655,3.551371195754406e-05,-0.00041490276976433174,-0.0746368513886815,-0.008288566125115873,-0.0036421446666368264,0.0644599687894085,-0.09816131692896211,0.002128209733611744,-0.006557458329313552,-0.04353364513871576,0.0031376029487159094
-0.019760290292531076,0.0012168075923965763,-0.0008775238519249278,-0.0119970835167854,-4.029582822737798e-05,-0.005395664421880684,0.0015068936541543436,9.470223481415446e-05,0.00010110178197289271,0.0,0.0044829323885309455,0.007322545202675836,0.0018044919545735774,0.012316595581230164,0.0018415429742492412,-0.00027668297556684843,9.8555934511487e-05,0.0018776466944176102,-0.008418676709898019,0.0016348566924484392,0.003175383229596702,-0.1040110797290241,-0.0032044999510522044,-0.008638621472565094,0.005435261954665631,-0.024426502819859062,-0.011947710654870288
-0.027120143771985166,-0.0008215119464895701,0.0030067343783153865,0.002436243417919515,1.1496894937390738e-05,-0.002715687224583269,0.001425771318661219,0.00010870027521866417,7.453278292829431e-05,0.0,-0.001729877671575766,-0.005442088027865428,0.001025973218915613,-0.0008456366429433071,-0.000607529334713924,-0.0021287476828926294,-0.0003451501737125682,-0.014638550644376897,-0.008663229970532213,-0.012964996874479287,-0.01212032257530142,-0.04568559796918865,-0.009879328676399249,-0.01278832491700924,0.0004629212595225944,-0.02278318020968933,-0.020959960793535026
-0.009376330147574972,-0.00021132388012034991,-0.0456841419115765,0.003899891131059962,-0.00011582299441909877,-0.009158111266231386,0.0009906487472098478,0.0001442660597560198,6.096321777833383e-05,0.0,2.424298843227011e-05,-0.017098429223144872,-0.0038415453526779984,-0.01545908413632825,0.00829405899590345,-0.0015721360161998848,-0.00027420823189625514,-0.009875997827213122,-0.00166214737350535,-0.012537799363426454,-0.016621260292345657,-0.17055802661549652,-0.01030797864753446,-0.007452455048069598,0.0018467064894167125,-0.00509926815684115,0.0030848448658646953
-0.040855679684711946,-0.1183502281770711,0.0023724567106990645,0.0016734617189400512,0.00015529569078746224,-0.00301613016870779,0.001124496625765581,7.158776991776538e-05,6.650443664505046e-05,0.0,0.0009205582584082863,-0.0022166533046335908,-0.005826725985446023,0.007050973870070172,-0.06743013856190706,-0.0038825223845184538,6.641818298968668e-05,0.0008835287669521107,-0.012618737960620928,-0.028449104738493085,-0.012134798450108248,0.11667283550281865,-0.03519389628174944,0.008563812740216576,0.014200874584340733,-0.02057573001238846,0.007543424400483294
-0.009144283296754941,-0.0472942430684286,-0.04643335272854843,0.002860856578314336,-0.0001928511135029149,-0.010478163853167586,0.00018728497347406976,8.397043031617539e-05,8.111728540401004e-05,0.0,0.0032116877109061555,-0.014010367480704522,-0.009220901885991874,0.0024825014237639747,-0.004743211706993684,-0.0143645213122548,-0.00030022834588170575,-0.029640831520635708,-0.01260697445907768,-0.0032710020043808723,-0.004675028056298934,-0.0950249177687642,-0.009054366227262198,-0.00501515138948107,0.0024045819122270403,-0.009362311938893551,0.0006642227863546009
-0.0030016348897348626,0.04194928663404426,-0.008543670741398229,-0.01471026763440257,8.531419451402891e-05,-0.0009255624778239579,0.00012585126098177657,4.7385630294041726e-05,2.644047709602933e-05,0.0,-0.005363347938284414,0.008190923339690317,-0.01121055429969471,0.04480219998558415,-0.02400803572807452,-0.0008264048373844553,-0.0001955478828531054,-0.0015605611749856907,-0.0025170155548802733,-0.003435237053536746,-0.0033659479033225216,-0.08190015501384339,0.019055693041948988,0.002356368742686376,0.0012889315854481172,0.01998386560985197,-0.009180027727779464
0.0025912730840712307,0.0032709319245922764,-0.006746029336304702,0.014791105076404172,-7.066957589371892e-06,-0.0022160322764744125,-0.002874067081698894,5.1937166393311545e-05,0.00010328288100942961,0.0,0.0027898841966315225,-0.006306370894651964,-0.009944687215528042,-0.13989947771758446,0.025099259045859967,0.0015462442867137994,-3.384130245360553e-05,0.0014911568984444755,-0.005370890076681887,-0.0019616998954726608,-0.0004144636256453477,-0.01483568531604172,-0.007438599864944291,-0.0036730244890337102,0.013375845071348496,-0.005387967250639992,-0.0012646971463032353
-0.006954570531888243,0.010838255903849002,-0.02778871043935028,0.008941184789137612,7.442216353864773e-05,0.010455439053643545,0.003863608350588168,0.00010272877904509377,9.348569089564705e-05,0.0,-0.007478564031320012,-0.0027455729428832046,-0.032736229681625185,0.02311771776834807,0.0079613671196444,-0.027385224896713595,-0.00038659251307360194,-0.012300903164899388,0.0017984762784274257,-0.0037000330516164313,-0.003030585003609672,0.08979818679955934,-0.005785220646901569,0.002732875131356508,0.01347172564092857,0.008298860652492109,0.006131923140447384
0.003731222262443494,0.023862878941767203,0.013342334099619723,0.009193108731280032,0.00020670719808437755,-0.00144198412050993,0.003641343816738952,0.00020845394357556175,5.1363354115963646e-05,0.0,-0.0027554675041882087,0.0015521707457062945,-0.004560939293040512,0.013818474969366109,-0.0010955926000529223,0.0027211749268745583,-0.00013886193922887252,0.014295845253406225,0.036420089063153124,0.006922764365118201,0.007599252441735119,0.18053803477321873,0.027595924708607684,-0.0010621512173965794,0.0013546850336964213,0.0016674248824640697,0.0044203205359432006
-0.013594607924096228,-0.00557169995919731,-0.011880690765130585,0.003970548710607558,-0.0004769453208270086,-0.008978135281217058,-9.159816800900391e-05,-8.949810912161279e-05,0.00011555969814614452,0.0,-0.015251060870934113,-0.019313133672423908,-0.018712776627844818,0.009345270201312685,-0.0016761110568974194,0.00573011338432113,-0.00014762839848802485,0.0020571078160533454,-0.01873495480065303,-0.004013737874678924,-0.006907543180872217,-0.1262921635691372,-0.018213824077154526,-0.01943073518194216,-0.008605670713649276,-0.028616297386680787,-0.027146906725619677
0.010127346003323056,0.0022657704668041703,-0.0049724705028498135,0.012997802511553521,7.716881504683e-05,-0.0022032123346663263,0.00021228523492427924,4.8561008380543646e-05,0.00014366210271393666,0.0,0.04767900840384222,6.949089937032091e-05,-0.00617374158924507,-0.15759225936536717,0.0026058765794208794,-0.0005395582454673796,-0.00020424451127371845,0.002403577955861347,-0.007139801818240995,0.026136310500308634,0.02404394510546843,-0.09819265965491027,0.025041176755921216,-0.006987177750750208,0.008122752895536971,0.008653009175862581,0.0015534767083621947
-0.0073533924415106885,-0.013480738653505967,-0.0030664087005879653,-0.005714407103450094,6.927355168379435e-05,-0.0009065158044966067,8.415484725715671e-05,4.944705109521275e-05,3.232416656223454e-05,0.0,0.009180411166205483,0.006753334716174063,-0.003940590185651538,0.03810218828869285,0.007151547216914989,-0.0009596707938023691,-0.00022739035092934925,-0.0050848322324207815,-0.00352168174267087,-0.006823513944110368,-0.0036041950803357994,-0.11422570022094046,-0.018728864932430957,-0.013082199343433893,-9.756426882170378e-05,0.010924324828497407,-0.008821364633875346
-0.009148748395674111,-0.003272235797051649,-0.04738233264888377,-0.013670525968460676,7.190886086008072e-05,-0.0009286239778808733,0.0001371736724319512,5.0583414900407095e-05,2.9900753653549624e-05,0.0,-0.004439389816692996,0.005973032581736363,-0.010268117508552816,-0.01914909946358816,-0.0002641741205645071,-0.0011031300629374605,-0.00027955073359409665,-0.00104453379408966,-0.002963531673734941,-0.0032378560714920344,-0.00260442036106038,-0.1197583242833781,0.004618152411857219,0.0013097470028701156,-0.0039302999762346035,0.011773224194897963,-0.008741393460505982
-0.041096101171098576,-0.09096770564903917,-0.06161537583315547,0.0020047391995102614,5.698003856004699e-05,-0.0025301510880348962,0.00047915615461619556,6.128973030438789e-05,5.1204672488163944e-05,0.0,-0.0008251816498571336,-0.005349404310818364,-0.08421956955940647,0.00963903171001545,-0.0059372840910491675,-0.005330682138647275,-0.0003103234076268792,-0.005003510256290963,-0.07499397442313246,-0.012348661167779029,-0.016589304795391627,-0.02802241272250619,-0.024475220521863416,-0.004518285703716604,-0.011517816696086161,-0.010528081138915976,-0.007177226793051693
0.020566644405388457,-0.016644628913934503,0.0015081614810484075,0.0029467923274341663,0.0002394210737064023,-0.0019069764642288566,0.0004495571831755137,9.710568021918526e-05,7.046051832964406e-05,0.0,-0.0027316143433447366,-0.001392795412381604,-0.03498805111449652,0.010293798390426306,0.0031778847169703145,-0.00853518325268035,8.35474460143321e-05,-0.008838681866461567,-0.03386601925558931,0.0025192874542990028,0.0010736138829258947,0.10657598185211566,-0.010670167075750144,-0.00663082326962104,-0.004313512010538791,-0.0076002162635852135,-0.022669995755319132
-0.01615020859363902,-0.0010602211930115667,-0.0028713674801496493,0.0014077763085188152,-1.1323574777011368e-05,-0.003526810959975287,0.0003713706010952727,7.374523069295226e-05,9.861293908876507e-05,0.0,-0.012258735185340054,-0.0049102732747415894,0.003691074404766328,-0.000780818115914911,-0.010535170600039974,-0.008149285572579067,-0.0004489499686792991,-0.004694007384397799,-0.0155117838039313,-0.010806347775789461,-0.02840952530073359,-0.04556943069659553,-0.08381317637434646,-0.009196054400980654,-0.0023812202994278257,-0.026049732286958425,-0.0017078277997441406
0.004243532551956642,0.011195258768683398,-0.023546504641619097,0.012111675262533757,0.00011245664543664205,-0.0010882219399881094,0.004383197288001148,0.0001929081251855386,6.319491738122524e-05,0.0,-0.0047045255329980695,0.0009846120292005315,0.005900225914119808,0.019836442819305546,0.009480061430191809,0.0007413290010527113,-0.00013002201883184544,0.013151590567053825,0.007148389613489096,0.0055540992766778385,0.0002102570541710236,0.1777872559724923,0.010632187931766235,0.0027272006328229463,0.008123803550758459,0.013943798956488307,-0.013291044206635653
0.0064742493485495265,0.008085634553567093,0.001448711713855215,0.0012038106929639749,9.034991547326302e-05,-0.0009324419294401084,7.060243903437732e-05,4.834553898924031e-05,2.6891550160270216e-05,0.0,0.010005005567719147,0.008062858342576414,-0.0009604389536536168,0.09348320398483644,-0.021255248043672497,-0.0009564027472869248,-0.0001789866159316292,0.006318876171015311,-0.002061691146030153,0.0005941757602058831,-0.0003989321677251006,-0.07563215774471312,0.0031359837696072227,-0.01007354926816722,0.0041560996618205705,0.048290336890670096,-0.006038937930641954
-0.0072950293763452065,-0.013031396202878864,-0.024755665600112754,-0.007045623077386468,7.179560129709141e-05,-0.0009494923515755117,0.00013918755772356596,4.8242678214650744e-05,2.861479662512696e-05,0.0,-0.0007263502431750948,0.004008295811002697,-0.014464472719195688,-0.027657069773329872,0.0030167848831065868,-0.001038620507708307,-0.0002959240407389592,-0.0012657903980264707,-0.0034100619154015317,-0.0030450028943315418,-0.0036421038179147627,-0.12225917604952594,-0.024056098893871745,0.0012889006574299047,-0.00020548503247700737,0.002308735872692638,-0.0112748671720278
-0.033817551832439494,-0.006980838669411551,-0.011947285472995624,0.0031984077940925325,-1.1609198073199576e-05,-0.008616389471501274,0.0010697667366111184,6.201509371779799e-05,8.821146899130408e-05,0.0,-0.006125658639777314,-0.02161545838148132,-0.031756923940033877,-0.016915708566895383,-0.0054912074913885545,-0.0034685499569195445,-0.0007189731255309737,-0.002743557226527552,-0.0019994679886358364,-0.018135444633972368,-0.015069802371962066,-0.161500771912896,-0.04637851695905396,-0.011802939522458674,-0.005490414749191785,-0.011903511436418811,-0.024131941716148037
-0.010643111788658895,0.026588969782084762,0.03129355526840885,0.0035893978535891688,0.0003290325589495091,0.023240046201187105,0.0034097252126007297,0.00017765773952699946,0.00012510625692799208,0.0,0.0029743570184227984,-0.0015406996062445008,-0.02085537920142898,0.014923608759030583,0.006365223349053321,0.022856415671838028,4.821049166404108e-05,0.003803294014678521,-0.01685540284682588,0.00549789360835734,0.007606227472674261,0.1741276365805443,-0.0338420312855965,0.0054987349080643875,0.0045191795654058045,-0.02375056529776481,0.015613320563345733
0.008649309828986797,0.011236958158741962,0.0154590728410431,0.0064621111389851,0.0005061276912064964,-0.0014556027216132748,0.007302722372020434,0.00023671026599932982,0.00010474942077538694,0.0,-0.000998059045040325,-0.0020403266299851,0.007559234186918312,0.013406270475310192,0.011240898135720732,0.011709019307586858,0.00016165447736315563,0.010714886610956924,0.009048184466526141,0.008024669742024693,0.0028581146653741405,0.24338220830304946,0.027556289788826297,0.012047813159395255,0.0071876563728007,0.012609376172054787,-0.01080364784583111
-0.0072417587378260885,0.007720989606994061,-0.05780741182168099,-0.015591920162639158,7.03405059868357e-05,-0.0009328139161103348,0.00014162620056944544,4.4300441594148244e-05,2.8267103918063867e-05,0.0,-0.00632728158213195,0.007860980550675136,-0.011391575041807758,-0.006105434803811433,-0.0004418473834223024,-0.0010182843971217248,-0.0002632566699343813,-0.00444313737131899,-0.0027160175168390926,-0.003420477150495441,-0.002769191239425579,-0.1047553331994689,0.003057523050922045,0.00046649079931056247,-0.004828813571081548,0.016042756051085794,0.010235215975598125
0.007207801248170374,0.002384964457816918,0.013996310248893966,0.006008226069933378,-0.009186320912519152,-0.0019489208573607272,0.0023930205992505507,7.323833684522874e-05,3.857848343783468e-05,0.0,0.0017492872750547105,0.00016884856771356817,-0.0012452962950522154,0.011773519745054384,0.0053789145412764874,-0.00028075673762519606,0.00026665532167373,0.002622362010304905,-0.005130855107014682,0.0033143093105722403,0.005750836187883789,0.15902204423394947,0.07282832106437216,0.005649360064378226,0.007771371506000571,-0.004799019495429317,0.007776645108266706
0.0009128889606775835,-0.020887179776558067,-0.013515956392275666,0.012481197348046404,-1.1458220338302013e-05,-0.0033059759941862243,0.0004308584087101936,5.249827599448176e-05,4.634492194080197e-05,0.0,0.011129232720689743,-0.011509554540710648,-0.002667111528524101,-0.11701659693548419,0.030138128798705695,-0.00296743864321818,-0.00013057730365669817,-0.0017227361408879431,0.0023606359562235993,-0.000274683479195155,-0.0015955998559928255,-0.1537850132211612,0.0036714152773163165,-0.01029060418030991,0.003580949611167652,0.0036490523388892876,0.002179680351895729
-0.005187705179596156,0.003681205901663836,-0.009038494087793716,0.006712120131313473,-8.873370512278916e-05,-0.004799402922476325,0.0010053335680374142,0.00011447494348591616,0.00016225214544152177,0.0,-0.0026535673884466792,-0.004634141463135536,0.0015121055931208896,0.010798128365472743,0.0017756264732737385,-0.0004157301053077254,-5.104747762322318e-06,-0.013293808640027448,0.0007612701122052555,-0.005041649270541563,-0.008571306066686404,-0.16673533102836394,-0.02662112268637368,-0.009194845343172556,0.0016889250481446137,0.01426356288018708,-0.006283949546590047
-0.0021136585860814638,0.002133109508899144,-0.011528112355287308,-0.02014394049590028,4.993412215533567e-05,-0.002224781847032216,0.00020226718348426937,7.064340371754446e-05,3.8002295444847325e-05,0.0,-0.02222470825174218,-0.005286057935667365,-0.004755760666243035,-0.21872200944634532,-0.029739268140401596,-0.0008156681061490841,-0.00044596544809955935,-0.002698151820778613,-0.0027438213200047237,-0.000498645062072813,0.0005482745950974258,-0.18717823070566514,-0.007548412154327618,-0.00708535975578601,0.0028968002622377694,-0.019416734981864255,-0.0030955820537981378
0.010219177055628014,0.026181371265884955,0.0205475656415861,0.005816910716673011,0.00038178842118959024,-0.000961232422179777,0.003813603024171788,0.00012045921821922492,7.476228660196128e-05,0.0,-0.00020062014156249424,-0.0019221088661066864,0.00811945380848789,0.017199732713925366,0.01209061488642723,-0.0007150537064217011,9.602141076400286e-05,0.014606606139960987,0.018463198338571046,0.007805390870631957,0.004863334607824426,0.2139520495493271,0.03005883834301371,0.010013115272976762,0.007028848444495349,0.01106056308607496,-0.012046819079530023
0.010089364882202464,0.017426639275735963,0.014151162637129013,-0.014297423128771303,0.0003421891195082633,-0.0006255756874180207,0.013635519344303586,0.000167347975845494,5.619842253844121e-05,0.0,0.010269474344182747,-0.0027685488720362848,0.010358453697059304,0.013101180648802882,0.009421904835479443,0.014781721332850432,-2.874678016997302e-05,-0.0018917039261425147,-0.0031593240002414976,0.006012781208801267,0.004935081050636785,0.24133655935561185,0.031643332648014555,0.00866767184470455,0.00896352879705327,0.006425940069199625,-0.011647026577721698
-0.04046068041031808,-0.006512541726140621,-0.012355015158652193,-0.021030104833092055,1.175644986640408e-05,-0.007523403980169389,-0.004993482560664141,7.618481597712933e-05,8.703735969017337e-05,0.0,0.0016067408795828332,-0.002833963327894063,-0.0013629083093268158,-0.03232249840996696,-0.004109895936601131,-0.0016192595195462709,-0.00048124832817015624,-0.005613784757737586,-5.872798951945344e-05,-0.000557418911632979,-0.0010792234400589487,-0.22079854811203128,-0.026274468612893627,-0.00936866344798145,-0.0020063757875074728,-0.08512466694721246,-0.01352066349402656
0.007634566578769221,0.011192674071843533,0.020313265477085243,0.002846534842340847,0.0005621837062424257,-0.0009527079568821749,0.004147204863856749,0.00039767897426396556,0.000593672857285504,0.0,0.001223529690008561,-0.0007719099176754353,0.005823289485002507,0.01010553327888432,0.014022883137929461,-0.0010544017986626924,3.458621522976293e-05,0.008477944871430183,0.0017363110010734733,0.005803201406910909,0.0036170273095763126,0.321467618028711,0.003026765272971524,0.0028319250600894407,0.0024789076655758334,-0.01403622420311189,0.010408983420648707
-0.014703278258865003,0.003224557261513464,-0.012590937184492342,0.003315017066921954,5.528621419237761e-05,-0.03213664594393179,0.001650185812260963,0.00014156832097374903,0.0002736838385088603,0.0,-0.0001179821427215079,-0.007509759655889604,-0.00029596722422435697,-0.0007873441079117734,-0.01039459873230348,-0.03204412122053556,-2.6451169584017633e-05,-0.0002598676370447997,0.0030399126989422687,-0.010050904771847084,-0.0028687407183276975,-0.11798108765815901,-0.03367227786349747,-0.011882989705677827,0.002777392798772736,-0.030162083461532155,0.0021389746495303675
-0.0031074741111755825,-0.017208857029605614,-0.03221013816028143,0.003058625644689954,4.293911145976249e-05,-0.006804747992681661,0.0007938484292842882,5.5754809002121914e-05,5.383038179119228e-05,0.0,-0.0035491437221336387,-0.009396926572122311,-0.015051671940551223,-0.030429582563276696,-0.004365960949078136,-0.0011215644254904476,-0.0001628773002243373,-0.006302754407353184,-0.010719968022786654,-0.0017202735926166413,-0.0034248369340884955,-0.30202102054366275,0.0017304321183866038,-0.0077033507413921485,0.002082021821075049,-0.048982441557624865,-0.0034223548923250804
-0.008075626669685875,0.0019486781385847354,0.007840075114371825,0.003777402361444341,0.0001345646950290088,-0.0037376013138794707,0.0015370476068329564,0.00012738352096559562,8.841228039690439e-05,0.0,-0.0002606874814535193,0.00801074621903615,-0.0005398954846425975,-0.023853346426527033,0.0037222131520820026,-0.00011994141832545665,0.0001155398725328661,0.0008838808903331484,0.016766501248511416,0.0037679317251785244,0.0009030699863877968,-0.18213992462094347,-0.010442221400261208,-0.012884952813958099,0.006849166044010317,-0.05902411765612381,-0.005355504231586157
-0.008888550160689823,0.004463319784278573,0.022125355286556563,-0.014635089841374913,0.00043399752593115294,-0.002176439817017886,0.003269197302002836,0.0002243419868305233,0.00027084307013022996,0.0,0.001289974019678031,-0.002629361769497978,0.0036290340556571184,0.008598511193086316,-0.0682121756164494,-0.0019998015878001135,3.6405115966463817e-07,0.0075561280823178015,-0.026269870290035767,-0.006611516092696448,-0.0025081592093835034,0.22466314995674774,-0.051464255673398164,0.00896996788521074,0.0011073405818772756,-0.0190699028057141,-0.002663123620792048
-0.0016845577271165564,0.014550716278022624,0.003232264126160912,0.011154256527111018,7.774942454220736e-05,-0.0022176514765541886,0.001077955268687091,0.0002596994992060757,6.660272128028587e-05,0.0,-0.0008783879427263906,0.0017633202987049775,0.010374529635360914,0.015612984565912936,0.010234246854359691,0.0076990488628482494,-0.0002789378560037294,0.0011443964239718364,-0.018186188423764252,0.004698623988303338,0.00852670291404119,0.10659626559983089,-0.017049765405857835,-0.0020719958062995502,0.009013624423056152,-0.032049736863441564,-0.00211404997297698
-0.01095791230404972,0.003744727310556009,0.008318449370953565,0.004894665966735264,8.65753886735099e-05,-0.0013580180086563555,0.0004985321471392966,9.893334338678596e-05,9.569250794857988e-05,0.0,0.00028865632815924526,-0.0022675030361021488,0.0030132286233780147,0.010560588281620252,0.006685475089656613,-0.004240273843920818,-0.00048034568437191637,-0.03215657223594539,-0.0041126407048091874,-0.007603649687312791,-0.005369177552761308,-0.008416559333832339,0.0031423716282169287,0.0188665646612051,0.008791540063313029,-0.007237734608084751,0.011719544552221567
-0.0004094520714285157,0.020071776249792048,0.008191152720835839,0.0012241265370915829,8.366913819871186e-05,-0.0009213026537182354,8.973293947496927e-05,5.490552653242809e-05,2.8906270819311137e-05,0.0,0.012180675781976055,0.014743755228166554,0.00048212037549670106,0.11421858322200223,0.029862364975588966,-0.0011139072357718115,-0.00018879184038523693,0.005004515149886021,-0.0022451312121294256,0.0007591296010020627,-0.0008418389969552186,-0.05033872895138167,0.009797597291610867,0.001017557206645385,0.005819063841784773,0.054999929107461515,0.00408047977609493
-0.008209938901809257,-0.014093688375749395,-0.015545644192993657,0.0020195675561539006,-0.00011652473359053588,-0.008237499230613314,0.0003727474236865384,0.00010810038093703715,8.237667062574942e-05,0.0,-0.0025031471980600513,-0.013347630811439038,0.004677116556783994,0.002170820043779283,-0.0337406671292296,-0.0066102641381581865,0.00011828833101839443,-0.001852252026242005,-0.00844104783711096,-0.006323550619272423,-0.006922734977068354,-0.06266939217910204,-0.04928753669726865,0.00031608209608189193,0.005185189741350766,-0.03344652788028718,-0.016413916382866937
-0.0008011607578320057,0.0025383146454577656,-0.010847806969100282,-0.02042405007188141,6.241899239114357e-05,-0.00221806256250613,0.0002276410816053913,6.128049544652205e-05,3.5762562134070704e-05,0.0,-0.021910296211377328,-0.005441603900059202,-0.004048730228244915,-0.2112135674356932,-0.028480564668921474,-0.0007175764439507462,-0.00042293546251832067,-0.003113531774989967,-0.0029084259688153635,-0.0007244036979465982,-0.0004216900958398293,-0.19170484527163884,-0.0059720989220831125,-0.00668596415097638,-0.0030614844706598906,-0.011068920565997915,-0.0028159763573676598
0.0047023495352849715,0.017058520244196112,0.024180753908776945,0.004810725346537886,0.00037535828093949737,0.0117940926371722,0.00387135829652177,0.0002451244550925562,0.00012844162697914593,0.0,-0.001392639293345273,-0.0020203847739946055,0.011104820242337447,0.016911328972573362,0.01088577981208552,0.003389571294935876,4.504340866734738e-05,0.002775349198573099,0.014065867864357788,0.007018012804936062,0.005957826450335878,0.2250476800225375,0.016276213804394236,0.005990376425958518,0.0020510660696939796,0.01961886511129865,0.005591313292930702
-0.005308724149145356,-0.009250317187174728,0.00042936662467819484,0.0026636847867632057,6.411486511013714e-05,-0.0008682430468384679,0.00010367440248121128,5.098343380009908e-05,3.094099695586382e-05,0.0,0.008149583112549581,0.005041013796872656,-0.0037597188475110956,0.07585867050720001,-0.018040503572531532,-0.00092909220904708,-0.00010609092137023896,-0.004544533661894855,-0.0031251075379884513,-0.0027086986384067214,-0.00540457794641457,-0.08596912130959043,-0.0028920035903069563,-0.008198635649319412,0.003933269350840539,0.0369279053403064,-0.010659788953502345
0.013932131144382881,0.02352990535163356,0.01659439851446817,0.0038623288073848815,0.0002774392962820354,-0.0016515895335653423,0.010924228364368571,0.0001533739323944022,9.164125016128306e-05,0.0,0.0005519683578768004,-0.000642222973279731,-0.021094480799901262,0.011013590175685062,0.012735676420717056,0.020915982390055484,0.00015992519040494726,0.008626421701716326,-0.004805873479758536,0.0018381257893299301,0.0009301791230757624,0.21280502446088298,0.015471779161980087,-0.005168815631132008,0.004811038631516846,-0.004568922902072716,5.583833584000453e-05
0.006322025125256775,0.011915637692315488,0.019091854104236416,0.005302100076493716,0.0003375617634430439,-0.0015481375752838763,0.003608536678528905,0.0001536194218136396,6.450826379272558e-05,0.0,-0.00041531054227871266,-0.0014102526387111153,-0.02016778563807015,0.012175574151538476,0.006321687887115397,-0.0019891264348873812,6.99694148317561e-05,0.013251552238060156,0.02000895906217779,0.007218826056809337,0.0013060210099494422,0.20585224596074678,0.017553267530974217,0.006726602123352527,0.003795737648216418,-0.0012776482615463687,-0.01144401545091862
0.008230295749070363,0.010386046200476576,0.03252871567240846,-0.00717411670910562,0.0005100008921520009,-0.0014032273003964572,0.0030085336732335113,0.0003704837793523295,0.0007072583190173921,0.0,0.0018630174404417072,-0.0024500294248947633,0.006775423330594929,0.012351831498810641,0.021737563068090854,0.004528040257206564,1.2781185331483707e-05,0.009459384953686124,-0.012678272287236067,-0.00019341927870647626,0.006571877497125766,0.28979811308517883,-0.019439609079067294,0.010969721061852965,0.008453119392365083,-0.0005019126967590993,0.00570397465820158
0.007042155545979878,0.01286963080458174,0.01563767133490925,0.003066619501012824,0.0005493913908084664,0.015289003537373006,0.004564428560344034,0.00040237435321734496,0.000600730489274297,0.0,0.001639540007216031,-0.0019933790528056734,0.00950449874816959,0.01553320253164321,0.015855007424593445,0.00811402574456476,3.1270991171346364e-05,0.0032792153536689954,0.0012747140723453807,0.0006435763368003498,0.007008000493822204,0.2845121682701636,0.009164009922499031,0.002989901727586395,-0.0007788647268628803,-0.0036117273294024215,0.01814147787159604
-0.0013775438902938327,-0.009000606637510776,-0.024064076117317403,0.002371083436802144,8.515144405555513e-05,-0.0015748123009227746,0.0005941601648659597,9.702739339098224e-05,0.0001262726429655878,0.0,0.0010670944048256027,-0.002314926292518745,0.0011379899915918425,0.0030552003826475205,0.004095177379080384,-0.002079799402259032,2.8610938633388187e-05,0.0031898491130146994,-0.010651013378919856,-0.002284264287719984,-0.0011932600419536695,-0.41228883360084545,-0.019432294933254907,0.011357716306521737,-0.007008195247833225,-0.007091907646540458,-0.0055222903051364335
-0.00042486361003790695,0.0024321131725976264,-0.00927340658162818,-0.01614242920792167,-0.0001480022309374201,-0.00869698449103441,0.0002657368225999177,0.00010184540873746493,7.600412316363126e-05,0.0,3.7218060176590505e-05,-0.01818946336643755,0.005143613908946906,0.014437838780019226,0.004828122545594892,-0.0058019595756714,-0.0004547853485702611,-0.02645223273520653,-0.009458106200526159,-0.0017784713807561712,-0.005112042381264463,-0.1077002319666435,-0.01635822515822949,-0.002828857907154024,0.002011024823487646,-0.011330072150391168,-0.017369983952975288
6.614135516487328e-05,-0.20198864053367846,-0.006782882699333543,0.0035931812255880955,0.00025086896581653993,-0.002705490330565754,0.0025435184657316796,0.0001491979215550381,0.00010067781562514092,0.0,0.0007939761047090629,-0.002061273918144088,0.0009839676140767258,0.008806909897729087,0.01747661173495082,-0.0023442581830875257,6.14077586886954e-05,0.0005610376810289716,-0.011193299111386707,0.004006675955682121,0.00013553328586446704,0.1389662072781426,0.003165675711805436,0.008356384515040404,0.000139803602728766,-0.001012786358334346,-0.022082659420609364
-0.008490420512049799,-0.000442407520118959,-0.010367915393604139,0.004312256251744695,4.597556187238171e-05,-0.002538884740990503,-0.00012467313047399386,5.587431875369996e-05,-0.0013626322266429398,0.0,-0.030791093489492882,-0.007593639884256943,-0.0076280028317370074,-0.24238153205616825,-0.05058141091884985,-0.0010745067439190883,-0.0001487649233901154,0.0025188033675053955,-0.0072070095023589265,0.002839548317363585,0.004514882828734876,-0.16506869118471437,-0.000964981896890415,-0.006888736479890721,0.007047571321806301,-0.028471575721349403,-0.0031260818091202623
-0.01953042235073586,-0.0024808465636068995,-0.011654493908839844,0.0013311224545529258,0.00013423546067060005,-0.0031594212834377355,-0.11188788499522062,2.8337333138930975e-05,5.961319399301763e-05,0.0,-0.007879449967645996,-0.003932896282122368,-0.06396291671912654,0.009610959819676024,-0.003485939824339872,-0.028900049246492657,-0.00018822714855952271,-0.051114939868290236,-0.016729742296143872,-0.006520762339391726,-0.008133787685019347,0.0010189186820647744,-0.01837889036811536,-0.002982137125394392,0.001335690022803659,-0.015177116637466506,0.0030803080275128036
-0.0007529882622318227,-0.0010478401351704434,-0.02664306040475404,0.002907592631798696,0.00011105343858456856,-0.0024625164774813614,0.0006548119885769651,6.959909278431149e-05,4.124572685634792e-05,0.0,0.0017845284944586347,0.0034646362786112644,-0.0108609353398089,-0.06707346044411655,-0.03885345493556161,-0.0010728264183252354,-7.993334070310159e-05,-0.007716390315082979,-0.0006341975075876652,-0.005678500356403476,-0.011546800415550153,-0.31608752577465343,-0.0009138031781414293,-0.005318330348747501,-0.013799011562535326,-0.03360610672431801,-0.0014372324789956384
-0.012903804978528213,-0.008334533662350619,-0.004865584146640739,0.0009287170713625942,0.0005195031390702592,-0.0016443816960622136,-0.00032827862110467186,0.00015231058861273747,4.8694809899239834e-05,0.0,-0.008589189947854521,-0.002673934387090116,0.0039003099782169235,0.005393762993640377,-0.05595908786686507,-0.006101821801069129,6.685833981402748e-05,-0.041223288840602765,-0.019514955083054755,-0.002041086249547351,-0.005976934640788846,0.08925751957356971,0.017983312738288217,-0.00124502470400839,-0.013550886516446358,-0.018048124903398337,-0.020363929929810308
-0.001751847457110313,-0.005178189550070506,-0.035730754829373365,0.0035952053041103,0.00011078791936998851,-0.003059872253841861,-0.07004362322925127,0.00015982368943265142,7.254898234494146e-05,0.0,0.003022980279454727,-0.0026407065991911624,0.005209932564227907,0.011304472322361135,0.007804020291848043,-0.013783164316487274,-0.00036088612430583097,-0.0362060538364548,-0.004673076614692818,-0.009178352351949587,0.0008555416920951981,0.05713163931802025,-0.023881632588194316,0.008527450572705387,0.000565607985704749,-0.0034043656823008277,0.00433592224878709
-0.04471267427903584,-0.009096510191765259,-0.02567353202591207,0.0021795626702673554,0.0004324920120665171,-0.001861394287667598,0.0012954829275764752,0.00016361922370801486,0.00015900866788167892,0.0,0.00018512078643447314,-0.0028124826834412114,0.0004499222705384086,0.008317800122039958,-0.14104104923014424,-0.004978657852219237,9.981211846974913e-05,0.00030623558800400207,-0.009771577280387035,-0.029300583956139166,-0.024725608210563632,0.11393405791152579,-0.06031402098206555,-0.0005526433805144953,0.004688515866356521,-0.02778891221598931,-0.04939010782588805
0.0014432430037953131,-0.003960386100283008,-0.013774239449175645,0.008800106943911194,1.2050810840866678e-05,-0.003113402875033328,-0.0001291854786939183,6.628014648380264e-05,5.9432307905409675e-05,0.0,0.0031175680059371412,-0.007380339352362861,-0.007794279365905974,-0.22252494808431433,0.012652082319719444,-0.0032203721218893254,-2.0558919956642205e-05,0.0002393242876837051,-0.007290756560774757,0.00013780679331927825,-0.003127234053044346,-0.128263478713793,-0.00025567491199439234,-0.008984606035692268,0.004434552723981855,-0.001291655794437351,-0.0019102994294003944
0.011715403924397868,0.014715897326493069,0.02188014123498988,0.008434225178980289,3.0318890999083565e-06,-0.0019007316559100699,0.00156809673164083,0.00010823362786217298,0.00014068816082612394,0.0,0.0037782629847134814,0.031051163429958967,0.00337195416641058,0.0325506748297524,0.007163836454505248,0.00018720642921047877,0.001704977763973964,0.018063944467822116,-0.0008392084340456841,0.009542787633878209,0.00792721501594518,-0.08151215325493237,0.009040651472858931,-0.006756173163001991,0.006890809241166177,-0.011749390261583694,-0.0014938336453716083
-0.00621316461271139,-0.024727620531875626,-0.034504707631153306,-0.01234877005738468,-0.00015543805907187224,-0.007322226496608474,0.0006888756229753909,6.510554505029503e-05,5.3152123064722816e-05,0.0,-0.004153239516434837,-0.007180561216553124,-0.011811297299952145,0.013686940109637353,-0.030723730347477857,-0.0006319963720704691,-8.711454814813849e-05,-0.01297646613565451,-0.006569899858617145,-0.0062052052086500895,-0.008462067982843715,-0.13703170563699338,0.016161184251680696,-0.0021166926487002566,-5.698863636510401e-05,-0.009452277168946047,-0.011117724458683727
0.0028066525081657436,-0.00084480289085041,-0.010826063588678266,0.011021350839453188,4.6437656977764355e-05,0.035881122650201915,0.0005149737811872037,6.297825499043441e-05,0.000126924653623607,0.0,0.001361876427761954,-0.006870919383825567,-0.006599617535688028,-0.24325400113948237,0.014772546275634282,0.009374418742696922,-0.00010903967482520011,-0.003537772469521254,-0.0010800157568369476,0.0005089364677786122,0.0001474573592746857,-0.10738072014973124,-0.006307699254922352,-0.008746187556211532,0.0029049652083199956,0.0044504627899971776,-0.0036941669531119297
-0.006989935733724239,-0.015705588834838306,-0.02110185023743087,0.0035291181927693573,6.610883266380031e-05,-0.0008836896644159762,0.00017671289045007092,4.7633857206965196e-05,3.0783008623694545e-05,0.0,0.003496639770101244,0.0026915744255278694,-0.007181382755438923,-0.021166872510455032,0.006814521378507176,-0.0009381126336909916,-0.00011420415482635384,-0.0005429012637162274,-0.00346747788865193,-0.004596178218778711,-0.004335166532192588,-0.11650905675466017,-0.02726269958740262,-0.00030528507920875157,-0.0023917789589661433,0.010676197205285424,-0.0063662193626106795
-0.005545748368423435,-0.010910521312776228,-0.026565873439121035,-0.007422626608854824,6.671883625405525e-05,-0.0008979462003455673,0.00017270658828115468,4.414813715291377e-05,2.823717581695494e-05,0.0,-0.010774798711036478,0.007373990171703856,-0.012253116973668918,-0.0024693875318260077,0.004375041253733917,-0.0008507252485174349,-0.00024092050744666874,-0.009213414885684034,-0.0032086216986250762,-0.004178617722934394,-0.0036220855133557005,-0.12329290968784842,-0.03086262784950143,0.00012074807749376018,-0.0004941811715773492,0.014806899062609872,0.0005951917863569482
-0.023136495584249468,-0.030466087091551245,-0.00607216622489197,-0.03075776583598913,0.0002056846363954729,-0.0021053370312258475,0.0003562420356628258,0.00016381504238872105,8.461339558263983e-05,0.0,-0.0031169821246435224,-0.0040269777942274106,0.0030737286823002883,0.009687313937326922,0.008480181305853441,0.0029025167058953534,-0.0001400835681036836,0.0011413711225683563,-0.03472892868863955,-0.008862492318077932,-0.007459243008568951,0.0773652181271089,-0.041599128321401,0.0032510402130480824,0.0029602319032171857,-0.06518291545912089,-0.03712385908047267
0.009214902399305112,0.011420018725516257,0.02059213570665284,0.009112391612042397,0.0006224324464635321,-0.0014784308100277324,0.0019158612354523883,0.00022141336601919973,5.580729755257635e-05,0.0,0.00014413047220219262,0.0013091902549780198,0.018115904222223256,0.013118510475471256,-0.004076418422935079,0.0004733145189313581,0.0006598649567424275,0.013540815727431044,-0.007095298479147457,0.003332245528004969,0.004000941378218468,0.1832493497983289,0.0588156582976281,0.010594147676705516,0.01724045494356385,0.006631945448272173,0.011870603262000826
-0.005802391665227422,-0.010915731303279478,-0.01276322524542491,0.0032283387143908675,7.401005757456362e-05,-0.0009908079813785076,0.00012204355838471775,5.1765646797702206e-05,3.0465125536168226e-05,0.0,0.0076624966410644545,0.003320394521151885,-0.005019053266079945,0.028604222995970055,0.010667425120565354,-0.0011703361469423015,-0.00020406476911220755,-0.0011754772535940074,-0.003541265698831396,-0.007659423023603044,-0.0033368794783240137,-0.12003572401384058,-0.01949542920741911,-0.01210049543832033,-0.004728913418726343,0.005397126869110334,-0.0048141637441799605
-0.01829960525384102,0.004525153120265635,-0.003485625417940148,0.002605095793960685,0.0004964352804541768,-0.0016747691309707065,9.069502840828776e-05,0.00025047593224482165,8.198205682384943e-05,0.0,-0.0017625641804854247,-0.00519628039011767,0.005710040531630087,0.006431049281083509,0.0035840829113709385,-0.012343886892475689,9.120919027283437e-05,-0.01236138120805101,-0.017176654254149604,-0.0008137412150762391,-0.026970279231976285,0.2036159624072501,0.0023075486127833553,-0.014307647336114464,-0.000577713603996735,-0.01740026686946957,-0.027646249790949082
-0.001598418855969749,-0.002020151366301059,-0.016812154314816773,-0.022001820131621563,-9.043028549265999e-06,-0.003354818830258389,0.002768383388080832,9.605197189192128e-05,8.5936156256799e-05,0.0,-0.014438159143727824,-0.011645771268048315,-0.006312943327391139,-0.21595715164145052,0.0021205634151258697,0.004591738124375751,-5.9928843924959394e-05,-0.0016486109753630605,-0.00691224760920983,-0.0017853440187082332,0.001078572501793909,-0.18015538507235437,0.0009749797807099486,-0.008068788565673706,0.003954050228885899,-0.018559582507439557,0.0014448841183796544
0.0010996566247713359,0.0031169112787483967,-0.00792765934735737,-0.018700254482070328,9.9770408086989e-05,-0.00160200562991474,2.178420810370451e-05,4.1945084066706496e-05,3.097035198904768e-05,0.0,-0.016086577924718806,-0.005547846351988441,-0.0041367970134236175,-0.14634419206905236,-0.03066363112612108,-0.0008804539997312557,0.004918943355909488,6.010833198427e-05,-0.006123911131450467,-0.0007759016340356174,-0.0011759644163505639,-0.23221526070127713,7.380788427282981e-05,-0.004657210573557221,0.0026047180299627413,-0.025932241402072273,-0.0017656566809714305
-0.0043507015519011275,0.011643644220283082,-0.029572259416778678,-0.06039179722416179,2.2732550701707426e-05,-0.0021558628970778084,0.0013349133765053068,9.954057304775345e-05,7.11466189619001e-05,0.0,-0.011316524294467598,-0.0040465110251763844,0.006447517638844424,0.013710383849936602,0.007472324107835675,-0.0025738747510603245,0.0010271120796483265,0.004031162795289271,-0.03944302502039136,0.0013093785864564391,-0.003986387644178464,0.0620082340850313,-0.03962298495021018,0.0019551766148309243,-0.003000563092027132,0.0012978105593314405,-0.02175073368685208
-0.001601681538571327,0.018560729030330236,0.011464884502148732,0.007059186935323179,-2.794534601584259e-05,-0.0013310806688799097,0.004744956720762136,0.00014546040265401729,6.10902972736294e-05,0.0,-0.005190302505618961,-0.000609048052002943,-0.018006407358662123,0.019520081992731662,0.008985614837289988,0.0011325700795976213,-0.00019242661735464306,0.003122436822292667,0.023567678082902884,-0.001545977884688071,0.0009278318623638157,0.15023339191789034,0.010444149688901947,-0.021164797422955954,0.003814561981315341,-0.0012725540376900151,0.007479509749517188
-0.011298739353479878,-0.001161764715294554,-0.01845981734809541,0.00524952436916334,7.520508558652449e-05,-0.0034121186187116405,-0.001476551104113965,7.066485225834781e-05,4.523488865069433e-05,0.0,0.00449932809574282,-0.0024465079319296117,-0.037825757510602395,-0.31183599387385,-0.00012754474179527714,-0.010121881092661352,-0.00010733569235335726,0.00047106412402401885,-0.0002585515074964204,-0.004354634615704835,-0.0015093121770743633,0.051016894317401064,-0.03425857962314375,0.0014620239962226582,0.0006084014656025265,-0.010356549270795826,0.0021846954872841865
0.006164084054298012,0.0177581553035012,0.00565335767341821,0.011104383234649939,7.918852028417225e-05,-0.0011418822176137336,0.0035329713867528726,0.0001481955092104946,5.6314280776966215e-05,0.0,-0.0024115283663544563,0.0014666115529656835,0.012949074499847177,0.013782783470787784,0.011300054463423059,-0.0013447925702497147,-3.5398193463522446e-05,-0.0022370208513206096,-0.01004496810258536,0.0012367605247670802,0.0028526141897005793,0.14404861112052306,0.012205444886713367,0.009526364159515114,0.008738841142803619,-0.01815642312175431,0.009132883536838284
-0.010897747716388058,-0.14438511120033773,-0.026155484876803088,0.004581919576170096,-2.4508563508414667e-05,-0.0017512807083579403,0.003444758736470827,6.630412974735374e-05,6.293334380731214e-05,0.0,0.001500613086208709,-0.00409985981740265,-0.016286171791823262,0.008606982189714549,-0.00603924759389815,-0.0005731717844077878,-0.000250422605407683,0.001246816821035039,0.014352862816063749,-0.010758874866983719,-0.011365115648571723,0.0543653867923205,-0.011432863553010746,0.0011209288171041337,-0.0033894854653372932,0.0011209266483532012,-0.00556537547904611
0.004477901586473886,0.012363446726454078,0.029484726526142622,-0.01604218307430813,0.0005164758258755245,-0.0015778405155484386,0.0037683445301962023,0.000351293456979473,0.00038347634348920854,0.0,0.002400553362766702,-0.0028262348041692194,0.013911813888498669,0.011862968402089115,0.019502431173333473,-0.0013922372078155139,-3.855347138571496e-05,0.004471635100893679,0.002514930235181528,0.0013562722377081424,0.008788377450406813,0.3023413494260169,0.005033097409979502,0.0025747518155839633,0.010482331644051797,-0.004044086861991513,0.020569973980244963
0.00011626112669276956,-0.19260327224019563,-0.004256265637531012,0.0030530374622979076,7.167397462674719e-05,-0.0036152887097295142,0.0025505787026206973,7.77964623699859e-05,6.918011370576374e-05,0.0,0.00037359409099103484,-0.003078453094710922,-0.023195778439467386,0.005319638561495648,-0.012401830362781415,-0.004741166627745651,7.113396514792187e-05,0.0006251416401578081,-0.03310150875965008,-0.004116886483974713,-0.007133932575281962,0.059764787572232185,-0.08617166709331894,-0.006157641481410143,0.003936943419136292,-0.023026385168977703,-0.023601796923874648
0.005545514486022977,0.02289782849737993,-0.013106465638572656,0.008797250539910983,0.00021949647874701687,-0.001059291994702058,0.0038302074988012897,0.0001816197903665127,8.836905366878326e-05,0.0,0.0045139983220401645,-0.002288096752443924,0.007331028208624647,0.014800350199409614,0.0038251889813039393,0.013979260933607953,-1.95652541343008e-05,0.0052880384713600015,0.020658450805074804,0.013524699158775915,0.010038644856118025,0.21054033702679711,-0.02141542880163291,0.005539995042062038,0.010650882204714726,0.00893162412486087,0.010035992458344186
0.006726209351957658,0.009516287753679294,0.0270673929144539,0.0028792373740818803,0.0005793937449678849,-0.0007658587407079275,0.004892673940827155,0.0004258918742323863,0.0003876597707566379,0.0,0.0010749420659169845,-0.0006896384590098526,0.004809456403103933,0.01059500360499945,0.014612427602198205,0.006404840854093722,7.244546202812023e-05,0.004916618213472214,-0.001468747132377012,0.006870070785064716,0.0029836416414979875,0.30916987979688404,0.005395139069186706,0.003383635330040703,0.0025967829731627706,-0.016614095908558266,0.012586815874833087
0.00136757866673038,0.02206043273708434,0.014112077044221679,0.005953755664931554,0.0002020756638641866,-0.0018059845175178886,0.0032489041178993135,0.0002444709939079038,6.558128302545601e-05,0.0,0.002731076494514243,0.00121476454957201,-0.0025767928436660438,0.01764406845931704,0.017298964860317536,-0.002750631594002196,0.00012510880896582127,0.006544268379896394,0.022032250798021735,0.006121047686436772,0.0035721924990301745,0.18574489176916004,0.004108877309583948,0.010383796168968928,0.007888024063992572,-0.007101734750746581,0.0037567281289273597
-0.004860847416372047,0.000725607519667356,-0.009720823209753739,-0.009877783892649346,1.9040685113537897e-05,-0.0027991404221559186,6.265920364007764e-05,5.495763257031679e-05,5.57332965952661e-05,0.0,-0.01752089728851714,-0.007523354313376429,-0.006567935747622854,-0.2126829351371061,-0.029922657679324827,-0.001190318660611681,-0.0004542928570038758,-0.0016655594250972554,-0.007154135315672378,-0.0013448023039632816,-0.0031874474992625973,-0.19227249886503053,-0.004062050598606141,-0.007648001693914063,0.006071293395624816,-0.0374759424439027,0.0015936382735068449
-0.0020925098672545574,0.01320726676118978,-0.019836298702141777,0.0032462178151271602,5.43831082197491e-05,-0.0014933888962543702,0.0007972709588998185,7.040669220167071e-05,4.22269106742633e-05,0.0,-0.0012241369198342426,-0.0014561348147974543,-0.0035514487490546595,-0.012425240778513895,0.013630618006331073,-0.0007224064469327431,-6.244687504285162e-05,0.0057042171510548745,-0.0024638581264393236,-0.0005887804689927183,-0.003636947828500212,-0.19039950930082522,0.0037315456239453743,-0.004905477782694881,0.01231379193278768,0.09740649562326373,0.0002128863929181038
-0.012438723892069412,0.01048315112591553,-0.06882436253555187,-0.015722402115534582,6.395940089214412e-05,-0.0008797183506287377,0.00014423825420546054,4.7770705371400265e-05,2.8037963498941702e-05,0.0,-0.01853090916681744,0.007027589025239924,-0.014729620861735177,-0.020673301920973407,-0.0015491296744409727,-0.0009409904833926359,-0.00024308864496506305,-0.0016332450184738533,-0.002748028706948682,-0.00455398931956425,-0.004263345185693499,-0.12577140445138627,0.0019961036516139073,-0.0005186628016402611,-0.009860770198006144,0.00992030373082615,-0.02093001045350017
-0.018487693259520297,-0.1896971323091217,-0.006350004585778869,-0.009347892846222849,6.522364127746109e-05,-0.0035984735937173574,-0.05548875071700284,6.855385852742712e-05,5.029109854051487e-05,0.0,0.0007034986786114683,-0.0027146077702806435,-0.021382657093794093,0.0018956376897503351,-0.007327707408723268,0.0006090806788948538,4.805783651474809e-05,-0.00014249129494577306,-0.026091690967140365,-0.00670036984405256,-0.009770406669766927,0.019280226175703935,-0.09546523766891991,-0.005088121695722586,-0.0008694264200152511,-0.04650512453236181,-0.015999413992676664
0.030747780647824303,-0.05686089023863084,-0.012709115549219399,0.004936261635677836,7.520471072480112e-05,-0.002210851519448582,0.003281084044598108,7.10561751217479e-05,5.345582451519239e-05,0.0,0.001359244289927518,-0.0018372893691619707,0.0033256974777852374,0.013113154162310299,0.027727274934089313,-0.002491116844231742,1.1916247740212365e-05,0.011047086486705809,-0.0026352245133674894,0.011862364297831827,0.010856875443868399,0.20790432965393565,0.04388433416626132,0.014858714262187704,0.0021871044136954733,0.0024450577709593324,0.012787117939985833
0.008450798918655402,0.025697606072883433,-0.003075590735425101,0.014183347268409535,6.943102227710866e-05,-0.0019006057716554141,0.0034921201233264454,0.0002148874049946963,5.8288280311277765e-05,0.0,0.006151987763045782,-4.561046800770514e-05,0.012490735758348874,0.0171196675278727,0.012972320077276448,-0.0006551147529632083,0.00015626884288321975,0.009067736159258944,-0.0033187719238488107,0.012747294796638962,0.015447040392208788,0.1695521773365612,-0.004303400109247282,0.013538523695897415,0.017347448333013292,-0.008946260372249194,-0.00949407704009655
-0.008497464134485468,-0.011964887892836128,-0.04956600629752226,-0.051328177797147635,0.00040692818851442513,-0.001483647428719039,0.00046679858429914096,0.00012663241119134874,4.69122209830899e-05,0.0,-0.01442965525261728,-0.0037711964128711428,0.0003629881512990848,0.009142254524148935,-0.07545305625377989,-0.00478484918685002,-0.001996992188222655,-0.012384392676219748,-0.01345177263986477,-0.004683141196944759,-0.009652600445364564,0.10473061454161162,0.005426164390367677,-0.011708392195056299,-0.011929648764464723,-0.013472451936899867,-0.020023520679753454
0.013193170978569702,0.005954358511760848,0.037647388405878716,0.004045060763504905,0.0006343668229340041,-0.0013873309512449773,0.00037774521335113284,0.0004870793695858264,0.0006277410641267062,0.0,0.002719743326222571,-0.0018579477661686884,0.0050432033173628205,0.012481703049786448,0.013266152480001096,0.003625570281574943,7.313798729442914e-05,0.009077039869710242,0.004712459334755456,0.01398290431545255,0.00469959776792077,0.2801377309569469,0.0014623343085268142,0.007818217794953354,0.0018780318444160846,-0.003407075829408472,-0.015751118809117157
0.006678330010989316,0.004758728145353617,-0.008405942434146163,0.005098666062876254,0.00012152544221261285,-0.004614209623946959,0.000792900945468515,0.00018936602345550227,8.101745576724789e-05,0.0,0.009512375544348724,0.02228761716181329,-0.0019025627901939426,0.04172375523081207,-0.017992250202871735,-0.00030843179177590777,0.0002597686696743223,0.015589663407339206,0.013482335856858265,-0.0006142849925758258,-0.004633953274445142,-0.04707520671804602,0.016015604758493097,-0.0015327339659030822,0.013174107283680363,0.023620569690239,0.08052284396313794
-0.005744239853462784,0.003931458190226597,-0.027437595057041086,0.0033920499396299184,1.56861828134826e-05,-0.003662363820001829,0.0006866058228653274,8.482978188516104e-05,6.809048691789657e-05,0.0,0.0005550807240937731,-0.009645300526828623,-0.003653611463009366,-0.05304711838404005,0.025300274565447745,-0.002166073887584032,-0.00011146603328655573,0.0007512732817036209,-0.0015295046532321352,-0.004293970562383913,-0.005938966571139958,-0.26948437314171564,-0.012313321623470852,-0.004949316556396245,-0.003843705692880032,-0.015811698624540814,0.009443860511961603
0.0059143635336245375,0.009408783647245803,0.027366113156001407,0.00614250759861719,0.0005013147829283611,-0.0012318786256431834,0.00410931849563242,0.00026130668603705946,0.00033219308106777727,0.0,0.00146343579539485,-0.0015614023440369772,0.006421380030619685,0.011679471725409235,-0.02577794275369221,-0.0012173766000597272,4.2716942080994835e-05,0.007871763778740265,0.0064846094291499705,0.005904274046430111,1.5898153918871747e-06,0.2617204121675399,0.010281721880190964,0.01065963786645909,0.007570945674256854,0.002020771175801669,-0.0016276032486949338
-0.001825583496076818,0.015379916789430983,0.004235331002056788,-0.004103712018831093,7.163013641828917e-05,-0.0009010266229950987,7.592158041128599e-05,4.930092972060667e-05,2.9965547156727528e-05,0.0,0.010486492264791593,0.011853357078290183,-0.0015866238171402891,0.0954944017028302,0.020662383022914434,-0.0010499846028566573,-0.00019019976178776346,-0.001691679837165015,-0.0024035462250258425,0.0006626860895049435,-0.0008807507941519601,-0.05240270979956337,-0.000488128514154138,-0.0006684660085344213,0.0007929904344490844,0.04855687292503985,0.003151159447184749
-0.007432275418679562,0.011515586681756285,-0.052476559925015404,0.00490823185573934,6.90209408390373e-05,-0.0007378817255581563,0.00021622834135905631,4.8672864168029627e-05,2.9460573292206895e-05,0.0,-0.04199689031781519,0.0006250532046572531,-0.0030691999988997406,0.04677301519366652,-0.00889262509557691,-0.0005322750845536789,-0.00010933533336072127,-0.001631336217896909,-0.003143845033685078,-0.004061916685732164,-0.003519001855168661,-0.10517210968723911,0.005579750372543628,-8.836121727462565e-05,0.00033904737365496383,0.00998112877655795,0.004294034622553905
0.0009128889606775835,-0.020887179776558067,-0.013515956392275666,0.012481197348046404,-1.1458220338302013e-05,-0.0033059759941862243,0.0004308584087101936,5.249827599448176e-05,4.634492194080197e-05,0.0,0.011129232720689743,-0.011509554540710648,-0.002667111528524101,-0.11701659693548419,0.030138128798705695,-0.00296743864321818,-0.00013057730365669817,-0.0017227361408879431,0.0023606359562235993,-0.000274683479195155,-0.0015955998559928255,-0.1537850132211612,0.0036714152773163165,-0.01029060418030991,0.003580949611167652,0.0036490523388892876,0.002179680351895729
-0.0022190661306532166,0.009594649188031618,0.009723070325760464,0.00574121926567478,0.00012979811298649175,0.0030532246490654466,0.002620795381119677,0.00014345297107224624,0.0001195800170169841,0.0,0.0018166171021042647,-0.0017795870508318869,0.006635451905742375,0.015195058309639261,-0.02311662182213166,-0.020266585771131322,-2.5848706355091135e-05,-0.006533914608003681,0.00616715938788229,0.004804737168595733,0.008084073688257106,0.10477326117325779,-0.005222294769551096,0.009184066339386008,0.006110911052776457,-0.013471428675661437,0.005175806166951813
-0.008369694028895092,-0.014505885643638928,-0.02648193317354675,0.0027498192650375255,7.04105106257804e-05,-0.0011298487017418143,0.00017828514129980262,5.1864682850835314e-05,2.977335903115151e-05,0.0,0.0023603127578491687,-0.003182320413911463,-0.008124242812268248,-0.0017954144668238408,-0.030329251078452364,-0.0010421595813414643,-0.0001970236783962518,0.0009605194906163943,-0.002842128129513841,-0.004748249804513287,-0.0036447371809465987,-0.12207463929364007,-0.0246831306419419,-0.005621477809598782,-0.003970149519301363,0.01115713064442172,0.007473600856774247
-0.0006787105911767725,0.0020856363857716226,-0.005534243526609987,-0.020156499576718504,8.132827053888072e-05,-0.0016850584149958278,0.00018612917814981697,5.1305260265454334e-05,3.1603338948289834e-05,0.0,-0.020343061993286275,-0.006237451656181368,-0.0035627808877965956,-0.17405621139792743,-0.03208442437613784,-0.0008200313080612332,-0.00048478306256567727,-0.0018225375400057866,-0.0029860761312586986,-0.0006695711636810191,-0.0002516181887386331,-0.2376580298529661,-0.0005281576268473789,-0.005921813364037174,-0.004686382283052125,-0.01878338889442553,-0.0010859456280986717
-0.011891801863619666,0.015181884615119295,0.014254184061520861,-0.02496276613736471,0.00024205339627092273,-0.0016272553072742802,0.0017988800752223864,9.574988324162628e-05,8.163615530206133e-05,0.0,-0.01748956062187084,-0.004571385467596346,0.005674690499064358,0.013412644787980467,0.0007266679404452959,-0.005818451413973531,-0.0002653245005539411,-0.06417110542135641,-0.0022103546965989867,-0.00723191523665601,-0.003324731357134503,0.13038666545017394,-0.021650062793635762,0.006516233347018758,0.00698087490540977,-0.011824930942071437,0.010537559119027198
-0.005545748368423435,-0.010910521312776228,-0.026565873439121035,-0.007422626608854824,6.671883625405525e-05,-0.0008979462003455673,0.00017270658828115468,4.414813715291377e-05,2.823717581695494e-05,0.0,-0.010774798711036478,0.007373990171703856,-0.012253116973668918,-0.0024693875318260077,0.004375041253733917,-0.0008507252485174349,-0.00024092050744666874,-0.009213414885684034,-0.0032086216986250762,-0.004178617722934394,-0.0036220855133557005,-0.12329290968784842,-0.03086262784950143,0.00012074807749376018,-0.0004941811715773492,0.014806899062609872,0.0005951917863569482
-0.006160675974240198,0.00536928813305781,0.008150578365046695,-0.015553058921829595,0.0007723552808705841,-0.0018460097771216494,0.0018812653376912522,0.00011512289289627725,5.089575817358278e-05,0.0,-0.004298793286725545,-9.643519343477874e-06,0.006225455974079105,0.0057754880081275,-0.01552141072011094,-0.003453491153025183,1.8451065462363686e-05,0.0010303182575361854,0.0016486406251965862,-0.013797154420342529,-0.014889510522019483,0.19110307736936788,0.019185120223847944,-0.0017398273444121828,0.006301208011901795,-0.015944002613482985,-0.003505065338819203
-0.008180282438906804,-0.008823041717402108,-0.023196403011701394,0.0021679190676099,8.544143209079816e-05,-0.0019529909423365596,0.0011926981156120317,8.319679073991129e-05,7.421066817621695e-05,0.0,0.0012025330005157142,-0.0022945639087477475,-0.0012963712171356547,0.0015417379689619765,-0.00023047489275792245,-0.0032456447111714384,0.00014492497196549642,0.002017569713728522,-0.010922806954490214,-0.005105404959226024,-0.008393017032923372,-0.38944223993281923,-0.032995023743451486,0.009093143740207144,-0.009788170748098625,0.003143416461852335,-0.0022929497048173506
-0.0006036083469393107,0.010780240827087147,0.02120525450237694,-0.007898549239258439,0.0005928136191442841,-0.0013328403163732517,0.004344952232166526,0.00040897345060860515,0.000262459259155438,0.0,0.002277104441443875,0.0017681841416118398,0.008189742201868699,0.00708130515950275,0.016701488615252304,-0.0007318650891038562,-0.00017776819367279216,-0.020717423690456104,-0.00508303513917037,0.007903215869485765,0.003778973133432061,0.32906725514911034,0.019506832248392284,0.004759598234990153,0.008441215575796605,-0.005276426299415357,0.003305186320319889
-0.0026604427137313486,0.0032580228732717047,-0.007866316610748637,-0.02058650637857784,5.783740429349682e-05,-0.002386839636645186,0.00015003419269167024,6.525366729147523e-05,4.0082373034926584e-05,0.0,-0.0233228429022694,-0.009456181611567391,-0.0044359731835628725,-0.23000343682324156,-0.02891397300925765,-0.0007312377264775707,-0.000540573639167356,-0.004258254336217902,-0.0026003812382334648,-0.0009415759758817795,-0.0024469247910843686,-0.18672533323152551,-0.003471477816821971,-0.006826113305033277,0.0025999037402022664,-0.019393460908265766,0.0013017037824462352
-0.0032446473572967445,-0.008778586643095448,-0.03251349423415853,0.0036530787809715493,-8.042021611662001e-07,-0.003423542126814215,0.0008838460341924976,7.04243862416996e-05,6.21625487964939e-05,0.0,-0.007659358952856884,-0.01079004000638584,-0.005541804495927448,-0.06012496257434614,0.00716738396541455,-0.0015702337171225927,-0.0001381691576634106,0.0018870187528713205,-0.0011171475010808125,-0.006895314733495449,-0.015171270596625229,-0.33154837660693054,-0.007247600690556217,-0.0086295629408999,-0.0031666292453190288,-0.029528940945565137,-0.0018249806498722362
-0.0027163292287362938,0.010797723634584389,-0.020975182236001373,-0.01121465704365962,6.057221621871045e-05,-0.0008393103568354407,0.00016571822914328838,4.3751340555092056e-05,2.9326596520560148e-05,0.0,-0.02387188860328403,0.03886812391935919,-0.0013495198646671454,-0.07160612675300847,0.04452309028244287,-0.00023047727224121046,-0.000236985672860638,0.001087879873940216,-0.0009552524332945902,-0.0007945543208663622,0.0006136425104128715,-0.10999415722023775,0.030628976799491156,0.003168374530952482,-6.952798885921332e-05,0.03485995455109208,0.0029390387476021314
0.002240570732323052,0.012600187218909879,0.018332328262450084,0.00315994628909066,0.0005419599554978726,-0.001329066747389345,0.0038716742994744837,0.00038596366618455985,0.0016695592285432888,0.0,0.0009045577068697474,-0.0021545105943660647,0.010242670551332279,0.011963274424392436,0.019123435372489575,-0.001467800594459366,4.360725748562258e-05,0.010075598786316309,-0.0055969323762805985,0.008885920642378189,0.002132672759221644,0.2988611524273621,0.007861922228774583,0.011835298959678964,0.002037029806602701,-0.005465408927387518,0.007315141498444664
-0.0027828491480915646,0.0024029728557889395,-0.013445221340742025,-0.018225111454339585,9.333200973499759e-05,-0.002001015296977412,0.00016861358213946355,6.07749021080457e-05,3.894761988278798e-05,0.0,-0.0217380751048415,-0.005622557260803592,0.002729719021617235,-0.23049362653692873,-0.03311496491962964,-0.0007703790937196584,-0.00048039485745672637,-0.003185375308611228,-0.00408273451858336,-0.0005650404623941202,-0.0001895768448494686,-0.188116181757015,0.0024738251390100953,-0.006619934916561069,0.00115961760637715,-0.021102267925258895,-0.0027406999914661567
0.008110866197613626,0.02344468445352174,0.030588503250668562,0.00522988422989433,0.00028267909966783007,0.01323470481541523,0.0033903685384417087,-0.00596803992976261,0.00011616451911117098,0.0,-0.0009340614789398292,0.0010156174876893502,0.006392325389570092,0.01589000994815371,0.01557430394147497,0.005375998846961711,8.057360343596941e-05,0.0044778373125124,0.022020919262082887,0.013543403069012553,0.011486234675869296,0.19919121518060395,-0.01142974622901088,0.0005381427181664279,0.006836026899266578,0.01662002512745677,0.0035370801320112827
0.031023518065995962,-0.03547406141722933,0.013946677015539451,0.002893887748489308,0.00014252753642514523,-0.0025586856384783724,0.002603697296998649,6.708931361954038e-05,6.61051061780411e-05,0.0,0.0011441697901640527,-0.0019298070092103078,0.008216958091200719,0.010447717664432634,-0.034645259018141784,-0.002681285642375642,7.362226322258303e-05,0.001495141215667063,-0.00031196035583110597,0.009255598919943627,0.009838135518070001,0.2038264355084352,0.012027556169045809,0.016016291310679505,0.02263118439403986,0.000574414907404257,0.014782831780455138
0.015757312214320154,0.009581537027580488,0.02520825011295339,0.0028878341395576,0.0005225744101712278,-0.0013470246413453287,0.004412890276747447,0.00032909356679751526,0.00027714340085849233,0.0,0.0011814057329348547,0.00027382983986216745,-0.01084537261587316,0.012632516541389088,0.013590779361676289,-0.0012103713632170044,3.9630852712863446e-05,0.005625028677500073,0.011643661384119208,0.01559562621191525,0.007415420646540533,0.3161698131566271,0.005992090926432856,-0.001187051596267091,0.002513970226997776,-0.00034695513375987354,-0.000974234414695157
-0.0015820648035928262,-0.011118068896226277,-0.012889863747005462,0.00833631246401314,2.8078772640516394e-05,-0.0029742400807260083,-0.00011794151106373575,7.148334494139452e-05,5.647280545089336e-05,0.0,0.002371396673080457,-0.006845181158525665,-0.007551662644595172,-0.20084433102391422,0.01346665148003114,-0.002914286499418601,-0.00010887489643987206,-0.0026090443702686595,-0.006161650267559547,0.0007432559955839351,-0.003317647189721822,-0.12480302241926983,-0.0012251734792108077,-0.00911222230149959,0.004351410821917228,0.002262063890274158,-0.0024584632001407375
0.0032202033720638585,0.011922149941670318,0.010734844080463771,0.0025501421287032534,0.0005355992386999769,0.006171303081188348,0.0034180891409880203,0.00036865200254631496,0.00020572618273138218,0.0,0.0011702264627511468,-0.0021159251524071557,0.004015019068521052,0.013039850603060723,0.013514390094830379,-0.004284551144110837,3.59127020446034e-05,-0.01491345598540329,-0.010683154669515211,-0.0019192067594825531,0.004300417926013634,0.2680650097087447,-0.003245627766107912,0.0024883885601466927,0.006215776521134576,-0.019223417556973186,0.010196083601390932
0.031023518065995962,-0.03547406141722933,0.013946677015539451,0.002893887748489308,0.00014252753642514523,-0.0025586856384783724,0.002603697296998649,6.708931361954038e-05,6.61051061780411e-05,0.0,0.0011441697901640527,-0.0019298070092103078,0.008216958091200719,0.010447717664432634,-0.034645259018141784,-0.002681285642375642,7.362226322258303e-05,0.001495141215667063,-0.00031196035583110597,0.009255598919943627,0.009838135518070001,0.2038264355084352,0.012027556169045809,0.016016291310679505,0.02263118439403986,0.000574414907404257,0.014782831780455138
0.00581413109030315,0.003432291283561774,0.0038219611029399383,0.009101129265738198,0.0005232622237335352,-0.0016206176249950416,0.0038226061236173903,0.000358185996216542,0.00021659562593512197,0.0,0.004760165751390777,-0.0026563360297111403,0.010035559610885848,0.014557339450143411,0.026477439373004893,-0.0019865743670368554,7.269803817715676e-05,0.004803012124236115,-0.0040922559156890415,0.0017713139593183963,0.010672814718804633,0.2826797385842384,0.0070743916215897,0.008241358043533539,0.013423325655593146,0.006400491068064187,-0.023167574306069846
-0.0027979872440567002,0.02691437659637726,0.02744260340157743,0.003976133539448504,0.00031140485423743723,-0.0006507020737525986,0.006284882480044727,0.00013620919231691,8.853924486991756e-05,0.0,0.00585793755239277,-0.0023315849564769734,0.01111306630256496,0.013562707104001875,0.015892665155500866,0.011078753086301725,4.167439664811976e-05,-0.02454405646652638,0.00920351266743821,0.01007424675928756,0.005504237004661835,0.19522430847393177,0.010446144539959621,0.011703429131040187,0.008088128911841847,0.008198870840745947,0.01739954987341817
0.023263722066574767,0.011366244162863021,0.015314161355367971,0.007085332326146779,0.0003952813744333633,-0.0013620019633239582,0.003169480317213938,0.00022835011611072145,0.00013064794699763898,0.0,0.0034170926448938268,-0.001438786975925138,0.013599698450524389,0.01446667275531781,0.01296891151557044,-0.0018718694324441924,0.00016821731592700948,0.003421890668519901,-0.006629690808953696,0.008484603028500334,0.0053727396044824394,0.2541538834430822,0.03405530878661506,0.009490967327351225,0.011111369167101131,0.007757226965073248,0.002513930379672208
0.004988309482149867,0.0017038288268684573,-0.012931992318766908,0.0039158700102894335,-0.0001332270319812395,-0.006594941339327792,-0.00014927515892752924,0.00013592545423661033,0.00021932021182750742,0.0,0.0014248757717291983,-0.009260851314062823,0.0025373530198228127,0.0188762374367587,-0.007495509049460478,-0.007422132784397369,0.000587654206333106,0.005638223396281723,0.0026667082319533626,-0.00499977802882535,-0.01118242111747615,-0.05824131101967464,-0.030371386483711894,-0.007085952035878436,0.00470706142210182,0.00606272607830238,0.012890626676740461
-0.0064210895345176286,-0.00453625042822826,-0.018066924575700794,0.003021768411059879,-0.00018459271582562875,-0.007459789772819215,0.00015338040762612876,-0.00787053632449182,9.290233062548359e-05,0.0,-0.013885326329206105,-0.011291961884152551,-0.009374550587733994,-0.004968422885243504,-0.01304788524262049,-0.0017015510478815099,-8.412284350017289e-05,-0.022957121264915125,-0.004971171848986969,-0.010507862688699979,-0.017239349801720157,-0.1729331481686112,-0.025811759275433815,-0.010958034658362134,0.004038312260407252,-0.037894574986228696,-0.0034964286688047262
0.0035677442713799106,0.01694467212679503,0.0021931454958085696,0.0028685077662598465,9.010736216964949e-05,-0.0008876383628500708,0.0001247484881657841,4.932128705505704e-05,3.0411912939601416e-05,0.0,0.012093659425808836,0.011624795614979094,-0.0014905863423504149,0.09586773397727286,-0.008707064484732931,-0.001001522575033858,-0.00013600447131173764,0.005268611335046576,-0.0031324727527487876,0.0032484689477428885,0.0014068071114648904,-0.058458782814149006,0.004312327132728032,-0.0015354689224875004,0.00552402191493774,0.04691861647294552,-0.0026846652096382683
-0.0034564844345385125,0.0055067251991889315,0.009960493414397208,0.006666288799183717,-8.365573182937717e-06,-0.003824041084407936,0.0003975243238807819,0.0001453319035234836,0.00011582058578287618,0.0,-0.00039895758853607824,0.001986676328824849,0.002828573026642317,0.02146405224249875,-0.013840471519655098,-0.004025630003985103,0.00047860749536327853,0.0080759089397674,0.0088502242679936,-0.0003714038338892289,-0.0036039690850956196,-0.10544821972626689,-0.009906616052956944,-0.008965263329251008,0.003972895557304777,-0.010614831854328464,-0.008241728680436369
-0.0023096561305436664,0.005372421041086455,-0.012337612120269141,-0.014859671072614909,-0.00015033967656267417,-0.007711234598120756,0.0004180968761818292,0.0001154956992551998,0.00017284566025602607,0.0,-0.0026716625717177244,-0.0232237268069536,0.002221100558308012,0.004976791600915406,-0.0014395324205685597,-0.004082166220182115,-0.005842496850444968,-0.0015230046704473189,0.0011461777174011972,-0.002556129633774666,-0.0008155302463151664,-0.12674194417594156,-0.024550560230523124,-0.005491947894121738,-0.00012271875196806148,-0.018959297574968025,-0.014578563505126233
0.0023239178559899833,-0.008973696130601647,-0.02698327634690684,0.0061037578338302605,-0.0002958163185314953,-0.007903448492844866,0.0015402228037494077,0.00010613915609174608,7.064614809228503e-05,0.0,-0.000860267807629874,-0.008308195553819928,-0.00666873263844811,0.0039252448585167556,0.009876109246794423,0.0001858702713187473,0.0003528882736263717,0.005033349383107729,0.015656222622391604,0.000630412108754388,-0.0009937317353454782,-0.18646399437329447,-0.0050668785276022955,-0.00861602251011125,0.0066116298069628845,0.01617057502389557,-0.005696230741505004
-0.010601054687029548,0.0006651595564875945,-0.012193405162615387,-0.03486544792133473,-0.0001115771236655572,-0.006730537092736454,0.00010674762499264959,0.00010159513772316013,9.962606541067697e-05,0.0,-0.004508330668664987,-0.018066192826478186,0.0032536761372276815,0.011181975451338163,-0.001863675785982305,-0.002825322326830267,9.347490168706881e-05,-0.05333663896087345,-0.010971470457865753,-0.0030181528743928386,-0.006076497940811465,-0.12431420617260897,-0.025896830424336836,0.01437928406763511,0.0007260098102678582,-0.010396882865186079,-0.018814868487188528
-0.02804883748582728,0.004951138946966048,0.008040254480275115,-0.018263510027275682,1.7500000788564667e-05,-0.006087218050682519,0.0011106334617534868,9.582402983971908e-05,8.732182367235297e-05,0.0,0.004041433959286907,0.002410220087893049,-0.00016276813066417304,-0.0068214881778090744,0.00010467142628461484,-0.0006474326859087613,0.000243399447356928,-0.031180605964576998,-0.009244873277629054,-0.0006943935813383182,-0.0014496044955951044,-0.1483411833850808,-0.017459302097805496,-0.008854928809379296,-0.00369340163715324,-0.034000566657350885,-0.014184929224541325
0.004494752908236586,0.009273076937494906,0.002588807101412914,0.0024604966721370977,0.00019999764375226313,-0.001846873814857981,-0.0018775125762447665,0.00013828548944085734,7.043990677486244e-05,0.0,-0.0015736435598521356,-0.004110914168988485,-0.05017307628763558,0.010321285454622733,0.006297830750634329,-0.01028026830834711,-1.2495802377824039e-05,-0.012811837873676181,-0.046047721520741165,-0.0037766435556956693,-0.0073810038773585536,0.13368179709554753,-0.018141814504105996,-0.012555544713476058,0.002712703768296283,-0.02601356989486381,-0.004341164737831072
-0.00749571282990421,0.01443654531054445,-0.04884976104242344,-0.01227144010903717,7.14585063087662e-05,-0.0009205989853787843,0.0001578586672488984,4.7592406813244036e-05,2.9520362482930572e-05,0.0,-0.005564951258147712,0.008874136681136778,-0.012219610131771667,-0.00448895056483285,0.0010102576402158231,-0.0010170766049564252,-0.0002663014165638275,0.0013854878052243047,-0.0027133704282190614,-0.0030568326838659237,-0.002441579635227134,-0.10260860230901618,-0.003630859062586853,0.0009958248939791973,-0.00417878600484727,0.015484684424195408,0.016841943597031415
0.009026155431993135,0.01574532706349259,0.01212662520935266,0.01822378747589272,4.620348852493956e-05,-0.0009887269188132534,0.0032638715498801724,0.00015714928018957001,7.167222107537635e-05,0.0,0.001444495171084621,-0.002162840206332713,0.01007114520386214,0.02379431127681125,0.01405898773785193,-0.000582789063699983,-0.0002239342758710185,0.001404310003286661,0.009245855238319872,0.009196743159951727,0.004082192245149146,0.11763374040005707,0.010286183527067679,0.007539223234561504,0.010023269501720769,0.026906978194759748,0.0004795045972527619
-0.006305885587998581,-0.005606784838876829,0.008060770415696111,0.00480262029445289,0.00011600331465648065,-0.0042542769894566,0.0008743544812214934,0.00018469064245346203,8.07306471636393e-05,0.0,0.005033930295028477,-0.0024734380300242744,-0.006680788217835892,-0.0013798470077722397,0.006113912026191878,-0.0005036178755708402,-0.0006233710219359454,-0.014175873589835571,0.00294339315145729,-0.0031975131899040087,-0.0034728907901522203,-0.20252997131764627,-0.015095542918311299,-0.011182059711721351,0.008193677058284932,-0.037016049885944306,0.002514552207566803
0.008599354379146726,-0.030630590256970732,-0.014261642582308326,0.006903652802327777,-0.0001927953488893086,-0.005339973152938688,0.0009115947675310621,0.00012279534164389834,8.632944912807197e-05,0.0,0.008987244432966893,-0.002733268338286762,0.007904408583862649,0.056929642511587004,0.001282640414552678,-0.0027008128831497247,0.0006025500541114242,0.015372045316386047,0.0038146822475924017,0.005359788528345624,0.0038786494171855136,0.009187866138673423,0.02090338423695077,0.05612595099658802,0.007192220396927512,0.039851131341782614,-0.004801501270568381
-0.004379873784563182,-0.01194401364833962,-0.020063031281621607,0.0022816271564697903,0.00012329265640643512,-0.0016693622830294228,0.0008830711324028334,9.999505794130831e-05,0.00010185412875163089,0.0,0.0007662920820559863,-0.0020947104646689605,-0.00023652959391876955,0.004490625560637726,0.002742803672462314,-0.0020885324615170587,7.2502331342487e-05,0.0030078047573813367,-0.009937979101476205,-0.004455993475899531,-0.003197018199887508,-0.39310706988942407,-0.02048136468270263,0.00849882918616684,-0.007190604424020596,0.00288952692168645,-0.0071283144293798825
-0.0012094246213787342,0.0033353422022129806,-0.013323970982197111,-0.019012560065394504,0.00011482683986120637,-0.0021258952901353828,0.00023408138555115575,4.33831061048082e-05,4.199160346806245e-05,0.0,-0.020221453818405857,-0.00696493805340247,-0.004486360153858533,-0.20615955391217336,-0.03266883953887452,-0.0004941537644137306,-0.000506718807663715,0.0003052744207425955,-0.00438446617749065,-0.002205901199922122,-0.0015901815531402152,-0.19999885614871715,0.0005343097406637618,-0.007728047771199559,0.002038089103258562,-0.028695043117650938,-0.004449120988787384
-0.007444218861771018,0.009332142225733411,-0.002556591179609982,-0.003712783047481121,6.173647470510975e-05,-0.0008593840003670107,3.07924266451628e-05,5.040635025117267e-05,3.0409975258989838e-05,0.0,-0.0005484297461456359,0.009577996099309606,-0.0011955135740570806,0.07959844371940342,-0.01777651039355211,-0.0008997599124620448,-0.00018616521643518275,-0.00448400660759347,-0.0027169836366571403,-0.004966817212467966,-0.008240852200852421,-0.07706628670944986,-0.007421968016007477,-0.008468266290434798,-0.0009188740108393434,0.039111664938061515,-0.010118420702085665
-0.014254737486815649,0.008745263785166572,-0.06331657835531869,-0.008774581660835286,6.596302803072026e-05,-0.0008724936380453083,0.00018368533019141826,5.036776963350602e-05,2.935286035945336e-05,0.0,-0.021295282259744145,0.006809496880893297,-0.016981327792966846,-0.03307072766284049,-0.00017176268724873757,-0.0008587843190402728,-0.0002619125248513384,-0.006072569498420712,-0.0035425579198871773,-0.0048236841704839975,-0.004300188619731258,-0.14006232610198976,-0.032774052120051966,-4.1375848699256444e-06,-0.007690706501340458,0.004487801407103818,-0.02449488118661801
0.0095222254002992,0.013008001387612196,0.024651705273170205,0.0029572985141878244,0.0005245701120148947,-0.0010176111536174795,0.0059184088867196205,0.0003566622661081461,0.00011339453930769034,0.0,0.0014430975120816232,-0.0012363412071490483,-0.010570502860663087,0.010628313698559237,0.012868041063136812,0.012200775694432382,2.0428604387895876e-05,-0.0028707765980618884,-0.0035354104768099233,0.007737934849848411,0.005825053758799672,0.3105301643489509,0.012098238644742338,-0.0027574895960303745,0.009496071367899437,-0.004163196227809047,0.014396567563285414
-0.019741233361381397,-0.005097807255672192,-0.009076742348454889,-0.02076668798791397,-8.54040222267963e-05,-0.007457575537952173,0.0006226035777493666,7.672332087306311e-05,9.304676847186868e-05,0.0,-0.004738269563004914,-0.01328877669234789,-0.012832932485613147,-0.0016087734672554739,0.0028813439302994735,-0.003928244060718795,-0.0006519148553666298,-0.005052987919656813,-0.014192835421887928,-0.008458732143995581,-0.009147071971082818,-0.1200237752488017,-0.021399853002099685,0.0029119950902939005,-0.002721478795481073,-0.012808349477357447,-0.02229737791261742
0.009755408301396293,0.009699265884729247,0.01737432572333719,0.007814203368458741,-8.477810398827e-06,-0.0009684636555684241,0.0061942623726934,0.00013823309979935146,0.0004014843721791488,0.0,0.0005978423958204412,0.008233243930304113,0.0036979093099141864,0.029842231095328395,-0.004029015850986915,0.006985357075429762,0.001293261006120334,0.012284270928046152,0.006415132588124158,0.0024583979620057244,0.003028825422480721,-0.10298817146494676,0.0043921736898855515,-0.005947150851632649,0.005931299565562325,0.007849257714169706,-0.007412014294232495
0.012551835352847653,0.009806040971393598,0.011536772096038912,0.009045861832604153,0.0002606545981669972,-0.0019882790511822563,0.0013832722267631324,9.4437091163992e-05,0.00010277644599841847,0.0,0.003540114554866984,0.009145536826659768,-0.004669023457345632,0.05196388116078271,0.0022560792930476307,-0.00039872814236746726,9.941836015616101e-05,0.011776951884423804,0.012254772987989536,0.004635543156966605,0.00449984788438517,-0.03210734370742373,0.017920838952188916,-0.004661815428233774,0.012467408088452024,0.03542637953180125,-0.0023445255581049118
-0.03892382940633989,-0.0018818147569556723,-0.011305717680068349,-0.04487707548912596,6.551358401960479e-05,-0.0018708685632719253,4.483061020177214e-05,9.807770139235362e-05,6.372478950656932e-05,0.0,-0.013046602072660386,-0.006865244201797728,0.0028649014204255654,0.010281835548085583,-0.0016441817603372287,-0.0034271905754019987,-0.0017965733157444795,-0.016494165478996105,-0.05491605976241105,-0.01689304603931979,-0.009716457052097347,0.022749858781735903,-0.027113870553401392,-0.009318447835866453,0.001032925023708069,-0.01112532711618392,-0.025690227961341208
0.0029269383384016414,-0.024201651129143405,-0.00950152611343286,0.006254833277869641,-3.34727277268106e-05,-0.003630833296930716,-4.561338654597809e-05,4.571575034265338e-05,8.034083740095952e-05,0.0,0.0021724931511272107,-0.009828909037323317,-0.0049453827346592595,-0.20115564202355418,-0.04025257729832859,-0.002850270290235183,-0.0001118807703567656,-0.004601452374852804,-0.006601887464539956,-0.004405100407995871,-0.0038525627747088348,-0.13524402254775147,-0.005135109518754023,-0.006125427157689691,0.0033112124580235262,-0.0013744343102829182,-0.00534337711933657
-0.004707623932812159,0.001085540983647846,-0.007004540082611672,0.006043690089218172,5.580688111852056e-05,0.017140766037090246,0.0005632185899856238,6.565863310399677e-05,0.00013069611194176778,0.0,0.006639764790254698,-0.007068884546263905,-0.007552777102964176,-0.2547426442115624,0.0015768420144884657,-0.0014036386842986963,7.977438933780204e-05,-0.0007402130644989862,0.0039938189569985886,-0.0004943506084157309,-0.006108068527241512,-0.13588794699146364,0.002665015805946183,-0.003915855820509484,0.0019356134915395208,-0.03584239567372812,0.001945770622957555
0.0011182541239169474,0.025655623888216437,-0.01679440542950208,0.013892778203047148,4.4213038038814474e-05,-0.0017740362523029777,0.0027007475338463012,0.00012409288777051594,7.166962875445869e-05,0.0,0.002535392463572054,-0.0034316308997621348,0.015488260982574789,0.016999886541792915,0.012139509949025597,-0.0028237118849066384,9.162487961682945e-05,0.0017498526942220378,-0.043979266119889907,0.006533702821954945,-3.1255810157855934e-05,0.14152807975114431,-0.034497590567272585,-0.002854115671483042,0.005942782461492702,0.005075148001491461,-0.002560075443383309
0.02258812759211596,0.012305163592249625,0.004448960961466178,-0.012642341222213357,2.944685399050106e-06,-0.005003838741960972,0.0006777007925679195,0.00015204968840060385,9.399018059710556e-05,0.0,0.0009016480275041946,0.016710718506784936,0.006386518513345477,0.04676177145888514,0.009176782745062397,-0.0024231616031291717,0.00060900294443829,0.012400559705970779,-0.007804077798349229,0.009790104102039548,0.00691438648130857,-0.04056012671750643,0.007460410136399108,-0.0062388808351842955,0.009747180953346915,0.008044509414286754,-0.005478051007429397
-0.012008264816327033,-0.03772146456501502,-0.04626163864254209,0.005076637511839182,0.00018316416280886362,-0.0018967101341133801,0.001097615090929636,0.0002139196784375421,7.294407979531768e-05,0.0,0.0002660119072992241,-0.002782823937992587,0.006826932162622238,0.00892216548782202,0.011735939103949447,-0.00446103813792793,-6.24128346096173e-05,0.0013397937570883086,-0.027264394692282264,-0.005222208489277894,-0.0037568645660644067,0.10150965614005548,-0.04871946794886415,0.009044404853125356,0.005667928805329107,-0.06297062906971561,-0.005684352301819881
0.00752786700526718,0.020826304941192936,0.008413977612481006,-0.02240100812824754,0.00012197911032936094,-0.0012827939898011548,0.003190851037112655,0.00012309252470923442,6.332443898181206e-05,0.0,0.0023526698752172927,0.0019360627900778208,0.013129430601054417,0.011994440211579697,0.009240031637595488,-0.00021270548931075345,0.0007362103680553173,0.013242903402499059,-0.028144708531217318,0.0021703737602779575,0.00043072305227984884,0.1446261677631706,0.030059703458427334,0.008788389679196608,0.0074619635175491115,-0.0029800098018788906,0.007652971255062796
0.015823877636781492,0.022551472298210147,0.011829090467092967,0.00669903695490721,0.00016789363636722407,0.00015985863647390385,0.003961678119117601,0.00012709231946603434,9.834483509951975e-05,0.0,0.003786143565479448,-0.0015392154154404353,0.012951030626167568,0.015679992025694423,0.0031656100253605194,0.0029749773279357946,5.373077239241056e-05,0.00745486999580138,0.029224008398275558,0.015372783406038733,0.015719759714905867,0.20240172168478343,0.0018064472489896135,0.014056594610765385,0.0073742474430366,0.010062915935208163,0.011998485225478764
0.0008440206752248703,0.021745671165131233,0.0032285297154270526,-0.002255561095128734,6.742548369525399e-05,-0.0008542244347085621,5.0595154722014944e-05,5.074928267049607e-05,3.0355838045634695e-05,0.0,0.012450152654934845,0.01082210597453586,0.00029197180808539507,0.10458679129092555,-0.008718852720193043,-0.0008978479362180728,-0.00013968536775533602,-0.0013240394739929804,-0.0024926101038666958,-0.001978071096504165,-0.0002930895436819764,-0.05470334210260053,0.021419745852769456,0.00043903567198444644,4.78449815909783e-05,0.053239177769194866,-0.006070678698777141
-0.002170239986341646,0.004844694999973935,-0.010053482245108016,0.015275320512813509,-6.392829550075449e-06,0.02981937046780643,0.00018080906479028914,7.78443447271629e-05,0.00010172361218324095,0.0,-0.012621114202401182,-0.006022888796801116,-0.00738933605126633,-0.23323843261584545,-0.021240352757923697,0.007209352912525528,-1.2711923966222659e-05,0.002220469138120808,-0.0061406341386621936,0.0003214106886401923,-0.0005436524524185354,-0.11980202042417883,0.014677926775952106,-0.0019820653442289365,0.01762293382640009,0.012087491402716623,-0.0006459318554976866
-0.009237727765817699,-0.016853466066627288,-0.011399823879465596,0.0029815024021683212,7.261721418223308e-05,-0.0009614943599404853,0.00013707937446438617,4.9789862422086863e-05,3.061214364676206e-05,0.0,0.007898160386679842,0.004633843443786656,-0.0049769438793556674,0.029488566112905776,0.009302562648252017,-0.0011006887322440426,-0.0001806818732387026,-0.0020821295021036692,-0.003513268106140604,-0.007303267141708427,-0.005225746026382226,-0.11884126583413004,-0.010564896063924668,-0.014190042243645964,-0.004685014803498187,0.009049268644835774,-0.01025089819602223
-0.006078212664952443,-0.0042655958055360646,-0.013925817819795515,-0.005049261636915228,7.032888035389442e-05,-0.0008893177027734199,0.00014953842069732952,4.9310264568151126e-05,3.201910937346036e-05,0.0,0.009316250247380815,0.008577585408243625,-0.002937370120885433,0.05205121597563542,0.007814975604796093,-0.0009602424469580457,-0.00020282258304518233,-0.0014168110178443165,-0.0027954747165888872,-0.0041234096445153055,-0.0028606081559047597,-0.08829378142341411,-0.007742929537900037,0.013534255476255384,0.0006016272385348117,0.020136118909141756,-0.004040181636008135
-0.0018302883404554722,0.0020923414734622253,-0.02711206602511917,0.0031717580099375436,9.884617179494087e-05,-0.002382742238551904,0.0007082320698643513,5.9978961486731555e-05,3.862961548419071e-05,0.0,0.0019906756995819387,0.0016292347650842462,-0.011050815423033735,-0.06832058810283229,-0.03869616012149924,-0.0007132140950925467,-9.072833935111847e-05,-0.007055647293275541,-0.002741933938715522,-0.006471494973452789,-0.0029645397503387906,-0.3179121023266303,-0.001763379921470195,-0.0051223215903826854,-0.01459158047187429,-0.03508372591275891,-0.004110724180782978
0.0025912730840712307,0.0032709319245922764,-0.006746029336304702,0.014791105076404172,-7.066957589371892e-06,-0.0022160322764744125,-0.002874067081698894,5.1937166393311545e-05,0.00010328288100942961,0.0,0.0027898841966315225,-0.006306370894651964,-0.009944687215528042,-0.13989947771758446,0.025099259045859967,0.0015462442867137994,-3.384130245360553e-05,0.0014911568984444755,-0.005370890076681887,-0.0019616998954726608,-0.0004144636256453477,-0.01483568531604172,-0.007438599864944291,-0.0036730244890337102,0.013375845071348496,-0.005387967250639992,-0.0012646971463032353
-0.0008325643824569078,0.008227911324174742,0.0037226496491568855,0.011025248396173517,7.603498394811984e-05,-0.0011919697354865458,0.004210592816756523,0.00012549908764280485,6.346119015934425e-05,0.0,0.005263741832679626,-0.0021387626682642298,-0.009147020852621824,0.014510209206948036,-0.018934843802898216,0.0007710479112606706,-0.0002548880440218865,-0.007876855724462995,0.01427896007948489,0.0017816008355420745,-0.0009781816975399052,0.1174211237892603,0.005509465677535261,0.007167348941078396,0.009605784575771534,-0.0011150411495512525,0.006438993843673691
0.007989064640943372,0.027707038703016947,-0.011961479144218655,0.015012058378276573,0.000120981253248022,-0.0006623678112286141,0.001088069080757801,0.00022172257851438748,6.375232897989586e-05,0.0,0.008519440419017536,-0.0015814717836973176,0.013090852828689966,0.017284924172236878,0.012025447559519068,0.003961926345239253,-0.00023351229562827447,0.013089501079574165,0.015548268749821363,0.004646449292283655,0.002021108677272061,0.19921825765385784,0.020790553417686312,0.00844751768514435,0.005830645931184556,0.009023283934967782,-0.0003210899977600995
-0.0057371532817416145,0.013554541447179156,0.008630609439210445,0.0036582806404105786,7.055628424346216e-05,-0.0008819927635302886,0.00018130437660575916,5.001921466901675e-05,3.261500430751199e-05,0.0,0.010586190274929854,0.011353851844174725,0.0035403102188727035,0.07248322276418352,0.009712702372894315,-0.0009514793296790163,-9.649751111242233e-05,-0.0005539325130521215,-0.003369293873073909,-0.003541691907560616,-0.0020963571125612837,-0.06779049914535394,-0.001732441491206259,0.029335966442150477,0.002965364378957757,0.02263146076546085,-0.0028627186568164257
0.004847138207251613,0.018387556576888127,0.022136643687788716,-0.003253681059666436,0.0007734524626606437,-0.0016909546963803973,0.002073032958382725,0.00023508371780164923,5.1820314748649915e-05,0.0,0.0025215264490450343,0.002900544562946823,0.011356040205625981,0.005284357244007327,-0.012125730308312245,-0.00280909015294616,2.1330527019046138e-05,0.002804702031907212,-0.006661294072268902,0.007770164623263832,-2.4850030679802297e-05,0.2509823323356691,0.034806675724193305,0.01213856404676615,0.0036013371190433863,-0.0008417547199020646,-0.00262429266104677
0.017256136918241197,0.0121934129998939,0.01401193849749745,0.007661283947796808,0.0004939662773826824,-0.0013714125242438012,0.0026662088308954646,0.00024395764450928212,7.804678538840602e-05,0.0,0.0022155465280536994,-0.0017768173969406667,0.01233205399639419,0.012704616432173898,0.009581582467817882,-0.002795995810660963,0.0001402248626130145,-0.002754528664389917,-0.008032941657642323,0.010177214279041722,0.004004793372684711,0.25189413315141074,0.039840940884410196,0.009169544486970436,0.00947633813374362,0.0008912573385547938,-0.016580108521255764
0.006528340365708701,0.014243593680036255,0.03272572260518046,0.002930567195299791,0.000493886573601171,-0.00108823034700762,-0.011383198429635824,0.0003469933320995288,0.00047921954734129053,0.0,0.0003810892049235843,-0.0019563179777292317,0.01012006004966234,0.013776372919713214,0.019507242349048104,0.0025059034622284242,4.8763516887742644e-05,0.004864444167222098,0.006913442889104382,0.003019515202621934,0.006966650751235379,0.2831802258508721,-0.00021646335638861254,0.012676304970481564,0.0016198248901053188,0.0017697577364637874,0.020488966415254998
-0.008405734796230177,-0.002504796132592612,-0.009308510634522099,0.0028406025010740067,6.785615847664476e-06,-0.002049293518015927,0.0010040654057780702,2.7067107646671562e-05,7.415581841640462e-05,0.0,-0.011084839126743773,-0.003358322086350369,0.0014513060579220576,0.005282819050851629,-0.001716100253328582,-0.00368720225283182,-0.00014152778584486096,-0.00651647765568473,-0.05517231485447762,-0.02243082468102431,-0.008750049564767734,0.03701242169487254,-0.009695873769618732,-0.07505206129700422,-0.021419701556211704,-0.018856767942206476,-0.004837265281766668
-0.004750155332239914,-0.010029477949434078,-0.02177814687962048,0.005553068126103917,6.397464803259451e-05,-0.0010061912679485095,0.00018994413786344738,5.531182464917768e-05,3.083421744084708e-05,0.0,0.004341304208953221,0.006074034592782587,-0.002473887800915134,-0.0019413697951451926,0.005648335974721901,-0.001021093441907593,-0.00018762403266881308,-0.006526320502743428,-0.003170090182728859,-0.0017159939168487016,-0.0015702318509997688,-0.10636788689524264,-0.017711048471218495,0.002376001209364666,0.0031568027253398028,0.01915831813435325,0.0027649385186722043
-0.008344631623064269,-0.019735750035454826,-0.004682474156944804,0.002571469538578084,7.797963794358081e-05,-0.0009600381929279242,0.00011694493439366063,4.9500260461496e-05,3.0515592792817033e-05,0.0,0.008269930359029003,0.003663733055862156,-0.005015098270095726,0.06519387958317374,-0.022952239026499326,-0.0010639779035585993,-0.00016495603887784746,0.00014584518657455572,-0.003491400315373306,-0.00298823055920731,-0.003276332111652713,-0.10650010987567321,-0.0048538560706496885,-0.019860298190704527,0.0020889760303836394,0.02108088376658423,-0.007459798502944529
-0.0058447013431700895,-0.03976906922926037,-0.01026253303055002,0.003409833103105319,-0.00017041063608854812,-0.008883919866002541,4.742945012916667e-05,5.539887530748466e-05,5.9960683856273206e-05,0.0,-0.0008942088625595115,-0.007745804407821878,-0.014231576721193193,0.010727247878830105,-0.019898424253533265,-0.010893239473075137,-0.0001080322307100053,-0.011149377342614522,-0.00948096468852235,-0.012382462054288756,-0.01089873058395389,-0.05762231827820985,-0.011075536817920463,-0.013283049680896617,0.0046430610015686,-0.018651561189237154,-0.009998431132019587
0.013207815634958243,0.01287156392412544,-0.002021903203409876,-0.003820688708363503,0.00036914360451474376,-0.004007256434941678,0.0005856415215255335,0.0001673812770507207,8.246132882802936e-05,0.0,0.006441929356141676,0.018213108599733262,-0.0006396785505621969,0.05326991539609956,0.010845936004941556,-0.0006442451949566464,0.010213979034766594,0.01274945586027019,-0.0019978701805854026,0.0074053188432951335,0.015659884678082974,-0.03233460794519143,0.025327563121647183,-0.004781843848069416,0.01758420408736976,0.09036363125874115,0.015026020822984014
-0.031639220357007655,0.0001397709709834438,-0.007534641111929422,0.005067154691868294,8.390444442468908e-05,-0.008384236759006158,-0.005609304868676948,0.00010604489197696252,7.246565909847295e-05,0.0,-0.0019872631922840524,-0.006507270366891667,0.0023634268828810166,0.0027406220988522864,-0.03492199635140625,-0.001559180723046586,-0.00017896268132506043,-0.048507850216523145,-0.0131985799907535,-0.007951938253253982,-0.010543265661056237,-0.13135397907015717,-0.023792176298568186,-0.010798102746684975,-0.00292420292292009,-0.0006429532625977902,-0.01927208388670457
-0.008369694028895092,-0.014505885643638928,-0.02648193317354675,0.0027498192650375255,7.04105106257804e-05,-0.0011298487017418143,0.00017828514129980262,5.1864682850835314e-05,2.977335903115151e-05,0.0,0.0023603127578491687,-0.003182320413911463,-0.008124242812268248,-0.0017954144668238408,-0.030329251078452364,-0.0010421595813414643,-0.0001970236783962518,0.0009605194906163943,-0.002842128129513841,-0.004748249804513287,-0.0036447371809465987,-0.12207463929364007,-0.0246831306419419,-0.005621477809598782,-0.003970149519301363,0.01115713064442172,0.007473600856774247
0.012759090475724167,0.009193700301885254,0.02742345911909445,0.0029274799598459932,0.0005738455349092544,-0.0010500322463773192,0.004309324298390713,0.0004006439603742135,0.0005696565900552856,0.0,0.0018433230500394964,-0.001386785601759433,0.005693151459558949,0.012959191956531746,0.01280494842339998,-0.0010315274167255095,4.718469166639798e-05,0.007564037115878337,0.0031583092356605195,0.011277625830177138,0.0058827584942700035,0.29597787851827023,0.0036967890059455178,0.011298297566453947,0.0018619579573400866,-0.005173759504473898,-0.002368105795791246
-0.029558076402288316,-0.009522833586443305,0.0037346499270492226,0.004524572347481053,0.000462739913424873,-0.0029574697481566875,0.0006669315962250367,8.122754479137778e-05,7.995226239530272e-05,0.0,0.0008255828779376921,-0.0023926848466814133,-0.001162716537112185,0.03215024799362269,-0.015802078891480182,-0.0006041575357668184,-0.0004925602257359817,0.004974442207785622,-0.006397382434393612,-0.004630295433076581,-0.0019067524544392185,-0.06692228018997891,0.04315988753409561,-0.008945762374588752,0.0010482146746095722,-0.013300736476893091,-0.006975834259694414
-0.032085352224952055,-0.06175035399376843,-0.009008432265574899,0.0013787668313361113,0.00012139731756285507,-0.002688403556241114,0.00041695126555008435,-4.743398340374055e-05,5.555009753016523e-05,0.0,-0.0009991016409504128,-0.004489779105277159,-0.06101158485329275,0.0022232889767265103,-0.10405503897632666,-0.004907367594762353,-0.00010217104683507015,0.0023291683793441624,-0.048967138649720215,-0.013695819618180321,-0.011747180670227324,-0.0486936299533125,-0.0464123205099681,-0.0011039495424569959,-0.009861507306404206,-0.04587582506845854,-0.008099406438771634
0.0020978844869147966,-0.00036041240192276276,-0.01024701427169064,0.0143659339262766,-4.987764220450493e-05,-0.0031103790432329527,-0.0001722499536187407,5.662807253362923e-05,5.561973002767761e-05,0.0,-0.007301198047656134,-0.009629015092646747,-0.003205159786387877,-0.17854225773261045,0.03808765505854945,-0.0031656564305290844,0.0001432121782587068,-0.0002589833975770597,-0.006705913843063014,0.001612690023623737,-0.0008086282314666103,-0.12582335443022982,0.011457969696682406,0.001993297546518336,0.010640081074955062,7.314382012369399e-05,-0.00010398515860051892
0.004810386809023162,0.007465078022440734,-0.0066299949251545694,-0.029493259096627096,3.7938555968164466e-05,-0.0028938644024098814,0.0007164142165711657,7.959160253471736e-05,7.216507539772985e-05,0.0,8.258665874797811e-05,-0.004036880894799214,0.005824985374588969,0.013096116937584324,0.0056931079106385726,-0.00477512951605963,-0.0030586678042144187,-0.01740207911468807,-0.008774746234764218,0.002707054343937044,-0.0034332856944134277,0.03020133535056744,-0.017124421460177605,0.016047879744147005,0.00789334976526626,-0.015493519993603795,-0.004382228584187875
-0.00505971839273251,0.01048249074311364,-0.04515756840165297,-0.010569193835962588,6.681304799471761e-05,-0.0008133706954165008,0.0001831047363604734,5.026105972119909e-05,2.8989100661683175e-05,0.0,-0.01633094951791849,0.009957077207559553,-0.007292936741308139,0.009507705819286784,0.00347012191354796,-0.0007937335869109789,-0.0002325688875381657,-0.0033956757369041747,-0.002685904583487113,-0.002441781120703894,-0.00228169135343335,-0.10844760411969039,0.03756989481136369,0.0007148509236254267,-0.0025222893263706393,0.014558980507618051,-0.0032733007313541945
0.00422034272014452,0.0066143445077786935,-0.02079950475892358,0.0037356293586841964,-0.00011378246738924733,-0.006315140558056409,0.0005718317589523946,0.00016828860663199136,0.0004084117519731191,0.0,0.001122001609760057,-0.006540190145013117,-0.005205351184272443,0.015159089151141135,0.00859615076440213,-0.0011448079994087984,0.00045033332126250046,0.0021126143485172195,0.019264942664393585,-0.005473210651428265,-0.009743811319389927,-0.08372180342742636,0.004667754020349085,0.007043918489894404,0.010492963676461778,0.0026669235815989013,0.014546623773808127
0.025540456316206415,0.014585706689861155,0.021370254876252475,0.0074398818463450355,7.12787965105157e-05,-0.0009336883042445407,0.00515493347198403,0.00010594649758288637,0.00010378467155770666,0.0,0.007907888914606573,0.0020797278753493845,0.007899437481888342,0.02320229073354837,0.009908121892653757,0.018700386404327515,0.00013379608512037453,-0.004552475179182513,0.014010915517336396,0.018877432733613645,0.02764356719277672,0.12603072312443722,0.016626528586671286,-0.004117378615078889,0.009855958728749848,0.015883682188695045,0.021892748671477648
-0.004200227189373578,-0.03482739297365138,-0.02991794720650091,0.004637208851854918,6.880117687639547e-05,-0.0016518779893731307,0.004659764214499078,9.199726381706229e-05,6.532170197593072e-05,0.0,0.0015708655975774219,-0.0026938648442231513,-0.029469525932150416,0.012540996323922821,0.007908784123899615,0.008549535337479422,-6.375302157667842e-05,0.003994731940053412,0.022812549652700843,-0.00237058846346745,-0.00526776595949702,0.09990341558873571,-0.0192928064502628,0.002181881771754466,-0.008174228264148788,-0.007688397254152716,0.005952198550304143
-0.007503064593942171,0.04071609263500832,-0.005712759171929597,0.004670545283630532,8.522315177712412e-05,-0.0009280439571825471,0.00018053790661809934,4.5615405079072366e-05,2.7805527391391777e-05,0.0,-0.0008779460948869483,0.00990567259811999,-0.004969454857509172,0.07691817053858108,-0.02165762943662472,-0.0007745481509353604,-0.00010486201070429119,-0.0020236843771685425,-0.002711953797507152,-0.004203895899928796,-0.00297909453446835,-0.059050477159169765,0.054329478161840424,0.0009391190865646278,0.0007583694736869039,0.019826292356820877,0.0023932587211956246
-0.0043739503877694395,0.006275119908067467,-0.003965326006758557,0.003594439476348589,0.0003940729352087695,-0.0023828929561867736,-0.009066963587752877,0.00041607611760100985,0.00010883229266013874,0.0,-0.00011050801543634539,-0.0024923224970169293,0.004542401436956614,0.01089738053999297,0.004787922117251149,0.010742285778807543,0.0001524103687182077,0.007782920930732397,0.010474921535725195,-0.0024619194369572906,-0.005293730294882035,0.20953163000552957,-0.02681500179956115,0.008899622115717763,0.0037527708056260124,0.017128062849587105,0.008144874236277246
-0.005046443676620018,0.021418274195014783,0.014052359732886145,0.00416174749876641,0.00022599961450754647,-0.0019671678368704455,0.006928469071715168,0.0001363409994877789,8.45959889042754e-05,0.0,0.003546981982952443,-0.0027669588873249517,-0.017094079450675696,0.014021171917612632,0.017404029805912064,0.01686939223484767,7.001165848084925e-05,0.0031743825350653266,0.029385133760002305,0.01129180560847019,0.011993084860861584,0.2121453344132058,-0.020544450297629004,0.001808398925987056,0.007414497102342756,0.011297876675583336,-0.002541108408888489
-0.007957899789093767,-0.019101844478255785,-0.023158717432148573,-0.006712893157146272,7.305817225274988e-05,-0.000950714904411897,0.00015674816417763485,4.832690140416836e-05,3.0109954600394655e-05,0.0,0.006338412685299232,0.0014028349945428918,-0.011591276670492198,-0.010934919684657407,-0.015181739747122718,-0.0010305403499558739,-0.00028670380132109007,-0.0019027291714812037,-0.0036431987390129566,-0.005240864639344582,-0.004683882656035893,-0.13601398994707972,-0.030768659672284628,-0.0016340549919913409,-0.0027083675026449362,0.010174279234347463,-0.0076635030969903544
-0.008373411671520422,0.01215372731033304,-0.044355307491150235,0.008380580021069724,6.518243832193939e-05,-0.0008686451083065096,0.00020779141557868106,4.513287839196951e-05,2.8633755244646592e-05,0.0,-0.007847908986329545,0.010848140172861181,-0.008601415199266492,0.011039075451719145,0.015938258275182395,-0.0007112057183078546,-0.0001193202769476548,-0.0011012303895855137,-0.0025455761238043803,-0.002603889753937569,-0.0021306094401252985,-0.09166313756490334,0.013902207253780347,0.00202638204968159,-0.004315363519943447,0.018154194778357186,0.012776662046569149
0.0049536559443253605,0.003407991545714408,-0.007237322456111431,0.019629191863426754,-2.795601499299366e-05,-0.002795375116382371,0.013888591104163737,5.866361237608352e-05,0.00012556390268037503,0.0,0.011804455937160578,-0.00523491555591316,-0.0074077753505487455,-0.13118933865129884,0.07687951543636697,0.01480051341578373,0.00013255078653323695,0.0038691962346107905,0.003932070429960496,0.0022837694461787083,0.007142694928615933,-0.06940949620041596,0.018844969155997912,0.002745544794850913,0.04840319110721469,0.010755642359729868,-0.0005928416520519081
-0.010672546268385638,-0.013864853701422316,-0.006955361624897618,0.004562614884619666,-0.00024319219002481087,-0.005740256193073626,-0.0008599186892126121,0.00010917772549918281,0.00012302615270373552,0.0,-0.010899014974689241,-0.018236637651651705,-0.001763713929660043,-0.0015034148380868118,-0.00019808908019856137,-0.006144108639465057,0.0003652858739208816,-0.006416318978909876,-0.0029913714640351368,-0.004901311955322995,-0.009649099019403055,-0.18863144017206204,-0.02047303055867374,-0.011594154697239668,-0.0009729801417217371,-0.05490368073786161,0.0026571486296416568
0.011435031481653814,0.01776448426839619,0.025405167772087133,0.003921881631310317,0.00033890586503987276,0.022954321012859987,0.007124295543112682,0.00015889341901557016,0.00011306530896005996,0.0,0.004827485849276488,-0.001999007535718812,0.0061571768701034185,0.015813467720268867,0.011360484135983215,0.005765033574292444,0.0001159853030523927,0.0025339880411949004,0.02009727804721476,0.008090410132441926,0.011590581550806025,0.19065220997920218,-0.03466832916300519,0.004714658380936554,0.006658855704911551,0.031411974752847835,0.011276805637921338
0.0006751333115033259,-0.04199669026082928,-0.02368521177574091,0.005034620683714819,-0.00036134823459360056,-0.007674085529499477,0.0011404602405993135,8.087877746707033e-05,0.00013520180638155799,0.0,0.003182291757312891,-0.011523314145816034,-0.004734798079328619,0.024504623599963825,-0.0017139119376080247,-0.003591219617402885,0.0006821989581671879,0.007140249037277826,0.002414722231377496,0.0024632517194213993,0.001011705399301865,-0.06499316427631192,0.0033065805523124015,-0.0019441301900135677,0.005076732464935451,0.037091289336354014,-0.0012914753098764117
0.01458268346702176,0.008492715488720206,0.03623508072736041,0.0038277469196154345,0.0006357350885322537,-0.0014849712119546891,0.004682046518853512,0.0004765966559809863,0.0006025557404544382,0.0,0.002330625182843194,-0.002193448653070126,0.006516663686971397,0.013371214275101986,0.013870938827803356,-0.001311995805140328,8.621981866173222e-05,0.003924738562023994,-0.004033756657273693,0.015971480833501632,0.005111855753703233,0.29096698866661447,0.004719705611011197,0.009175457306354419,0.002883942850234937,0.0021692149709380873,-0.015725768546894354
-0.009180319135867485,0.01050145365796283,-0.055157987104371205,-0.010242296701619785,6.437318120231994e-05,-0.000837556995997153,0.00014938609101841383,4.399551426454739e-05,2.884606019179287e-05,0.0,-0.012964769386748945,0.013144749695113284,-0.01092984388146175,0.018674549121918876,0.009972822663975959,-0.0008515383480416552,-0.00020540912452247231,0.0009817418716462965,-0.0025020628306522854,-0.002877495529014247,-0.00437333683315744,-0.09325148919689244,0.03494904216285427,0.0013353531459912285,-0.004554049152720086,0.02258703426452791,0.005063819862075324
-0.007252445190332339,0.012493928529550367,-0.04155918761632707,0.008986070518842312,6.600338228860047e-05,-0.0008387138964159078,0.0002096352094646189,4.4835208769957587e-05,2.854419160358154e-05,0.0,-0.007776785704608042,0.011184521946049223,-0.007762261802544873,0.017748847146758426,0.01835916739299185,-0.0006868019110509849,-0.00011126095464225307,-0.0007544100781037968,-0.002605104461348648,-0.002572789491353338,-0.002413443105432379,-0.08831269412370531,0.015870993162599285,0.002428712240990457,-0.0026017890183503123,0.019044249105166267,0.017687059676545647
-0.01890523886455032,-0.003808854684874685,-0.0003877516030448677,0.0018624463412597186,7.921479467615433e-05,0.00479518179414742,0.0012098026891986637,3.8725286137148703e-05,0.00013625352800146536,0.0,0.0009606296058400431,-0.0018003697784373944,-0.02305881186266352,0.007430633467472727,0.002241669495006589,-0.016496448065728152,-0.00042985263289003627,-0.04304950289951314,-0.003115272134770585,-0.0065042392001395475,-0.00871160850599579,-0.014839734739378408,-0.011740465462133714,0.0002850085450401542,0.003485071582811195,-0.0034331877362782453,-0.007042620733387847
0.00406834857426614,0.023458843002599778,0.020739100449761055,0.004228431219081131,0.00029611840951765053,0.010160178447780086,-0.02132739270841383,0.00011504358380062787,0.00010580286906307856,0.0,0.005334943180741409,-0.0026926635000994225,0.011314013965051821,0.009893470426061571,0.013987236213865805,0.011805920993777443,-1.5638391972417264e-05,-0.016203789021648783,0.01369037856689104,0.009354549433520445,0.009199296459380868,0.20566056679235462,-0.008062269144731586,0.010946754927945652,0.007455604000529805,-0.0018469520033151912,0.011900790547044524
0.019321188044835604,0.023512143924418267,0.01061121267148678,0.011011039151944674,0.00016963911525972488,0.01744136579458207,0.005495296788576602,0.0002084078765331404,0.00014018543944352028,0.0,-0.0021501346766280433,0.0008896909786252296,0.015438201526842785,0.025113927239672616,0.01644970107184594,0.012402531996911237,-1.103403419421748e-05,0.00201674887842984,0.029321586526405846,0.013927994490380024,0.016102607621865685,0.16862634825875303,0.006476751697236767,0.006145202272050947,0.009189125142631302,0.012446511346284796,0.012223967319760236
0.0037064069104621026,0.0010451335003246413,0.0040319126349217865,0.005135603562976861,6.52048825765615e-05,0.00030614987501727936,0.0008663111445406042,4.464191868469286e-06,5.160820792772176e-05,0.0,0.010000326855037706,-0.0027875057408409784,-0.0072530924459680984,-0.09491296112970186,0.0018907664536976603,0.0005169535072644043,-0.000311468449606292,0.001405449677824406,0.004111209582844262,0.01122701262871975,0.005838801734041618,0.09364793999232303,0.013876508066594996,0.00705375227487,0.01881541591963576,0.007206290305889088,0.0008146919127783127
-0.007552848209811974,0.018110737508698693,-0.048975595496344844,-0.013475530133038819,6.567093504341833e-05,-0.0008251627108351727,0.0001662397001600411,4.3855100997629096e-05,2.802807375351488e-05,0.0,-0.00748258907766889,0.012068389040897872,-0.010520646244817817,0.005885255664536519,0.014381905911325191,-0.0007602758860608124,-0.00020838976841284652,-0.0036379069843245847,-0.0022126564004748264,-0.004760476388954952,-0.0026572415708743372,-0.09628379748020935,0.010816419615848892,0.0018052393123601075,-0.006986756941341256,0.0181849456753333,0.013362507376323005
-0.002935300711230875,0.018518650550235823,0.005712946622576419,0.004819299875968275,0.0002639277616844645,0.01080264322262386,0.0020892580560096696,0.00012301781851060603,9.612683142369448e-05,0.0,-0.013399758524160888,-0.003826688451112479,0.00667132807562078,0.017419713946519932,0.012566053706457494,0.007868909196900734,-1.5528232735334603e-05,-0.05974186772176347,-0.00460691578781192,-0.00423448011901209,-0.004510242125714215,0.1364646133503297,-0.002677803383534582,0.006940612640766415,0.0023072588528230803,-0.011475176296833494,0.00800561095626228
0.004271483714870523,0.005146242199747507,0.0031076928114455995,0.002556686159279596,0.0005183781073675109,-0.0015369129089523963,0.003204380011647658,0.0002994326055128354,4.480488450658979e-05,0.0,0.0011170599646974633,-0.0035180666426517892,0.0039833766742663245,0.00960181074710763,-0.0034336393271477026,-0.0025150135437253234,2.81827538396936e-05,-0.03108851663757686,-0.012055094282843602,0.001250982659584569,-0.0034776657967509174,0.2428396477716068,-0.012784360400847737,0.002280518079968564,0.005735762425394356,-0.026319829664028675,-0.007269747570473397
-0.005239530813996133,0.0026868760898464752,-0.002684481493088576,0.008658818310775763,7.287520927820029e-05,-0.0021191073703865928,0.0011375967848707425,0.0001164541300651453,8.026647240446377e-05,0.0,-0.0006327526806881392,-0.001293794525349722,0.004544315919940631,0.020767064620285672,0.005148792465372138,0.011591622087981127,-9.159721166226601e-05,-0.026571032895186284,-0.002769404888156198,0.0007625301779484395,-0.004213182326934666,0.040684786184528435,-0.0030451328426218706,0.003341401889323786,0.006263336900070952,0.015081716198823378,0.011550991844845348
0.002290499999547418,0.014927069508691954,0.026005521586001727,0.010989782269737734,0.00010450197179401757,-0.00048724982020534953,0.004583084663956882,0.00010342510262737038,6.424772759884104e-05,0.0,-0.00020431902577882374,0.007416960598125841,0.010054621320992487,0.015886334663154224,0.015793395364537097,0.0024817071487752726,-9.090833582680684e-05,0.0025107285371243843,0.014255712395994928,0.006629746509633633,0.005975162700292326,0.16110856442136018,0.015217028953515834,0.010552596921621889,0.012153989011284097,-0.00026140306558523744,0.0017016000620384826
-0.012034690939890647,-0.01140313025315884,0.008251098222911457,0.005230303959904699,-3.0841136699264496e-05,-0.002785629016526966,0.0003997378047145434,0.00012900015213683781,0.00018138961411319946,0.0,-0.0023283315883986435,-0.0030231683124214113,0.0001968875300419854,-0.004400322142540036,0.005904074588514037,-0.017071213179596634,-3.265017079632007e-05,-0.03553403365390202,0.0023691446332274367,-0.0030851042431458927,-0.003744899780418995,-0.17535124378172826,-0.004324736531022228,-0.009171158647911832,0.0036137803027720523,-0.01868773023534032,-0.011370647749386363
-0.0053458639794092475,0.003766130402484674,0.009452967779194089,0.0038224775700242985,7.441877610975654e-05,-0.0008941570672371328,0.00021187795893322402,4.85992780286317e-05,2.9809226535439464e-05,0.0,0.010513917366546346,0.008058949539637894,-0.00033686377476489635,0.08019795882277785,-0.006582947662012296,-0.0009462878850559394,-0.00015964056366733767,0.01311059470248116,-0.003078721497480514,-0.0037279354455959485,-0.003074617410127094,-0.07352850299120757,-0.008963609163951915,0.012856973865086892,0.0030828640362722476,0.02812345714791868,0.007293890282459708
-0.0002948085896412168,-0.0007818209436287715,-0.016232773066863167,-0.022116217075372157,8.482151959607754e-06,-0.0028533079696666515,0.0003589389138404723,6.828518462657519e-05,4.318733864590838e-05,0.0,0.004240906401244212,-0.014646644250377112,-0.005608869228061502,-0.17300829509463758,0.00996744988481863,-0.0011966820791690913,-0.00023799498218237116,-0.0024604427286170037,0.0012691948708601433,-1.8257671439741004e-05,-0.000755977022078231,-0.1608120998216422,0.0023043071064116154,-0.010350837048130243,0.0026947942104299308,-0.011208448171358187,-0.000956973574721141
0.010523095753353142,0.02651132622799355,0.022453661546120933,0.00792055054263071,0.0001455690599621083,-0.0001654876025371973,0.004047383998213768,0.0001136727191092133,9.030726414381369e-05,0.0,0.0037379313360207827,-0.0018714914202426932,0.014866150855868421,0.01588398988720528,0.001992566330786074,0.0019962992533482356,4.865494910994698e-05,0.007642651388287791,0.023045266461443687,0.012497361305491995,0.00822544919880896,0.18532601692814235,-0.010689269723740647,0.013135390024071637,0.007747335432015241,0.0022533540256666203,0.010661176477778986
-0.006989935733724239,-0.015705588834838306,-0.02110185023743087,0.0035291181927693573,6.610883266380031e-05,-0.0008836896644159762,0.00017671289045007092,4.7633857206965196e-05,3.0783008623694545e-05,0.0,0.003496639770101244,0.0026915744255278694,-0.007181382755438923,-0.021166872510455032,0.006814521378507176,-0.0009381126336909916,-0.00011420415482635384,-0.0005429012637162274,-0.00346747788865193,-0.004596178218778711,-0.004335166532192588,-0.11650905675466017,-0.02726269958740262,-0.00030528507920875157,-0.0023917789589661433,0.010676197205285424,-0.0063662193626106795
-0.010267807463758905,-0.030190825764725513,-0.02391092599481703,0.0015232268271432386,7.511019756149508e-05,-0.0010061072705251038,0.0001383222370997839,5.1438124369241066e-05,2.956083034613658e-05,0.0,0.0035749883919323857,-0.0015540419403375463,-0.009107341789473044,0.01528845035607264,-0.021187885372238178,-0.00115423166408775,-0.0002871506687702451,-0.01596313400533137,-0.0034746787852616367,-0.009897987172564687,-0.007422491102274884,-0.1591181119172104,-0.032555348419396335,-0.034280084458362,-0.007866120025673492,-0.00489058657975859,-0.01232315985625717
-0.0004178472743092514,0.00735844701884728,0.00972338459589285,0.004566002745473371,7.274835243133824e-05,-0.0009465837211414628,0.00014642541169858104,5.844153025701683e-05,3.0993454557762686e-05,0.0,0.01378740079337421,0.01068269599289119,-0.0006262043806583458,0.09091877643855245,0.017940296866908654,-0.0011288560426324288,-0.00012398245795080767,0.004396636863197772,-0.002926481516121814,-0.0013116836242361288,0.002397548912553186,-0.06890791248695882,0.020156556640866234,-0.0011433943006535472,0.00891620705261209,0.04323705219404314,0.007482894397298421
0.0004396351992750747,0.020146357936033508,-0.021732107717640076,0.009418149668739937,0.00023987410429995615,0.013432178075963716,0.003244454869766527,0.00023018032101265146,0.00012916592482672696,0.0,-0.011539385233849118,-0.0005904292280716092,0.008262880472675673,0.024279884153712985,0.017205092409559652,-0.0007068258421210262,6.891020836409566e-06,0.004235621011355309,0.006946145041068345,0.009339487188134139,0.009615732662435953,0.16034397397090533,0.00037611747855254284,0.006287165492128419,0.005893738915448484,0.009064101183781216,0.010871280534051096
0.013955023909049916,0.003323999904000039,0.018505099512167316,0.0048181026589746,0.000348672586566421,-0.0014214309693415571,0.00384087372666147,8.254994600269755e-05,7.143176914508028e-05,0.0,0.0026685691417238757,-0.001976292657012459,-0.01672208324266315,0.015543478221592974,0.012064188743165167,-0.0021409810621174845,2.028430393818415e-05,0.007877310774924456,0.025862622003999216,0.009027003229066188,0.004050089286916349,0.2457493238596424,0.02293772725497898,0.007211430559746174,0.0032075311645056058,0.00016489832163713375,0.013559685808295554
-0.005421787045086524,-0.01034768424032878,0.0020293661306537976,-0.004133427984565701,7.02194848928514e-05,-0.0009082602208624417,0.00015498544592794722,4.900917016699992e-05,3.0381076580171843e-05,0.0,0.009678519075051776,0.00842738252918338,-0.0018892923955176671,0.05704092467370008,0.009107326913700094,-0.001027059478881902,-0.0002442729994471145,-0.0010659319228890044,-0.003462014169323304,-0.0034946929663273577,-0.0027230209694026736,-0.08475640845229884,0.014683424389332622,-0.003475412815242549,0.0018930418169576817,0.020978814291232106,-0.0055935282475891935
0.010308556161101264,0.016500993259283,0.016089932859508927,0.010826086076226966,8.956452278016128e-05,-0.0016357529094878124,0.005790791808768889,0.00020243537375204255,5.92051368790216e-05,0.0,-0.003015659732333582,-0.002183936391021134,-0.013278863465917713,0.02169348284989002,0.011232331404026389,0.0013007936945006202,-3.601521819717801e-05,0.011527112236514713,0.02891274105781237,0.009068275175654101,0.003744205789357381,0.1756646195666797,0.004395757603660212,0.0029760807948353376,0.012388220721707156,0.012030853037110267,-0.0009502870832900568
-0.001372581197688025,0.04560548158333409,0.0007318515994605703,0.005958033641743244,6.586730928198034e-05,-0.0008223103459669901,0.00018316960410141544,4.9043582388201044e-05,3.16288706253596e-05,0.0,0.015285374561629468,0.011369462702311523,-0.006530114682914319,0.06201523957620849,0.014117452139678544,-0.0009094283766831865,-7.145229982822553e-05,0.0035003361187220844,-0.0030153461682047816,-0.0021351484840708293,-0.0014948302484636422,-0.055752529961771144,0.02242321551302476,0.004685426105393837,0.006654890544516796,0.028596195672622733,0.0007061362214384658
0.0213026066858336,0.011825612632209584,0.003814248187574381,0.006079311851862619,7.494108814761245e-05,0.00023633044366840983,-0.0033837905756825683,0.00033227667459461216,0.00032377491717477366,0.0,0.003917596383733648,0.010390253452143514,0.006023156672610025,0.04969937789221502,0.0019251523416196129,0.021304960829625658,0.0010986381972475521,0.009163019939399539,0.0133751399326196,0.006705930546314161,0.012886667225849299,0.035183412435385704,-0.008047851299858138,0.009916325150255053,0.012937985424343447,0.01626660391526125,0.020504693938521782
0.0099427779836484,0.013087741871061726,0.02512061881432511,0.0042111129021350615,0.0006577420013285388,-0.0011146659829816654,0.0043332971867613,0.00045793486856846434,0.0001720652593898885,0.0,0.0017557682515999824,-0.0020137448033852954,0.0055763241383990384,0.011642290431336622,0.016507459468877158,-0.0018525090296931325,4.4761802943392474e-05,-0.002820633149247209,-0.0011078947903779943,0.006915428911168854,0.004945335784640405,0.2992427862829157,0.011585055242416981,0.012076017088108812,0.008454181478970948,-0.001677318605772019,-0.013759716759902414
-0.0005649070613835508,0.008545263289509632,-0.020202356899578885,-0.017243937303026875,9.463005685459595e-05,0.009475169033403286,0.00040532740872689383,8.357206002432116e-05,5.858479594129174e-05,0.0,0.008080191138677728,-0.0022164964344861234,-0.012556931145798946,-0.20544368332661755,-0.0009661581109932815,0.009151366915519503,-0.0012478022889951387,0.004964716452503345,0.018321606905011063,-0.003020563387438488,-0.0012346661846094984,0.13129992109296793,0.00822945715590077,0.004694738103332478,0.007318821826843787,0.00362424955528165,0.004720466916878781
-0.0008829833159204792,-0.004226101062306203,-0.013062105583074534,0.009156555488648526,1.8248251530575928e-05,-0.0029769049487197202,-4.980031441322081e-05,7.543325485016588e-05,6.0812629162794136e-05,0.0,0.0037666065469808166,-0.006924012826480938,-0.006666776025979143,-0.22608946034957872,0.01265678580388673,-0.0029342806600080756,-1.6548887354116853e-05,-0.00011852189749694174,0.0001862664742322556,0.0006254275194056493,-0.0015786827341470822,-0.12795761666336167,0.00012865513870257108,-0.008978626873197542,0.004062148145332124,0.00024490469548460773,-0.002126446120564393
-0.007292652912541234,-0.013441696390238067,-0.01613516261386744,0.005779610820888306,7.241270769821784e-05,-0.0009551797488942646,0.0001945747956950513,5.1801473359743615e-05,3.0465125536168226e-05,0.0,0.009401836557646497,0.004373285296700138,-0.007700028041857863,0.004523809160844591,0.0074984270315674815,-0.0010888626229911995,-0.00016753630286756005,-0.0024804929133128463,-0.0036094720215696244,-0.004057909160084818,-0.003789593108941416,-0.10506314620404215,0.01225115216394075,-0.0006999580384902148,0.0030892999803451325,0.0180328518272178,-0.002530042139998624
-0.004010271452673922,0.002886959927204972,0.009888917233451148,-0.0075393080426403355,0.00039734110587985453,-0.001784218402787474,-0.1207881690834124,0.00017498457371406225,0.00012206289615272683,0.0,0.0015100750716857414,-0.00319807191839998,0.0029439773121828585,0.00910879424189991,0.0025354583626810865,0.0006488769313477029,-3.799373595061252e-05,-0.023915061142008007,-0.014447563694490628,-0.0064698993468045,-0.0011127767782359889,0.1664823348782586,-0.07184019021561136,0.008781655474040001,0.004109268806907665,-0.0028977480815701156,-0.0029742179930530676
0.0019963825116477048,0.010908710359945957,0.02296281310977344,0.003371002760584428,0.0005438465460749499,-0.0013113571205834922,0.003849894520516745,0.00038439464774943496,0.001129488832400195,0.0,0.0011871325635058538,-0.0022991228976982575,0.010489492434740715,0.012590428641118513,0.01317215654558184,-0.0015008626204125626,2.8858235510430053e-05,0.006253250611625518,-0.006542940806221703,0.010910881862202716,0.001953489322359062,0.3090566969911874,0.0037428238424630717,0.010966207072884385,0.0015182714424195427,-0.004322784314083683,0.00745809839481972
0.016831849342645325,0.019440489490931693,0.01863498055957944,0.0053049111865075904,0.0003006258735043497,-0.0012603218957512438,0.0021440430212918593,0.00013083534662532473,8.827070355745083e-05,0.0,0.017250234306353824,-0.0025881685095713964,0.01420248996476573,0.010240035956109486,0.011430170864144298,-0.00315800095942584,0.00011122274694384042,0.008960363837135922,0.013110416029215746,0.005030272048205995,0.005121933718198658,0.21968800025484184,0.017308078581127467,0.008667632126771569,0.006371751679030945,-0.005472074842037495,0.003605864380691973
-0.004860847416372047,0.000725607519667356,-0.009720823209753739,-0.009877783892649346,1.9040685113537897e-05,-0.0027991404221559186,6.265920364007764e-05,5.495763257031679e-05,5.57332965952661e-05,0.0,-0.01752089728851714,-0.007523354313376429,-0.006567935747622854,-0.2126829351371061,-0.029922657679324827,-0.001190318660611681,-0.0004542928570038758,-0.0016655594250972554,-0.007154135315672378,-0.0013448023039632816,-0.0031874474992625973,-0.19227249886503053,-0.004062050598606141,-0.007648001693914063,0.006071293395624816,-0.0374759424439027,0.0015936382735068449
-0.0008832184521481484,-0.03224298594465354,-0.00930903475996705,0.0071279158900106054,-2.7041353922994323e-05,-0.0033470691742362594,0.00021777441649020417,7.647787843387054e-05,6.100516104791196e-05,0.0,0.006477081484366575,-0.009339500365701517,-0.002568520215776505,-0.14773493312536543,0.016369013067841304,-0.002526663408726855,7.072309840691324e-05,-0.0034115408306562675,-0.0043950665505881215,0.0012510622412400683,-0.00427905566915898,-0.10056083864673082,-0.014501034599048042,-0.0074227032882193435,0.006043888216543518,0.027479664770223417,-0.002639949874786877
0.00880328040069789,0.019113901062418823,0.029671423864622813,-0.02807934299003944,0.00013899949242381914,-0.0006360811136256667,0.003546096884747987,0.0001004564004097069,9.288606946147447e-05,0.0,0.00770389625824077,-0.0015619942426410062,0.007638189941929224,0.0168416119896651,-0.007022276649410023,0.000571658997373575,-5.0962400980237576e-06,0.0036781396256101717,0.02882037229103236,0.01156554648562707,0.012813876290197777,0.15823721609278454,-0.01850142171670043,0.011321728221025248,0.004871952697729427,0.014344115553837241,0.011311041733811785
-0.006935583487613799,-0.009933838850537571,0.013047057947527474,-0.009746396424139905,-7.219731099256784e-05,-0.0042401899929320926,0.000333822053855728,0.00010980105797198721,0.00012182688037841785,0.0,-0.005739450534545159,-0.006988126180263011,-0.0014420469064257125,-0.003601906920715481,0.0033811660522962885,-0.0017316681222926144,-0.00019813229973309537,-0.005153571673494275,0.008218817467808856,-0.003193647479636906,-0.003589114299634839,-0.2175606002681979,-0.02650539668546135,-0.010644840653961984,0.004236158143799595,-0.05699264999240455,0.0007801476826761906
0.014531962254229681,0.008367487609700417,0.03205429812543375,0.0036781944207520344,0.0006579024655488899,-0.0015813434177419864,0.0049542531791303265,0.0004821123506126145,0.00039445664847625734,0.0,0.0016148991061279252,0.000871334409527703,0.0062484336838230055,0.012022068723880798,0.011181380854353726,-0.0016234943351071253,0.0001019793504599136,0.00816257419970643,-0.0028292180374308107,0.01204962731782041,0.0023905519754022888,0.2984049882722596,0.00917528411504964,0.003941928106402849,0.0031649510431312543,0.0071090900883877895,-0.009660407266052015
0.010710585051961928,0.0014615637886362584,-0.011078930531138653,-0.006186510657458515,1.7271813558000293e-05,-0.0020998169645396504,0.00014401119504852465,5.4156064912294576e-05,0.00013953760972200557,0.0,0.06453520053984228,-0.004399767246542798,-0.005980056957385624,-0.12675233152625678,0.012431811088401613,-0.0004832333390441841,-5.2807693728895256e-05,0.00972367224052483,-0.004435544781615153,0.02775660395860403,0.03915379479357075,-0.0802118533129467,0.023719007235839886,0.029919629785100585,0.012026892831276245,0.003909058871777551,0.0033671052968964723
0.03659054887191647,-0.001102705823454521,0.021938408855096427,0.005226938655484655,0.00023593239543608126,-0.0015523452944403138,0.0018732039584622023,9.716328018702262e-05,7.055299327391572e-05,0.0,0.0031761484718006807,0.00247479218705964,-0.024239001329826107,0.017344538790085497,0.01160521888862932,-0.0031818076475978244,0.0001120118890502357,0.01309420673354474,-0.018736041257493473,0.013481420581282526,0.009304467544929248,0.20557469319440205,0.02367097540103331,-0.0016977711594620046,0.00989011850842763,0.005535428624813583,-7.728719833835483e-05
0.003275004950623982,-0.026533627060070147,-0.03302978680158713,-0.030540607026253705,8.749686398025918e-05,-0.0017555843147038014,-0.0017028456710537411,5.4176418898908526e-05,5.530808698440482e-05,0.0,-0.026704967829495944,-0.005491667726797214,-0.034574444963424794,-0.2261827101455353,-0.004923460238902801,-0.0036566725531148505,-0.0006174266730103379,-0.005824522002532405,-0.022806312637744127,-0.0024865566838195422,-0.004719599618681328,0.0313137797398343,-0.006288821819007163,0.004174687817169712,0.0009274810057189142,-0.009804652320022603,-0.01503616468952368
0.006376356589368269,0.00997133997075722,0.023952311547842966,0.0082403180245401,0.0007275202167609323,-0.0013332102945980509,0.0025875869075374872,0.00016659448547842222,5.028302490668107e-05,0.0,0.011845481537665632,0.0002479555563031799,0.011282883205878502,0.009650966673482234,0.0010803475854005162,-0.0008188407501167331,0.00029333870755118786,0.00915011729550757,0.004328148558588589,0.0014917631924394402,0.003015637516189973,0.21919393496917133,0.05413878449402899,0.01133521232047136,0.01681068787022625,-0.006577892604830732,0.00883130255858954
-0.008782051496256969,-0.011111563911593111,-0.022788168568303725,-0.01074284566029888,6.952195032305247e-05,-0.0009064179356910046,0.00014797005144169878,4.93097128188317e-05,3.197949767325827e-05,0.0,0.0063023866237590246,0.00606823002167741,-0.012161288890816978,-0.018150553910731868,0.004321179673203481,-0.000939874507459687,-0.00023530703063567258,-0.0008672313040178119,-0.003058257737779679,-0.002873506463247367,-0.002326492027366222,-0.11983571014334964,-0.02622023057899266,0.0020483778744557566,0.0006269377673032007,0.012416673807848964,-0.007268877575994867
-0.0007982842497653143,-4.365778434532347e-05,-0.0007002711815606433,0.0018747988479909073,4.5515972856791335e-05,-0.0008740455075852363,0.00014221481990896366,5.349119634433106e-05,3.200372384861478e-05,0.0,0.0068606551490723615,0.005246049807777601,-0.004708054049221673,0.05797427733125961,-0.00949576480164008,-0.0009429616143022518,-0.00015776771948583501,-0.0028136388704882815,-0.003517889149168934,-0.001738460817141074,0.0028259374924114087,-0.09315892863768428,-0.009483041299812188,-0.017013387122327504,0.006920613274882774,0.036239933605064056,-0.007377553140333572
-0.00318075082832038,0.07771299359135181,0.0176021166351353,-0.002187097732754016,7.13000882489235e-05,-0.0008052272937877115,0.0001914340207694735,5.098590646064829e-05,2.9579735109807525e-05,0.0,0.02551260255863362,0.02268265140340403,-0.0005824140175616238,0.07996648815487045,0.00831561652251975,-0.0008886260197954335,-0.0001971883196310018,0.0011120578377230804,-0.003180249525439407,-0.0011688122185393964,-0.0006029763311775074,-0.04270766329032708,0.07235849772248365,0.005283055360304178,0.005808763285799172,0.037958479630455746,0.0024535727065526105
-0.011660863164368382,0.029986500362600532,-0.019526128100110465,-0.0058576234048749645,6.858268543162563e-05,-0.0008536995276681532,0.00018599014522407322,5.047926824948462e-05,2.906823101007478e-05,0.0,-0.02951853062562694,0.008795540799215318,-0.014096374005191576,0.012328718858807554,-0.009261517190699425,-0.0008042842703368674,-0.00024566162663383655,-0.000716666325973887,-0.003324938703768768,-0.0025282543833425116,-0.002580498008856345,-0.12057278737326725,-0.031475754224431676,0.0011724581558499934,-0.0011472795462130502,0.009210129885051753,-0.010672918261544453
0.009175945311185034,0.010464075704476427,0.019612821588379896,0.0025182516464100804,0.0005766514943106199,-0.0012697511517035887,0.0041644492575995985,0.00043007593210890604,0.00026632753121139525,0.0,0.0011664889770991484,-0.0013196862325080066,0.00740841698555183,0.007867239834626458,0.011373483444084072,-0.001159372168445943,3.084531370457189e-05,0.008192662329874232,-0.004056076023884117,0.0077127889297880625,0.00304611785038376,0.3292442154733481,0.011980589677730167,0.0035716934032583164,-0.00425134546389795,-0.012776158151469026,0.014000258869017046
0.013300965790878451,0.0015742150545610593,-0.013573690276680858,0.005478249061326952,0.0006893841333225219,-0.003640249691326124,0.0006849962801711483,7.479187515325688e-05,5.189036096085111e-05,0.0,0.003053577867648879,0.006207610717938765,0.0015439979669484428,0.0429969212019373,-0.012749189214587538,0.00027369418917213596,1.6641812953925574e-07,0.03807077903274203,-0.001568964300876827,0.011568985319604104,0.022213303046674356,-0.07833509211883694,0.09853833379888947,0.006939250551526449,0.012924163585145292,0.0011372917003794488,0.016972626789618316
0.004901882322923552,-0.02032408464264305,0.009446048596698653,0.006748145466857887,1.4239466262087942e-06,-0.002307326301798998,0.0030189790424702432,7.357681488343735e-05,5.013550235897849e-05,0.0,0.004103464455193678,-0.0019738612546339584,0.007807088282499072,0.015577522704690788,-0.00584789857426559,-5.704576127508133e-05,2.1911829221284784e-05,0.004127797312773079,0.02123824755104598,0.01022422072610663,-0.0010980740098870917,0.18249865769516646,-0.013015816534292646,0.010838931675229814,0.02958770100621428,0.07548438354585994,-0.0024600477335604055
0.012239544265090274,0.0149235089931034,0.01586533065670838,0.003109516444506228,0.0005480133603922137,-0.001155917612444096,0.004291215566044426,0.0003808662817309275,0.00048526717688266504,0.0,0.001530032384275549,-0.001992111086410222,0.01042274606746432,0.012780129015040425,0.018216265597615976,0.004850230056005417,5.852250562637091e-05,0.006536602624495437,0.004126220555055509,-0.0010891692076086985,0.007792140214236542,0.2698549460238003,0.0025827375355838597,0.012402301233686434,0.008942615142256758,-0.0044026320752499955,0.0007108622019804221
-0.002729536791270703,0.0015118978970197435,-0.009507129200722768,-0.020612952562695734,5.419264496162546e-05,-0.0017298850905436225,0.0003029765328517666,5.202990709834331e-05,3.785663239273137e-05,0.0,-0.006265721413491176,-0.007732447988184324,-0.003924867352052509,-0.12850569245044,0.015612889482332769,-0.0012788363954653837,-0.00035279693435125126,0.0029532182244918132,-0.0035865853507056353,-0.0033669933227455677,-0.0064018839054167005,-0.2107951813290874,0.0010706271574932506,-0.0010912450248794288,0.007116485886860632,-0.02784043783913163,0.0071065221680142844
0.013207815634958243,0.01287156392412544,-0.002021903203409876,-0.003820688708363503,0.00036914360451474376,-0.004007256434941678,0.0005856415215255335,0.0001673812770507207,8.246132882802936e-05,0.0,0.006441929356141676,0.018213108599733262,-0.0006396785505621969,0.05326991539609956,0.010845936004941556,-0.0006442451949566464,0.010213979034766594,0.01274945586027019,-0.0019978701805854026,0.0074053188432951335,0.015659884678082974,-0.03233460794519143,0.025327563121647183,-0.004781843848069416,0.01758420408736976,0.09036363125874115,0.015026020822984014
-0.017258044530983212,0.0022445060782093655,-0.014882284535083409,-0.024839099808356396,-6.32450516127089e-05,0.00663341979917977,0.000551418272633103,5.9112886743417185e-05,0.0001745598739677814,0.0,-0.004099324538050866,-0.00786567913486736,-0.001259040317408556,-0.009814734798080805,0.003328007481660612,-0.014534670510566765,-0.0004087388936486722,-0.00771230120234365,-0.000872922348473705,-0.0031836573574556943,-0.005168672492171105,-0.20172790554076928,-0.00796928405788921,-0.012231036570704611,-0.0041186006411804525,-0.04463782344047563,-0.012648957529564547
0.004603983409299335,0.016307542770753088,0.03236406330650749,-0.01524223329280627,0.0004914787830957043,-0.001673571294917246,0.0056841693664747275,0.00031379748647870356,0.0002190741145622065,0.0,-0.0008594084518504169,-0.0031357585081251325,0.007020040517780131,0.012575497066809603,0.01928533970082786,0.008563975620197962,-9.315598221790529e-05,-0.0018020093625721707,0.013899831570507854,0.00468168376184096,0.008107745684215288,0.2784360978572819,-0.010906163603831077,0.004208570035362166,0.011835178565584404,-0.0028561374879376876,0.021833268903270815
0.010367375160444543,0.026168266634616952,-0.014778860270241074,0.015390715712115711,0.00010295336422283434,-0.0013236171340138205,0.004447481003222383,0.0003696636690541773,7.523079191225571e-05,0.0,-0.003990040166058556,-0.00020500947717395581,0.012969726036412438,0.02094990141196709,0.011740078907358655,0.0008887797337252516,0.00017728120950557107,0.00967579721317408,0.01737406429194576,0.01492786430698754,0.020569109517085796,0.18049643212714891,0.0016786167478818345,0.011395587231054008,0.014763595264407464,-0.010749966743121836,0.011330217986463552
-0.02717777695525713,-0.009657312811472283,-0.022049147168936203,0.004045618939589232,-0.0003346352687075434,-0.008220835638756311,0.0009565499515452504,4.794161485779461e-05,8.487773425695994e-05,0.0,-0.0034411427277732565,-0.011784645698281002,-0.015099496942339542,-0.018652966120436286,-0.003698328511596099,-0.0007301737617400918,-0.0001382737832163545,-0.010408331069085317,-0.013454451131164861,-0.0021266859444868556,-0.0017005150678992083,-0.2239653452095329,-0.02391966107592558,-0.013951361738048786,-0.0036423679298815625,-0.0427944767694817,-0.01603621107801537
-0.0064322680667496185,-0.012918736893256717,-0.0029161301071789153,0.003067738026784507,7.597359949077999e-05,-0.0009267105478599879,9.356287748670585e-05,5.052076709047056e-05,2.9254373026461487e-05,0.0,0.007110665523662628,0.004322659693510698,-0.004302502720559551,0.06116935438111906,-0.014397140463279385,-0.0010341164247545229,-0.00015374903660871856,-0.0021803977976451202,-0.003222856085846024,-0.0026384634364468563,-0.0038801075146326796,-0.11012294258793655,0.003459472510501362,-0.012108877647990075,0.00026451241879854684,0.015494261414394948,-0.011639191953224074
0.009685059535402583,0.007679584186612988,0.003979177072215577,0.012422853683463669,4.271703285824576e-05,-0.0010630059963934624,0.003680117265213365,0.00017227072396872227,6.274558172062636e-05,0.0,0.007026410618906831,-0.00017284824757694063,0.013660853818020138,0.0177667607474327,0.011260338191802891,-0.00011593883991318387,-0.00011756054433466638,-0.006736541756357439,0.022744178111108727,0.01875429414443164,0.03129792292229965,0.16110348586564519,0.014657053754753666,0.01859220191453039,0.019850971624906056,0.013779144080760612,0.01131576599962281
-0.005655014297849977,0.0017766872060295071,0.006613930998531477,-0.004770185087021009,7.433651848283765e-05,-0.0009202713562981358,0.0001860482439039174,4.4907629290308924e-05,2.8527340807075808e-05,0.0,0.01012281971290466,0.009858079328946107,-0.002761499985621318,0.06678325299004735,0.009356170939556627,-0.0009997234788709877,-0.0002438654439653128,0.003753187909847731,-0.0029075940093096003,-0.003009283516203173,-0.003122327803801829,-0.07446499795763714,-0.004897011018178173,0.01058605518158256,0.001480415127762535,0.022469496030405822,0.009882189434728947
0.02251553015826745,0.0027683517143566247,0.0055096705946459995,0.006148185698228348,4.93072448076353e-05,0.0012934421408794118,0.011195719490023766,0.000227417233015235,0.00021093676443336708,0.0,0.003122669804313223,-0.0017894851680486472,0.004879817567400389,0.07739456169505479,0.008892196685443292,0.03275701551267838,0.0005189100706955708,0.011862076583970182,0.007319628568134733,0.011336615625073624,0.01370256288978558,-0.003554329954633612,0.023368172103731804,0.0758586633474037,0.009062649548448199,0.008469328214500959,0.0312506896672198
0.01314392745578657,-0.005924402353531216,0.0043645055124364234,0.005447841078762621,-6.908160346547704e-05,-0.0042360055276624885,5.697389105563575e-05,9.598726550265749e-05,5.9878150191286e-05,0.0,0.006717853084190158,0.004483011729889729,0.0015093943916701595,0.06358111692312969,0.01320861724202378,-0.0038389857680181873,0.0008951005933191499,0.02525768244343219,-0.0026690486508860593,-0.0013812433547116035,0.004104706769328249,0.03263113318256659,0.03136312177562277,-0.006251613909637391,0.012074711960906604,0.013369115622361078,0.03437130338928186
0.0006204039265521034,0.007861336780164468,0.008725576142355244,0.0032391085693282474,0.0004908798266285285,-0.0014869143293736098,0.0041547709309680955,0.0003108265148946859,0.00011365253237594663,0.0,0.0016481046230875048,-0.0025294056710303886,-0.012067101066938715,0.012614918182568088,0.01900085689327422,-0.00168476827430083,6.247247991851858e-06,0.004127995525117004,0.013534048939614188,0.005333202521967389,0.0021890552964069607,0.3120175563233571,0.014379060033872848,0.0009842566702334468,-0.0008865656598313615,-0.014432621917429615,0.024188412793272374
0.006964027134101759,0.0267303313267101,0.013502359150834505,-0.010207221959059033,0.0002484828614621523,0.01416706007346551,0.004149510189001284,0.00018400334230424,0.00011523789054607622,0.0,0.008668018092999094,-0.0007496118605126127,0.011957902130476854,0.02258301073286396,0.02062279504324821,0.013430917348096491,-0.0009172897353753524,0.0019531001164523499,0.01870293084682607,0.01318396072564083,0.0087065427723651,0.18462804311128558,0.01368431800958998,0.011074579296265387,0.00804121768338001,0.013404466314865146,0.015355127628398725
-0.014915525376149815,-0.20332651794632023,-0.03263869636798889,0.0029886465527872177,4.0312309464670655e-05,-0.0021803443933514715,0.0014412773199919556,7.96527687567783e-05,6.861797741778816e-05,0.0,0.0005060722302624531,-0.002184586608509469,0.005810051135956688,0.008464937521387095,0.004660107853171739,-0.004300690213814616,3.61318294225735e-05,-0.000785870433907126,-0.028721063563077347,-0.0024437895463888383,-0.009680765992992117,0.04058686984813555,-0.06741310141586587,0.012710295447289749,0.0033978050940145403,0.005501096470465659,-0.008467182419545492
0.01455089119132084,0.013986021178222773,0.018780913960100593,0.005943158495800379,0.0002882148586481166,-0.0014399877859843607,0.0036491157528033393,0.00015802236180571626,6.013110114207473e-05,0.0,-0.0022328097392605366,-0.0009932370992256682,-0.007881025419530436,0.021983546141958334,0.010929421722734053,-0.0022235066998892135,3.891993051224435e-05,0.017055014480006982,0.012691949828196289,0.00986507687272625,0.00419809844676247,0.20753715832604908,0.022977199597581613,0.011070216823058346,0.006437638075520892,0.011811363395957534,-0.010699028951621368
-0.007149417377523522,0.01217668085937522,-0.00034109787304338845,0.005047118894951779,0.00034929974806136027,-0.0018965606891035041,0.003390345732268203,0.00010194265324629834,5.328552055506868e-05,0.0,-0.010648481620488193,-0.0038913096066969335,0.008460866276133589,0.010233357282872214,-0.06787502010855481,7.358774513509327e-05,-6.303477318424386e-05,-0.011468516681077689,0.01287190241944948,-0.002872940506455979,-0.0071167808353421015,0.12748640592248348,-0.010361990763918064,0.006034938034356099,-0.006281620745884077,-0.009882614870462979,-0.0031959384269263738
-0.0031942383928584,-0.03070785969251315,-0.011809513546397454,0.00591105252794547,-2.451970639420843e-05,-0.0037172150650313365,0.0007059037865594782,4.6946238873880665e-05,4.88703816657308e-05,0.0,0.006968417889983415,-0.010765893777969791,-0.007295481038502125,-0.15507049179318377,0.006301882842741298,-0.002311385613779999,-0.00013022916452340165,-0.001597553988700294,-0.006970932999648755,-0.003469488975044618,-0.006267029865807816,-0.1489518415339253,0.005520295005233602,0.0032798310269013388,0.0034206416933262452,-0.03665474598046028,-0.0030209768348283435
0.0060065889720679,0.030642372083991745,-0.01157305030264185,0.013720568348601884,0.0002092635689215496,-0.0010673632729251718,0.002287712879190639,0.00014369035203173251,7.262593844851221e-05,0.0,0.00036135341008725557,-0.0009918142922457876,0.018002086246471923,0.018355878501557475,0.02050470725375058,-0.0036414089058161205,5.848899690941111e-05,0.004503951928325664,-0.01911666697343118,0.011816750557307553,0.008304630598388889,0.21541923132876206,0.014113647499222972,0.006461224818909917,0.012144349119591127,0.017778651311444193,0.013156901325810802
-0.024921096651119124,-0.07777980971237965,0.010506645280426762,0.008180705649112,0.0005252130630532724,0.03296634312682552,0.006261973390061563,9.924271817132536e-05,8.644913058625733e-05,0.0,0.0013629250091401913,-0.00031792925344931367,0.002015255283944843,0.007294509390956512,-0.021860590427621084,0.005013223812887322,4.2124823138504534e-05,0.003708734826526747,0.001371552913739633,-0.008236561057038834,-0.008214824917632573,0.12856547638736412,0.07132641866871686,0.0029734851302340585,0.007363308588683723,0.005579236171677331,-0.005385355560420376
0.0041616169682926855,0.01256412595161843,0.025427272889015834,-0.006896574502630858,0.0005339809367654851,-0.0011594238747406913,0.004743838928513636,0.0003910678211560152,0.0008981038788246339,0.0,0.001597566835021521,-0.002216854194736104,0.010239354857302506,0.01180635396914341,0.020094259250102206,0.006862956528516016,-3.4451750202195835e-05,0.00805125702501979,0.0016868593208723371,-0.0025660516339417465,0.007976330029899524,0.30682969926793147,0.00019346616027312262,0.010838407463112138,0.006924736112113632,-0.011471110138509301,0.021807656867578223
-0.03045891559320696,-0.017430547525439807,-0.038516621758963226,0.001974248411460555,7.171378217143096e-05,-0.005792635785896197,0.000982602153110934,9.683713707621287e-05,7.98365693085925e-05,0.0,-0.0015306299592157686,-0.0036174389419589242,0.0009549358971411401,-0.021660135333934013,-9.1049125027367e-05,-0.0028200088036573695,-0.0002062852575989468,-0.03964049129327258,-0.005051968817291665,-0.002688463473410017,-0.0053547134736889,-0.16935264083119597,-0.02226196346784467,-0.010632791397091758,-0.0027057122267979098,-0.030981951590055852,-0.021705784295728104
0.00422034272014452,0.0066143445077786935,-0.02079950475892358,0.0037356293586841964,-0.00011378246738924733,-0.006315140558056409,0.0005718317589523946,0.00016828860663199136,0.0004084117519731191,0.0,0.001122001609760057,-0.006540190145013117,-0.005205351184272443,0.015159089151141135,0.00859615076440213,-0.0011448079994087984,0.00045033332126250046,0.0021126143485172195,0.019264942664393585,-0.005473210651428265,-0.009743811319389927,-0.08372180342742636,0.004667754020349085,0.007043918489894404,0.010492963676461778,0.0026669235815989013,0.014546623773808127
-0.007596823985970846,0.008182019425655922,-0.04518478405870172,0.007190040105429061,6.502440619825452e-05,-0.0008702579179626923,0.00019948001060076547,4.459071817563675e-05,2.9389190307727262e-05,0.0,-0.011909945856356574,0.008563160699827646,-0.008823894294434226,0.007531045681786807,0.008117892825464216,-0.0007682593958112672,-0.00012510706668889606,-0.005306834188960904,-0.002957566110107956,-0.003479946986226402,-0.0035125850313914176,-0.10103488454667851,0.010565293261098301,0.00046902585199576233,-0.003636098422656557,0.01711470232762038,0.007550432229863966
0.00719714379452942,-0.026050871821294255,0.011219584975058096,0.007162638256413065,2.0444389903731287e-06,-0.0023074553216547015,0.0033427266029619858,5.411452538426836e-05,5.021572791046363e-05,0.0,0.00424340662524496,-0.0020039278005931755,0.00681516222316921,0.016099839084626064,-0.006771527711336178,0.0002393966036200195,2.1314895774648223e-05,0.004203812129870887,0.018748949963316407,0.007912737668288823,-0.0026107137769541436,0.18076912329106523,-0.0005116138037753236,0.010811343593930422,0.029938632398440274,0.07651822191639909,-0.002415297136447835
0.0014886875971866836,0.018838247808490728,0.029698248946426038,0.00711626973760408,0.00034883075743018385,-0.002165548197065024,0.003048293568500944,0.0001140327923347209,9.823822978383052e-05,0.0,-0.0018368203869737745,-0.00241169914445162,0.008363844846526268,0.013221788123687935,0.014256322919725693,-0.005541127342377132,0.00017821336768130644,-0.00013409345728061122,-0.027040245078198192,0.0074227233767339765,0.002992976548152291,0.18395936387138834,-0.029607326787595135,0.009774553954259583,0.0046171535110124656,0.0018251021868461166,0.00015686687052190933
-0.0075171460276913914,0.0015915006081239197,-0.004940074676400203,0.009506508584678336,-2.8860188408096468e-05,-0.0010189415922874547,0.0028517668872099135,0.0001333801797030173,6.482672763380957e-05,0.0,-0.00501498918375413,-0.002033410481069532,0.003439839202555546,0.01387499234591942,-0.02521041920344255,-0.0018592669639384961,-0.000273819497657455,-0.010229553668607332,-0.0037749678124146414,0.001512363074064571,-0.0058904728466851655,0.05519314042020534,-0.007247993737013079,0.009275406292696596,0.0029185810887429587,-0.003881766962096341,0.004867411480025403
-0.053471767986702175,0.006571917302868024,-0.0015704342039934334,0.009003894054726036,0.0010194282178397603,-0.002243459932484275,0.0021936719832597075,0.00025784136959887,6.342668476714702e-05,0.0,-0.00012774725353065006,-0.0010521867657141866,0.006926734095128137,0.0031799479582497736,-0.004929012109487147,-0.0015950958986424243,0.00015549115628815446,-0.0017523356588147094,0.0027154510268173975,-0.02517667342885591,-0.032853576854661004,0.20180455657793583,0.02345216264313277,0.00499165989411495,0.005021797707307164,-0.021878527381069417,-0.014451356827600249
0.010033311737837218,0.02281215826135952,0.019068967286262128,0.004808776704787485,0.00023734063746443175,-0.0020140746687538585,-0.06907457960518931,0.00011078662976998312,7.505794692028915e-05,0.0,0.0005145172305431,-0.002583275496270638,0.011067497589397431,0.01182453992023876,0.01501005241696272,0.007041658463894546,5.399243151995518e-05,0.00546051424263911,0.012046608118622874,0.009772104151997021,0.011367157747122995,0.19126788584461166,-0.03388894710114459,0.0034228215929261265,0.0054104527562424,-0.006096510408778297,0.008528703585903288
-0.0014477889937987095,-0.006231975330395011,-0.024632220943962765,0.003195157625119929,7.555738215518832e-05,-0.003010384043251092,0.000886994168335275,6.155183258028298e-05,4.762654158937988e-05,0.0,-0.0022100275244044264,-0.007245555572711937,-0.012344196318906762,-0.04668153686882862,-0.004060499553366666,-0.0012943981393788665,-0.00011684426885988723,-0.0012684264637822253,-0.008510986650661988,-0.0005505673166805553,-0.0013205773866517957,-0.362586160924975,0.007120646546836614,-0.008212912335421712,0.003640436490495872,-0.035787321983178265,-0.0010564756448644681
0.0012724049970249055,0.00384292139178728,-0.013980348018246177,-0.016868755927398463,0.00010280127304324327,-0.001847219534790747,0.00019225453505661196,6.967158772270754e-05,3.8668097773615786e-05,0.0,-0.01580988451882084,-0.005887040744358132,-0.004690728907594098,-0.21739348355154875,-0.009324925651656851,-0.0007608206562452558,-0.0003993016107583758,-0.0035139818934445855,0.003062331922128147,-0.0018607100871903277,0.001188873203660419,-0.19226300007845498,0.002354428135259386,-0.005812084603235104,0.0033772650308995763,-0.016188828461663366,-0.003151853317622942
0.0010790526081110765,-0.0018423625624537975,-0.01582097721513297,0.00329610011922079,0.00017864672142604287,-0.002325682918256512,0.0008718739095006086,5.046281304852247e-05,4.5506987606815346e-05,0.0,0.0005836124268795192,-2.3843087042250224e-05,-0.008298698942404717,-0.054717090351486274,-0.032370117914875395,-0.0003511145026916869,-2.013927302872039e-05,-0.006453214902217154,-0.005845768519765954,-0.00034469638685174575,0.004972770710525319,-0.3215849437107538,0.004825658037368424,-0.005978466009271154,0.0019874464905383278,-0.036111668040761345,-0.0073117114302854325
-0.00754995025166781,-0.02213763760215995,-0.015202887382452797,-0.007741558905685074,6.691190836952196e-05,-0.0009020436729170778,6.068741662367723e-05,4.916907245068944e-05,3.238335272923858e-05,0.0,-0.004692020205736853,0.003823732650455227,-0.005333440427328804,0.02207059826593611,0.004153403552893544,-0.0009395700551674413,-0.00024627457054442555,-0.005889940563400728,-0.003612186564642746,-0.0077823183986250625,-0.004185414219716003,-0.12516591104487562,-0.02687596775793631,-0.016584824688008724,-0.003956689663010321,0.005206612067905904,-0.012655281807981813
-0.006622696609191343,-0.0055785772354595975,-0.012320809564947304,-0.013198663578420838,0.0001238301972920755,-0.0023102114211476007,-6.971325671253682e-05,4.295867235297682e-05,8.224923116810384e-05,0.0,-0.005095137538953445,-0.007086985160791144,-0.006507396380698018,-0.23190897489969126,-0.037072909142330183,-0.00113853508861471,-0.000228876520116072,-0.0032021859277968916,-0.006710834908178996,0.00806832938537011,0.007610650476916603,-0.1378425245552025,0.012940798833774622,0.010153866791893132,0.0035096587498823725,-0.021256511867292452,-0.0015075852685372578
0.010864114863846676,0.013854690521640092,0.01956084910416325,0.0071223851744713,0.0006786216246727466,-0.0013133966201498558,0.004078122630237999,0.0005602058071433625,0.0005111421805984339,0.0,0.0014601612899245347,-0.0017206283895287234,0.010692984851757235,0.009940726242827078,0.010069669125063749,-0.0005140402774857349,5.118482300213443e-05,0.015885890447917526,0.00338648808761351,0.00018662741849960823,-0.027706102184796796,0.28797364266060854,0.006510691267104216,0.012841695457102297,0.0017539352327519179,-0.008665132359661952,-0.013832216478956
0.010198901860850774,0.015088810436952368,-0.005689868023473404,0.005787680481121784,0.0008421801339255255,-0.0028186532945736944,0.0009427843823785808,7.588603603541201e-05,5.070456542243189e-05,0.0,0.03073885602784935,0.0025682068406458003,-0.007182375989104623,0.04207079063674258,-0.013030661661758662,1.329060307954275e-05,0.00037808854742274115,0.000879382641170749,0.012198784992267418,0.005321009382812569,0.024285084933964775,-0.0962916309743405,0.045183066819189405,0.003104597875464179,0.016631535486694337,0.02677135535854652,0.017659130321787557
-0.003591160671203597,-0.00047059150923500103,-0.012226337137536878,-0.025945080332782523,4.671337157810622e-05,-0.0020370387998188957,0.00016279858800998862,5.497615172362861e-05,3.413500955589721e-05,0.0,-0.01772691907262598,-0.014087178000519212,-0.004000593154359851,-0.13923166059663036,0.008077471964257774,-0.0012337521637770792,-0.0005012004074046281,-0.0032707012424218478,7.221901041062297e-05,-0.003899100941769118,-0.007331339466825082,-0.23809031091275942,-0.011124465135142798,-0.0061155800451076865,-0.008586420495022723,-0.027529101115747294,-0.005868623212244609
0.002294160757821234,0.00802245861914971,-0.007004754210256844,-0.028899484536780328,-0.00010787610488772095,-0.00464210870696361,1.3754732268466405e-05,0.00010882271963315815,0.00013427241923447104,0.0,-0.00329227938443471,-0.00022287334613640313,0.0012236446818477552,0.0038406646261554336,0.0033597793099307436,0.0001871418940800863,-0.00010267441085370909,-0.007822156306410907,0.0003801738830460317,-0.003948672591553347,-0.0055811241195665795,-0.1816314541193408,-0.001975774234698923,-0.01105935138879987,-0.00022514472054308287,-0.03987420770441631,-0.009589063389117797
-0.015481086079643687,-0.23320798936269785,-0.009268103439521547,0.004497139386681455,0.0002446704852732467,-0.003877057059297248,0.002074957219538232,0.00015552257927272493,8.27258213537475e-05,0.0,0.0007680492362373785,-0.0021062468317137742,-0.004974267571254762,0.007541533416574412,-0.0017188065686014747,-0.003346425598101082,8.282532360738787e-05,5.9844748863697065e-05,-0.008512926050277866,-0.018471290540937144,-0.024617317178383797,0.08635019919217532,0.01105121651732116,0.00010242238378798309,0.0021075096671340117,-0.04382082963537051,-0.024880165884605423
0.011815141053191893,0.012938725421789305,-0.003802337312094911,-0.011840929948404622,-9.600623697123341e-05,0.07363913446863932,0.0013410837601009256,0.000281101120021502,0.0004109054055616701,0.0,0.0023766209267181227,0.010090057655227634,0.006543461814758579,0.0717127015396038,0.007900212525464103,0.021440876658899384,0.0025020419033947357,0.006731159040216233,-0.0018287318310180876,0.0043657267579221845,0.0011839923735351202,-0.034264172760440456,0.012788041420430244,-0.0019668880818022936,0.01821212506849481,0.04971944884023581,-0.0040878086658806085
0.005699531344417262,0.008276239051470772,0.030897586837605517,-0.0037611943647377984,0.0005214915927888807,-0.0014730568964818915,0.004758876396550498,0.00036668382336162825,0.0007422588493671939,0.0,0.0015195992511965108,-0.0021692440335820476,0.01036937993827315,0.011272929904688245,0.017230168387122716,0.006558158651142606,2.4084919540971116e-05,0.009814006313081276,0.006628249210772455,-0.003337720029025338,0.005405165307652618,0.297716094532804,-0.016867304613940582,0.010716405968824047,0.0023412446202293203,-0.010920413841143048,0.02042437529302412
-0.007990616470694115,-0.003534622972562759,-0.029842943416497087,0.0029641782332105937,-0.0002925291995583785,-0.0075788132672724535,-0.0184140811537483,5.1069054023596017e-05,9.589420465072532e-05,0.0,-0.00040881197026476244,-0.018037476172869337,-0.00987627044395024,-0.026224874109620572,0.0015066072111715773,-0.004816853913028402,-0.00021047384895994222,-0.010690319164062233,-0.0075955875671181545,-0.0045253798019556125,-0.005269178935211656,-0.22039134501774835,-0.013977771040470205,-0.012885997897746956,0.0012836686032673362,-0.061853860785770834,-0.017833616298010738
-0.01083602659034722,0.005452381803466127,-0.06105363548040494,-0.014425112677967067,7.150262147082391e-05,-0.0009495248133486651,0.00015085155728796493,4.7551246973163104e-05,2.9697418596156056e-05,0.0,-0.008506233929636786,0.005798919091165219,-0.015328828155699907,-0.023834216061252286,-0.00023680046827064653,-0.0010756983137207216,-0.0002925582077589988,-0.006346855926395407,-0.002973224487077516,-0.004066234981678144,-0.0035131140026115272,-0.12345760362288788,-0.014033994819487139,0.0004925386734280162,-0.006932630144675487,0.008647489926702376,-0.009316542791265406
-0.0015853920248330643,0.019776968185563296,0.0005096515769571539,0.007614859420671454,0.00011149815747776948,0.018897656783509527,0.003375477660686409,0.00027569871347181245,0.00010909864522484478,0.0,0.004091063468982906,-0.0013328896166798186,0.012884643379672185,0.02038630104522919,0.013743279942473373,0.00875488184949662,-3.1651751824811885e-05,0.00013597599249669907,-0.01805784397227506,0.003235857179485724,0.01014497054625641,0.0944786339898908,-0.03626004665682616,0.0019843926168497026,0.004970998265746707,-0.01452050165635038,0.00645736304499305
0.013207815634958243,0.01287156392412544,-0.002021903203409876,-0.003820688708363503,0.00036914360451474376,-0.004007256434941678,0.0005856415215255335,0.0001673812770507207,8.246132882802936e-05,0.0,0.006441929356141676,0.018213108599733262,-0.0006396785505621969,0.05326991539609956,0.010845936004941556,-0.0006442451949566464,0.010213979034766594,0.01274945586027019,-0.0019978701805854026,0.0074053188432951335,0.015659884678082974,-0.03233460794519143,0.025327563121647183,-0.004781843848069416,0.01758420408736976,0.09036363125874115,0.015026020822984014
0.0062016838034817424,-0.0018613373758078187,-0.025454858770524752,0.008356585751935458,0.00043161925564371545,-0.0014103516963018968,0.0032659985090449065,0.0002102898834746136,7.281648980472562e-05,0.0,0.0005639860116838578,-0.0008028949995663254,0.009279732541087797,0.01137911076000779,0.00786269363065479,-0.0015730240619027639,5.081156626568462e-05,0.005920213970057928,0.009925513585582045,0.004333321516980133,-0.001039001070324191,0.22207526817473644,0.022037449479693202,0.009086131294570967,0.007229984502299133,0.010562056692712079,-0.011938579106417933
-0.005740886133572821,-0.013599339761435566,-0.00033590791782719297,0.0038701008768650103,7.771772096969104e-05,-0.0009477045410259399,0.00010637281823369426,5.149545418710606e-05,3.0491993867426478e-05,0.0,-0.001427959326875703,0.006480842854523337,-0.0018782350703428691,0.05630008834584884,0.012910099654330098,-0.0010785436378641295,-0.00017667740317959206,0.001821356150070939,-0.0034275975985052316,0.0004434722456775223,-0.0020797590477588104,-0.10172085751901373,-0.008813297623867792,-0.008585422659446722,0.0017699859037855425,0.02504958091869387,-0.0001638746367765447
-0.002651967798975144,-0.03037652934253488,-0.013582592082211983,0.007344190380950857,-3.9412174682116775e-05,-0.0035068119806963877,-3.135193702485777e-05,5.9695578678430054e-05,5.535469223995088e-05,0.0,0.005207870860750999,-0.011398166071944972,-0.004617584804370831,-0.16223949287988434,0.01130680872258507,-0.0037005609314954627,-1.4861310310638365e-05,-0.0032964724298092537,-0.007174842691318362,0.0002484538662534089,-0.0032047905766736133,-0.11508235105879555,-0.02467240205887567,-0.011317396602660802,0.0034685277816975594,0.0018116529887326513,-0.004993674285711961
-0.003139382984441679,0.020192586395788675,0.019285078969336508,0.003856485648234116,0.0002492769216922842,-0.0015138180007712165,0.003399557804861499,0.00013764077333065845,7.775009288354693e-05,0.0,0.0024979652836748527,-0.0033446067340580097,-0.02080941195039562,0.014530189350949525,0.018395109513125025,-0.0034036669641164135,6.393400183999384e-06,0.007379442180064137,0.02298636632099421,0.0007815429687599694,-0.001521092474089048,0.19252363206975862,0.003284072630773139,0.00798048508094343,0.009615980567697928,-0.004371834492090267,0.011952487973661562
0.0003503592367271543,0.011134149099921857,0.022886938967182358,0.0026642394710078387,0.0005267378950083272,-0.0014089673422484302,0.004260556965812598,0.00040465903239755196,0.00041948901040444927,0.0,-0.0014918728197677725,-0.002237950395287163,0.015545312767475785,0.012478930940241804,0.010002768797427493,-0.0016792415632003524,6.0581892887201765e-05,0.004793796259331129,-0.005073052901944138,-0.003009827119524333,0.007679741049545834,0.30061645632654616,0.002312703267275093,0.010966486710596418,-0.0016650398858065157,-0.008943321515674266,0.026576554929652635
-0.002826939371174486,-0.0029264105652199866,-0.02054236471550628,-0.014561182441871929,-4.882596865975201e-05,-0.00290917517063347,0.00017324679957118577,5.343572136215809e-05,5.9927011546351464e-05,0.0,-0.021692885567173466,-0.009142289502523071,-0.005685873299885266,-0.23066198888312753,-0.01689442350736629,-0.0010089590120437317,-0.00046498975918341363,0.002343575008568467,-0.002077559284414312,-0.0017571651502950732,-0.0025513080737787804,-0.19485264243913916,-0.0020334500496580216,-0.006545728440495528,0.003629707005181537,-0.010801032226613815,-0.002815006388258994
-0.0142431832466497,0.011851454303472739,-0.06641358840487886,-0.013192559705509288,6.655892830844636e-05,-0.0008405546514123509,0.00017662573216181295,5.026780746558706e-05,2.8989100661683175e-05,0.0,-0.02318975900370772,0.007503811439509603,-0.014140346716412459,-0.029864358152373167,0.0013247510034919445,-0.0008511223733409762,-0.00025584826232195954,-0.005428101043755686,-0.0028682523521753513,-0.004195933540634563,-0.003630781117711669,-0.13745874576247527,-0.01985650500649227,0.001013146305264141,-0.009690107117094155,0.006279105914142996,-0.020088489497343348
-0.004798369949169752,-0.008103671257230041,-0.013511156567285148,0.0025393252781074284,7.228468260959884e-05,-0.003238634857414567,-0.006233926223959496,0.00021972565794774825,0.00012593727296088,0.0,0.0029445413142336484,-0.003909779755198922,0.002348931588354031,0.005931979187363714,-0.001557343013601409,0.0007377820539053556,0.00021188578132312584,-0.020063766816446428,0.00040370329901854554,-0.007127703869956035,-0.010179804465753702,-0.08257861031984137,-0.02358866592444372,-0.003457563404943213,-0.0028333530473679466,-0.008302061149040668,0.005541625872881664
-0.006149298237202457,0.009451983120980565,0.004288208505893271,0.011561328630188624,0.00018200698319539442,-0.0020454094298510746,0.001997162438908929,0.00010562377218006418,0.00010599117905619349,0.0,0.004604461442693208,0.006985610484595357,-0.004692859991179011,0.049749611500422924,0.011682581685096864,0.0011601284068025184,0.0012173376472188189,0.011557783994669559,0.009745948872086992,0.006226281833948681,0.003165881888675583,-0.05461366450816172,0.0073290130194022364,-0.006443709590167889,0.017583927557080232,0.039652493245424095,-0.0039670381451017535
0.0007017481823486833,0.006754526223877321,-0.0025704854500360665,0.0051596512944763065,-0.0002649366954785552,-0.0044673071137322825,-0.00022391449860577301,0.00014132011707784924,0.0002700608228983108,0.0,-0.006363874424253926,-0.0115003654695143,-0.00014784505469864721,0.02238235528423877,0.005022834917584004,-0.004224634422670697,0.0007137059162013834,0.0016227009892034465,0.003676073865987287,-0.0031510108946099617,0.00016656454618378636,-0.15114176352019473,-0.0002203988600108124,-0.0003167035737090007,0.004836220435103034,-0.013170042817279641,0.006315234987780988
0.005502587519518374,0.01028380611979579,0.004055427522230042,0.0058028189881646625,0.0009454651438878678,-0.001545184461939274,0.0007243026861380288,7.646434951586068e-05,8.6294219610853e-05,0.0,0.006595131231589291,-0.0011603183297357812,0.008909445450439544,0.05787301766331448,-0.014369761377330209,1.702366505571303e-06,0.0001466704796020364,0.009254554826586214,-0.0037758338854200647,0.012153126922672713,0.010915992528122663,-0.025485897259671562,0.11894917829933489,0.005925346308561211,0.013415848123316433,0.010078157578681593,-0.0006902528212134179
-0.003978772410676181,-0.008408491476310393,0.0033208223964723174,0.0035880048562336973,6.321894022237609e-05,-0.0008734308113502944,8.285980857275203e-05,5.09716655833625e-05,3.14629215871921e-05,0.0,-3.123177376439714e-06,0.006685804795523624,-0.0018617362440154325,0.05495791832992644,0.009539680171881178,-0.0008682680947408546,-5.695907602186199e-05,-0.001563631440809055,-0.003163459240142391,-0.0003580863070220786,-0.00141602083963019,-0.08968072707148268,0.00793473002757687,-0.009322827972852004,0.001769679693449654,0.02035872855458076,-0.01118877399534441
-0.008110447789070984,-0.02002300533419008,-0.0066510671725726585,0.002333947275977184,7.171158933145125e-05,-0.0008740115738903696,6.886542648822168e-05,5.057718293439842e-05,3.100201882635622e-05,0.0,-0.002211087849061344,0.0022865897999380215,-0.003985914990481491,0.049615144850512015,-0.02322959846449523,-0.0008822302268480999,-0.00012313371328053692,-0.007731081750403468,-0.0032833348586304243,-0.003462652043066829,-0.006225956768506354,-0.11752229949780693,-0.016470798619611673,-0.02059306733683862,0.0004245891242049566,0.01640928893505281,-0.017419003733554927
0.00839409083778844,0.02291331326548478,0.007230714353644725,0.007768541498936088,0.0001535937589316726,0.015749829251756865,0.004374943068710003,0.00022834489509853854,0.00010787501323806609,0.0,0.004635510550986176,-0.0015219420081781837,0.01483257069102856,0.024627236770793877,0.017758129368040963,0.008828552731130253,-4.4971372301300256e-05,0.0002662765225367042,0.008425900893146028,0.010286135435508626,0.006280597293697619,0.14701018542769245,-0.011386785363383292,0.0033433704612589373,0.0049501585898649595,0.02015606974264146,0.010314449252929809
-0.0029641596813186444,-0.002506487576812846,0.0006170412686393987,0.0007869531026365522,6.453408007455998e-05,-0.001024914339143603,8.272600916138918e-05,5.273794765866504e-05,3.1047181033142866e-05,0.0,0.007376234951197335,0.006386429942390676,-0.0026937235247714523,0.0768763629391293,0.021709152524980277,-0.0012348816806980192,-0.00014575046495721365,0.00180748754550809,-0.0028262692216893016,-0.001238875002681632,0.0003633089008000139,-0.07228571063753726,-0.003261835195190508,-0.014235586617498063,0.001301844584538601,0.03486661470776246,0.0074472667622314925
0.003731222262443494,0.023862878941767203,0.013342334099619723,0.009193108731280032,0.00020670719808437755,-0.00144198412050993,0.003641343816738952,0.00020845394357556175,5.1363354115963646e-05,0.0,-0.0027554675041882087,0.0015521707457062945,-0.004560939293040512,0.013818474969366109,-0.0010955926000529223,0.0027211749268745583,-0.00013886193922887252,0.014295845253406225,0.036420089063153124,0.006922764365118201,0.007599252441735119,0.18053803477321873,0.027595924708607684,-0.0010621512173965794,0.0013546850336964213,0.0016674248824640697,0.0044203205359432006
0.004203902269655362,0.01423471798936729,0.0035227808492373346,0.003406430432795575,4.5146856429957386e-05,-0.0016907785230482507,-0.00039398312324851533,0.00014289204182255222,6.336907319048131e-05,0.0,-0.0015162127761797486,-0.004716673817858571,-0.035835759677562945,0.008930605625020996,0.007995181293290514,0.003818943174176618,-0.00017498805290221944,0.004303496700374406,-0.037001534400803206,-0.0017859390119868267,-0.000717717570437336,0.07722520505933064,0.004534114663202956,-0.03951889938067664,-0.0037516375350391674,-0.020829129463144264,-0.0035585890064754955
-0.0333339902933886,-0.011760435156445146,-0.04495827732993265,0.0001180843396899204,0.0001622700241042883,-0.002035029587604916,-5.573826740259465e-05,0.00010794334072049418,7.091882210742211e-05,0.0,0.0003957403006723479,-0.0024053626441758753,0.003363847344871454,0.005188895098213135,-0.12513726354671367,-0.005158046292127611,4.3297656194577614e-05,-0.0032319217994010714,-0.006487544257774942,-0.03733034518701464,-0.061229173739839805,0.025724971620499002,-0.08353961168628837,0.004258710209858211,0.0022494699054055006,-0.017077643703685988,-0.0061785710101532115
-0.026545770460601536,-0.004345055547155459,-0.07646508430321206,0.0011843470141352855,0.0001684085968759936,-0.0023483797377825224,0.0013428725706555102,6.631320445051671e-05,7.370007607165035e-05,0.0,-0.0007047125618735073,-0.0019698113455112486,-0.00042772668559152254,-0.0027621755157312337,-0.0010041596889379693,-0.0019188471224902762,0.00017194805241736366,-0.002563419898821709,0.0017282190323983013,-0.0179920482765762,-0.015974304852883252,-0.01061579143362926,0.0009418315609482016,-0.009838687941872206,-0.000726558849032786,-0.03352440690583946,-0.01615804102070585
-0.006026974294628966,-0.010803966257131318,0.0013460221557668461,0.002824783288694907,7.819042320951859e-05,-0.0009284664280001659,0.00013348635541779192,4.8921772709054004e-05,2.996276299434198e-05,0.0,0.01031126370521388,0.006352760010511744,-0.0025100865508654938,0.0735174618239488,-0.018091726050141487,-0.0010325281881642518,-0.0001718626810193233,-0.0006550609328933966,-0.0032689061926805233,0.0009532441413774538,-0.0011381479697631894,-0.09662390868709021,-0.002729361530686085,-0.01082650787091422,0.003235643911720833,0.027167078297011777,-0.004801972694018462
-0.008854956696477852,-0.004851820303992122,-0.029530816402131857,0.003123715561501832,5.6438297094069714e-05,-0.002498418419230057,0.0006956901820286177,7.176573623898952e-05,4.246294469285459e-05,0.0,-0.005330268578913675,-0.010297914651078854,-0.008517902242467281,-0.05552754242436273,0.00605251285629473,-0.0012211682652652847,-0.0002278896982495777,0.001245949204088902,-0.003588664635268162,-0.005493358782625007,-0.009060716810319006,-0.29931498622318586,-0.003236811536029435,-0.011375740984807349,-0.014271124492415719,-0.02015834413718786,0.00641398210812981
0.0018928221036383756,0.012451916698819397,0.017280978467807236,0.004201631567903161,0.0006865664112294215,0.01007174657988905,0.0034093660475630594,0.0005247546821777366,0.000200426321995505,0.0,0.002088844370388912,-0.0019230382941484165,0.010454999873749073,0.00699522617258139,0.00933203932398266,-0.002647749517646925,5.898029526605995e-05,0.008217038035200776,0.0022675715459669027,0.010554951591488173,0.001969721857843111,0.3078464231391638,0.016112992737158303,0.0037363054790621715,-0.002035803081545506,-0.011025064408873853,-0.005395454919613124
-0.012415572382961846,-0.03687386762739411,-0.11375094112436702,0.00218646722795617,0.0002342140627505702,-0.0019193018351170953,0.0006664569460301804,-0.020096069279355717,8.819009693404501e-05,0.0,0.0010476405208501391,-0.0020352121829254077,0.0014603678017953016,0.010055542514046563,-0.004985825024644942,0.003347378097706067,0.0001036239457005592,-0.0013518575005942973,-0.0003933936601730734,-0.006556130009607216,0.0008919556406861586,0.06394826330202742,-0.04911765827789515,0.005991008103909489,0.00036333749832566457,-0.07332918916424637,0.004023171883836536
0.004517163164535587,0.005038061876694227,-0.009443667926735089,0.0054331681546518846,-3.468785288194393e-05,0.02100163784064582,0.0009915193799416098,0.00026519238889604506,0.0003333571257108721,0.0,0.0005886296707376548,0.00104151619679724,-0.0055663430843841425,0.02719328260564296,0.00733690707645258,-0.003695140381753092,0.00010424618006226666,-0.0004995691338821098,-0.006949695044313348,-0.001996471340418048,0.0031304426487606418,-0.08137293584722641,-0.002714880265123527,-0.008900548808247508,0.007291884419293215,-0.00913522916742344,-0.015683684567510285
0.003055098615867492,0.00360285436746522,0.010500242483548401,-0.006370267919360634,0.0003900584878311215,-0.0021400001995050327,-0.09973285099972158,0.00017722065657488866,9.310011324417802e-05,0.0,0.0015871807847598334,-0.0027133660345868733,0.0020859741270871706,0.009599293049694507,0.013450570091239171,0.0022439215966818947,-3.5835439146779615e-05,-0.020187266606234877,-0.014341563891464664,0.004472301804814344,0.006755021898557618,0.1668729610824606,-0.07978088160268104,0.009821281643364078,0.004111553563643064,0.0008858298631071204,0.008180315251425494
-0.0046416996579738915,-0.0020774425470833457,0.002856440195650801,-0.006129331639285941,6.971270298998204e-05,-0.0008718013884043386,0.00013817736108899637,4.451843250467906e-05,3.183228605840918e-05,0.0,0.008190351665593806,0.008030684271832568,-0.0022087629089415496,0.061339079750043574,0.019106284866060762,-0.0009443607344021623,-0.000185484027959871,-0.0015622220945021544,-0.0025387469487452483,-0.0030189075924510066,-0.00297849255141074,-0.07364658175400494,-0.007779149299938678,0.01040931342163133,0.0010532931269800776,0.02331471328729663,0.012175097667152643
-0.0026604427137313486,0.0032580228732717047,-0.007866316610748637,-0.02058650637857784,5.783740429349682e-05,-0.002386839636645186,0.00015003419269167024,6.525366729147523e-05,4.0082373034926584e-05,0.0,-0.0233228429022694,-0.009456181611567391,-0.0044359731835628725,-0.23000343682324156,-0.02891397300925765,-0.0007312377264775707,-0.000540573639167356,-0.004258254336217902,-0.0026003812382334648,-0.0009415759758817795,-0.0024469247910843686,-0.18672533323152551,-0.003471477816821971,-0.006826113305033277,0.0025999037402022664,-0.019393460908265766,0.0013017037824462352
-0.005274843421788461,-0.004000044916194453,-0.015697546698789606,0.005166310780479992,3.959233286909099e-05,-0.00209907270187204,0.00015087856746895658,4.24648092699666e-05,4.8804005687368486e-05,0.0,-0.00215590028630981,-0.010584945221856271,-0.008401949318068777,-0.14457533496678499,-0.017015021768249577,-0.0013301931437018917,-0.00023575350849975216,-0.0007796404090101809,-0.0018836688254565577,-0.005747224682845842,-0.009937774246537617,-0.23873492846514122,-0.012027953631197958,-0.0057403241569058275,-0.0004109532228844972,-0.029513862019148435,-0.003737871322945204
-0.004130972396322622,0.054668597732678965,-0.004382934935750383,0.00535095846346001,8.55182546803686e-05,-0.0008446092585105905,0.000161077056949022,4.82633855962434e-05,2.7300027282843993e-05,0.0,0.012627445999389546,0.018737605278591724,-0.00015724255888587422,0.10044901200557418,-0.015410867812124696,-0.000790275926919241,-5.361494653227626e-05,0.007347001630856599,-0.002780659052395062,-0.0022077735328558095,-0.0007173875359197978,-0.033016833063005326,0.13487551761454722,0.003985693273942262,0.00028379398016232106,0.04123866753326937,-0.004571223481221487
0.030747780647824303,-0.05686089023863084,-0.012709115549219399,0.004936261635677836,7.520471072480112e-05,-0.002210851519448582,0.003281084044598108,7.10561751217479e-05,5.345582451519239e-05,0.0,0.001359244289927518,-0.0018372893691619707,0.0033256974777852374,0.013113154162310299,0.027727274934089313,-0.002491116844231742,1.1916247740212365e-05,0.011047086486705809,-0.0026352245133674894,0.011862364297831827,0.010856875443868399,0.20790432965393565,0.04388433416626132,0.014858714262187704,0.0021871044136954733,0.0024450577709593324,0.012787117939985833
0.0029946904653952084,0.015422386737624773,0.023873582542932734,0.004641139051925166,0.0005406196054724983,0.013159180058620764,0.003639243770499746,0.00034981227436743965,0.00038441267748919045,0.0,0.0018756173424436411,-0.0013652975155916162,0.007929029988980289,0.015940997994575774,0.022776123652283688,0.010974408921726105,7.323799140843577e-06,0.003878775906000156,-0.006740840379005017,0.0005303637225475856,0.007391677207154708,0.25217346741281244,0.012896414282604003,0.010164373859622391,0.00742055958649604,0.004113655372199224,0.004415244348773697
0.006732322165990409,0.01240741669063015,0.03605359372473957,-0.00930374402499462,0.0005154410432362518,-0.000853009375761901,0.0038850034527175294,0.0003746246823506664,0.00036779734896658333,0.0,-0.0015390085394614036,-0.0026537182186102707,0.010352464462601253,0.015556174935769542,0.019127171444575305,-0.0010839013087628109,-9.501105083924777e-05,-0.004447335272175849,-0.007707343630171264,0.0006989250118480726,0.008843331818099086,0.3012487181381744,0.007608833178332143,0.012125432111326896,0.007623897846086268,-0.0006642793672861606,0.01705776696892668
0.006122959709957689,0.010972654941837827,0.017473638682029613,-0.012727483862581525,0.000355186103291243,-0.001313260127303954,0.0032861053370131,0.00015037536811235902,0.00012538570907513324,0.0,0.005379136479353411,-0.002474331936498428,0.007547790825955385,0.015039934536800059,0.016527827266111118,-0.002802941096825647,-0.0004170038981004194,0.007474825629433971,0.009828028562770465,-0.00171985794372604,0.001148424470881608,0.2151027793163384,0.020918088750369462,0.009673148659062185,0.008860222560936742,0.0059677712160108596,0.009650019068598479
0.008128870587368693,0.020534986350546115,0.010722286912440777,0.0035215085753813277,0.0004276075447392009,-0.0014139528887431464,0.006364369791777399,0.00022630653378252202,8.778081594013511e-05,0.0,0.00200119764792579,0.0006677530617344225,0.010278340720190807,0.007152632306225416,0.011310496517408177,0.01318033908176082,0.00011038718250126636,0.00115665596558715,-9.423290955038679e-05,0.005292497424147456,0.0029272946889401974,0.2620971920641824,0.022349223094242466,0.007476141890678258,0.004451273424163688,-0.006948642625647169,0.0011871838272451555
-0.006785596984398078,0.024257542166105282,0.02301373356867002,-0.014745508118127394,0.0002754927048069453,-0.0008772460511995187,0.002479803270359072,8.611057656719537e-05,8.23589791225746e-05,0.0,0.0055171652866258325,-0.003502532796259827,0.007173408994575846,0.013571573241981156,-0.012003730028575327,-0.002484404984523284,-0.0001714427484069664,0.0053147251982023375,0.017175910108015262,0.001233172814203217,0.002479981730309234,0.19112238818820718,-0.007775672986631955,0.010336331669678095,0.008697673973267522,-0.006600245793783918,0.013249663987635902
-0.0001243167504480242,0.009292110066257402,0.025294526182185535,0.005618812318569873,0.00045885352142127476,-0.0017558401335968949,0.0035996866352868777,0.0002470160297769902,0.00026028139169331327,0.0,0.0019648915671038477,-0.0020779812143614513,0.005951203535348382,0.01096534229260681,-0.029379149241226074,-0.0027943633721963976,1.3603644037749355e-05,0.004158523490888475,0.011349505350377629,-0.005507166882407271,0.0033018756777328717,0.24258167590575427,-0.0207547004786071,0.0093526507010693,0.0018088724853712718,0.003978568603739662,0.012684596264920352
0.007572905351166679,0.01209243731861288,0.02689459462137905,0.0028438979052600346,0.0005101692576220257,-0.0014868640454724761,0.003898788476629522,0.000350693887614667,0.0011082908913960055,0.0,0.0013731528994482885,-0.0025671356217981567,0.010783893260410404,0.01171588151256284,0.019235481573530805,-0.0015283688695519931,4.076593533731218e-05,0.008525688025930445,-0.010529915219901211,0.0018842014504422534,0.006931889870236069,0.29146952926146624,-0.019639577677484903,0.010596121104962261,0.0015737425926257154,-0.004817178567408735,0.007198376081531729
-0.010201521513813198,-0.01648719031927522,-0.02902565670450251,0.002320762544385472,-3.8482519580687745e-06,-0.0032667127932360794,0.0006812747214191081,7.589643403113889e-05,4.336026169753701e-05,0.0,0.0015470763674797527,-0.010021475159302863,-0.007140978287429936,-0.05543095086876483,-0.045258914058109105,-0.001414856557045593,-0.0002705444812539471,-0.0031340102783040946,-0.002066652465010052,-0.009019345494034181,-0.010470773023505978,-0.2815947378282893,-0.00898312421323805,-0.006681437909758875,-0.012770877482431367,-0.01449722471492822,-0.007335648610593909
0.0188937896864537,0.00805863360234551,-0.002568302839628776,0.007334724939864884,0.017880475194918533,-0.0036755575813970675,0.0012988744875568642,0.00010491589541680632,0.00015203949162738618,0.0,0.023464289262090314,-0.0012134768017173954,0.004592918298511659,0.052406596331850554,0.00902931897450973,0.0009352470024241776,0.0008203417488940135,0.008091308866250774,-0.003499291138637208,0.009500983428694274,0.01077998717298494,-0.02858523609442333,0.01897567186758271,-0.005341794570363364,0.034749193546629885,0.025771815450163178,0.0001298346871607154
-0.04165149388823794,0.0017150804328205395,-0.009954500101997337,-0.020448422906584354,-1.4037303402150546e-06,-0.008871266946262434,0.00018073986790151947,0.00010172111074366528,6.216870127914893e-05,0.0,-0.0018129617167148477,-0.0011270343641068136,0.0034970948385178997,0.005750844466130063,-0.03844885485627348,-0.0042072704215007015,-0.00045735994226686096,-0.004010958580097467,-0.014389328959876843,-0.01900079043437866,-0.015371968572219017,-0.1178914853961761,-0.02589900500090295,-0.011453883017901022,-0.002665633679956525,-0.019296106530138735,-0.020792966549559474
-0.005447032133960641,-0.011280303654769373,-0.005199803453450226,-0.005104418492646752,6.30846267763452e-05,-0.001053447017538515,0.0001532401364518271,5.098340270251543e-05,3.165649489382321e-05,0.0,0.006363362611054571,0.0034722117383012823,-0.003816194948734348,0.047616228087455685,0.008874800197201502,-0.0011502574901842307,-0.0002767822213605766,0.0050280610614542925,-0.0026198546518668886,-0.0038102314885482976,-0.003036807675253347,-0.0917997430384618,-0.0062485015973204,-0.0077289867911710265,-0.0007118900465608259,0.017789067767296444,0.01610412426317223
-0.008820503579502476,-0.0004573228991323506,-0.01051146156938116,0.004082525741283951,4.555282286072913e-05,-0.00259429302013213,-0.00018012321140566424,5.586534835084071e-05,-0.0013684580606064555,0.0,-0.029910312133104248,-0.007691095952856786,-0.007552668091755776,-0.2419578345906032,-0.05032941280715083,-0.0009346486380023589,-0.00015763482707228352,0.0026526517272816175,-0.007188034275812367,0.0028175632895940505,0.004380714405821662,-0.16361005244471255,-0.004498744083905817,-0.006924951991441353,0.007020721867045457,-0.028718311130545324,-0.0032616179717358963
-0.013941036391978343,0.001400773367653155,0.007677831003585771,0.0048466688209389056,8.840765141434591e-05,-0.00141550052143378,0.0008832148080031334,8.379772322599396e-05,9.184351980881773e-05,0.0,0.00010218363665814227,-0.0024555027751878393,0.0030587400109069207,0.0076359019833831775,0.0056137584995521695,-0.0023186833159227482,-0.0004702902287576347,-0.03297161019496127,-0.0026561203542776694,-0.005236605368088638,-0.006671772120779672,-0.01221924230584937,0.0019636904121781164,0.019931838977594624,0.011414809856932545,-0.011144077666049827,-0.00213059488750751
-0.023894436400605963,-0.04892441095902749,-0.024586981461342437,0.004684714860426771,0.00013450794369272904,-0.0015888961141870288,0.002315980176567612,6.128922809456963e-05,5.022448057107569e-05,0.0,0.0006318191080134429,-0.0037781329327249724,-0.04513205284290188,0.0087517398319622,0.0007372777686511042,3.820125721208629e-06,-1.6245758766183837e-05,0.0047316692021570125,-0.0008336961163006147,-0.017925189316558312,-0.024155494571812423,0.07144457480133265,-0.023331126941953127,-0.004613732308734284,-0.011457343530596987,-0.015944330937544056,-0.011174846219184558
-0.002079122266602012,-0.0016928272508899321,-0.01477011160325284,-0.015279078285713527,-8.848920312503802e-05,0.019883126259971087,0.000264586447222505,6.831838334129789e-05,9.262656574026292e-05,0.0,0.0082435125898795,-0.010209508725172898,-0.005808254870632775,-0.21685678203110323,0.006901105749852191,0.004572364058997628,0.0024745850380116547,-0.0030637943299519047,0.00012256460519140545,-0.0005291151665809088,-0.001885794573983656,-0.14766306364042167,0.0017355321248523992,-0.0070638877141887815,0.0008931348957908747,-0.005524119125344021,-0.0035895967157791647
0.006353389236289809,0.008864033517705504,0.023315532109968624,0.010191104019086367,0.0002934314145417328,2.8785049684858983e-05,0.0012645182198832102,0.00013111082602180126,0.00013616166351020846,0.0,0.0090653291332068,0.019491017527349917,-0.00028498428754838913,0.05660382950498562,0.016941188377344436,0.0006294920704717757,0.0021791054281216173,0.011860764193274944,0.012713183551093207,0.012837692775459092,0.012631681048159654,-0.0486547174682603,0.010022568704104973,-0.0011423962443545888,0.02818862331913402,0.02239441348046199,0.019720236213346263
-0.00038565674318321165,-0.013802556209337236,-0.011629419367562375,0.009749778937891236,3.322905798293883e-05,-0.002633873781312184,0.000232905185022817,7.29062882509252e-05,5.549200821556889e-05,0.0,0.003618387804556975,-0.005749304792972151,-0.005988036589684379,-0.18646478384171306,0.015672188260865687,-0.0019337679408193125,-0.00012801855497284565,-0.003934849067194161,-0.0008221733591209845,0.0004520557952975081,-0.0006513375951780032,-0.12313035174518647,0.002052656247759684,-0.007029650700857863,0.004782435063344541,0.017489248050862913,-0.0007578937935965076
-0.009055986928041217,-0.016206504622835263,-0.027962266240409005,0.0034752066884832775,7.234375775956046e-05,-0.0009383068170901637,0.00018911258981675982,5.119071470268087e-05,2.9589166828427464e-05,0.0,-0.006716911670486537,0.0005894172577143138,-0.01693617681143727,-0.010748466110979571,-0.018445560562593003,-0.0009620015924596886,-0.00019903375053163656,-0.011611047323597686,-0.003569372377080747,-0.00464908197950899,-0.004167241912431141,-0.12632500361376717,-0.00452462096266264,-0.001756043395488371,0.001136323248992634,0.01089607612010508,-0.008386464612290357
0.010523095753353142,0.02651132622799355,0.022453661546120933,0.00792055054263071,0.0001455690599621083,-0.0001654876025371973,0.004047383998213768,0.0001136727191092133,9.030726414381369e-05,0.0,0.0037379313360207827,-0.0018714914202426932,0.014866150855868421,0.01588398988720528,0.001992566330786074,0.0019962992533482356,4.865494910994698e-05,0.007642651388287791,0.023045266461443687,0.012497361305491995,0.00822544919880896,0.18532601692814235,-0.010689269723740647,0.013135390024071637,0.007747335432015241,0.0022533540256666203,0.010661176477778986
-0.0056135728017829714,-0.011279163612015967,-0.04446223251403479,0.00341130746435085,-0.0003220665245046441,-0.008918144469435554,0.0008705566624511589,0.0001449757842458687,0.00011209902854412327,0.0,0.002475261047719654,-0.016118434145003878,-0.004016399089131271,-0.021727850641713523,0.008776145047656572,-0.0024759772006751643,7.342891783358287e-06,-0.002169786648040297,-0.003245491583905068,-0.00924415191351362,-0.017197449529131208,-0.17641836375930212,-0.0060561214838958065,-0.004420621052610903,-0.004618942560469645,-3.262266512547204e-05,0.0073220462304581
-0.009376330147574972,-0.00021132388012034991,-0.0456841419115765,0.003899891131059962,-0.00011582299441909877,-0.009158111266231386,0.0009906487472098478,0.0001442660597560198,6.096321777833383e-05,0.0,2.424298843227011e-05,-0.017098429223144872,-0.0038415453526779984,-0.01545908413632825,0.00829405899590345,-0.0015721360161998848,-0.00027420823189625514,-0.009875997827213122,-0.00166214737350535,-0.012537799363426454,-0.016621260292345657,-0.17055802661549652,-0.01030797864753446,-0.007452455048069598,0.0018467064894167125,-0.00509926815684115,0.0030848448658646953
-0.014607073009753616,0.007401908324006474,0.02044535919666259,0.007587800382431961,0.00036837682624228684,-0.001443541697336291,0.008142055906003086,0.00015607686769892224,5.268544353350523e-05,0.0,-0.003256674609509824,-0.0008928059327688092,0.010822277453549415,0.007258298660573189,0.0020078051230989517,0.01281020949141352,0.0004907917321983354,-0.0011131783206030886,-0.006670686891414219,-0.013661732072376516,-0.011781578364323043,0.1780089916511303,0.026882346430262105,0.008350108379058524,0.007758957650177501,-0.01983374455152949,-0.014569271077179728
-0.013852246623718737,-0.00024714409150155045,0.001106803562952331,-0.03357962752178534,5.01332677520824e-05,-0.0027219033101008832,0.00022568402977575408,8.798936822640884e-05,8.873414150772606e-05,0.0,0.001041681361914672,-0.003966940889611506,0.001891276924922432,0.008770744895852674,0.004941546004737622,-0.00704008020686114,-0.002315423445345169,-0.0359492919096344,-0.0036402377911716054,-0.004929660339626613,-0.008990153402366648,-0.03775813102527396,-0.017792648771436964,0.0009301312273188506,0.0003958884728438774,-0.003511335720230189,0.007561323351882961
0.0032679507233263237,-0.019711040358739607,-0.029135460330811724,0.007171704038084476,0.00019895638925564318,-0.0017490316739501046,0.0028584996493932644,0.00013049291911477808,6.349362774107125e-05,0.0,0.002355956271547562,-0.0016075502267104596,-0.016359931716013063,0.01698750388194406,0.018979057284495414,-0.0013322988856512476,-3.515994349609796e-05,0.004481078031872578,0.032149424779730006,0.007308022643064873,-0.0016926431334705588,0.18968889717135534,0.016915267595629904,0.0028312880883680507,0.01808099429572453,0.023785589946782985,-0.0032596228351392527
0.007042155545979878,0.01286963080458174,0.01563767133490925,0.003066619501012824,0.0005493913908084664,0.015289003537373006,0.004564428560344034,0.00040237435321734496,0.000600730489274297,0.0,0.001639540007216031,-0.0019933790528056734,0.00950449874816959,0.01553320253164321,0.015855007424593445,0.00811402574456476,3.1270991171346364e-05,0.0032792153536689954,0.0012747140723453807,0.0006435763368003498,0.007008000493822204,0.2845121682701636,0.009164009922499031,0.002989901727586395,-0.0007788647268628803,-0.0036117273294024215,0.01814147787159604
0.003447238471525714,-0.03110450258927858,-0.024777473057024987,0.005092888227399092,-0.00039148243926175947,-0.008265567755572526,0.0008767339297302379,0.00010516986293022681,0.0001747073370716068,0.0,0.004597013719917738,-0.006599142430807117,-0.007394331654276093,0.02135536826964921,-0.0029799981877892162,0.01146117153972888,0.0004867956451888149,0.008543116714310392,0.0015680714165131645,0.0025391421374447967,-0.0014243245456926337,-0.08179161013427512,0.006908674672221747,-0.012252167234414704,0.009981510391115752,0.015283289133815808,-0.015636422313259082
-0.011585125419065494,-0.0221070365811991,-0.17231631711802295,0.0028813908095648255,0.0003159094192491896,-0.0019071628016361472,0.0006996179966121396,0.00017758488619073115,0.00013959512030959302,0.0,0.002164358979648784,-0.002551633024333533,0.0018568746009238596,0.009973017814023186,0.013669496859931898,-0.009371062014035684,6.827242938020058e-05,0.0007057322726892237,-0.004242579245589929,-0.006263666233059127,-0.0036315755827164707,0.09227762885385177,-0.06686767168026249,0.005733063656413744,-0.009126522196188421,-0.005958025151460826,-0.006729216261095504
-0.006435265092811415,0.015215979786320654,0.01257496836492394,-0.013872920331854666,0.0003907244857023031,-0.001287414075739507,0.002205210407636798,0.00012553456347234415,6.706181638076414e-05,0.0,0.0008143870612454526,0.0018057541582287076,0.004636014942278746,0.009608401035035645,0.006579728363053188,0.005993616905253312,-3.14272965106701e-05,0.004087227224676742,0.001103304887881595,0.0008126945217711377,-0.0017333560470263352,0.16060082666859307,0.0045150546440215645,0.005806581724351565,-0.0008692372667316831,-0.009738458545744899,-0.027705505574968738
-0.006951059300720767,-0.006904658653810142,-0.02664148644416061,0.002816415620729731,1.9789750133532045e-05,-0.003860859924541046,0.0008056382223376045,6.001536345674321e-05,5.235179511837863e-05,0.0,-0.0005648618795076916,-0.011477151773079697,-0.00996165814797644,-0.06393026648266394,0.014842764294012486,-0.0020513921733518793,-0.00022958853588724387,-0.011697001036865242,-0.0035243566132547454,-0.006362967009050803,-0.010863895388418058,-0.2997496830761929,-0.015542715497468284,-0.008656025461365631,-0.006243915679442804,-0.04400690646354363,0.00019601470146303013
0.001263436473752194,0.013269860689413434,0.01606635669222329,0.003119699398243183,0.0005993152085017316,-0.0013195923208338379,0.004480245753234255,0.0004132373693691308,0.00020297742435072225,0.0,0.0018119584749200443,0.0006121626266977864,0.007896374683237695,0.0065066748376943475,0.016223706020244203,-0.0007736428977812944,2.4133827943798313e-05,-0.014149993263580865,-0.006864293539567782,0.007014635212066901,0.002482438818840841,0.3472650197271018,0.020700220620520578,-0.0033070871668245353,0.009000669232928072,-0.003845986133680423,0.0032780889417943003
-0.006035585290332048,-0.018571098813625127,-0.0016256219883751901,-0.018169118778026367,0.00022415565982768207,-0.0020976167357007543,0.0017105507557045115,0.0001579027335749444,6.38849770065446e-05,0.0,-0.0021814078201276422,-0.003914762969530882,0.00649028147488577,0.011166415191401477,0.010923730329798279,-0.002679323576984977,-6.952607583607231e-06,0.0018723623489744975,-0.029233818166304555,0.0006026103036816953,0.0010605922712391095,0.11458170086211208,-0.026315793085751122,0.003467350599008188,0.002765345442714127,-0.026350094213265167,-0.02706927881077135
0.0027473340038079493,0.011256848020298582,0.008147949249806618,0.0026660856641482484,0.0005562422173066157,-0.0014314519777737693,0.0037794309328348635,0.00038179710263137293,0.00010877545374996202,0.0,0.000656949415952776,-0.0012808481557018102,0.0059004867230936465,0.006259208113493234,-0.01109639215059937,-0.0018522602468294944,1.4333661161403327e-05,-0.021488839704997858,-0.007898216853021838,0.00014303736793567343,-0.0023325376556345275,0.29461763260880636,0.0019840360804057222,0.0032103727609902252,-0.0020804891606121833,-0.008126196167090715,-0.00547679734477927
0.012251165700572735,0.00881362373994643,0.006807034169575961,0.00479430449151444,0.0007145413396386448,-0.0014391989672882717,0.004607408395803627,0.0004490215792640523,0.0001704429391103523,0.0,0.0020334840806177945,0.0004742333773965388,0.009609402908088807,0.012860772728812244,0.016283710173288286,-0.0014702098936223156,0.00012387073273786994,0.00795074154085378,0.0059856716981215455,0.013338749317074372,0.0013536161878057484,0.2889849475991907,0.02005857267686916,0.006712466494246128,0.013084745564519709,0.0015452333682119642,-0.010593163073347204
-0.0016169768394501264,0.0024535225100886875,-0.01356967052658702,-0.02148749328020125,3.166713926476605e-05,-0.0021122808239774386,0.000250919829366261,6.331012908316845e-05,3.986266510454722e-05,0.0,-0.02362163490920036,-0.006028218662408535,-0.005155016885063231,-0.2291131617005551,-0.01763184361817838,-0.0007965360288405396,-0.0004248009505016481,-0.005851627180272198,-0.002708284795406738,-3.605795452093712e-05,0.0005873742622354654,-0.1936386300926444,-0.0069047515401712825,-0.006045737822737026,0.0018207593756926611,-0.019471875268866796,-0.003238094770241461
0.0006039642392679557,0.00504292154765587,0.011815822137620705,0.005584212093965705,8.128156499223106e-05,-0.002007196680238472,0.002041620811766835,-0.007538877962322134,9.205106713300818e-05,0.0,0.0011497236779757086,-0.002831619542509155,0.004529042782382468,0.019135877197835632,0.005229406495863993,0.00591892414399619,-4.865697602066452e-05,0.010403706256647311,0.01214233443701915,0.0006372158065306139,-0.0018518203228638811,0.015883881250484292,0.002952281542381405,-0.015103735456416157,0.005934252743701248,0.012501168693546965,-0.0011414339948570289
0.01250811644958127,0.013392457448002337,0.005515443278607576,0.0118337170327824,2.8963325092499267e-05,-0.0040699416131162874,0.0011928202641997682,0.00015521445510625935,8.885507519609375e-05,0.0,0.00025645865607501516,0.014638085078140557,0.008788645027967156,0.04597685050017361,0.006710278782187521,-0.002070566331340213,0.00029077061197157735,0.00487582105039739,-0.01074964608586899,0.006821989515880162,0.008910336947439862,-0.03598435599937924,0.014880702294116442,0.006209971642843569,0.006409729930176071,0.02474476698848913,-0.0024050161221652144
0.009183522438029052,0.02340158021893266,0.014084095563269882,0.003285271725165319,0.0003672524712596061,-0.001312109987251414,0.007731795948420307,0.00021560338877623118,8.941873267669475e-05,0.0,0.002169147405892977,0.0016477567918190272,0.011913884139875536,0.007894472899542844,0.011979844998533053,0.01627477418920962,0.0001467345912459374,0.0018622647258234094,0.005969415457932631,0.0048887042157278425,0.0042073348147057404,0.25568555370926593,0.022501721259978326,0.009263827130281609,0.0051299345027964,-0.0014183098537554827,0.003861636422121143
-0.029582953173173478,-0.03837391766632414,-0.028957483281656243,0.0024683508748947845,-0.00015163111192576466,-0.007983365233214095,0.0006595018573558483,5.3232652261357415e-05,6.0073865519159875e-05,0.0,0.0011645260034439421,-0.0061662014937763935,-0.010384277430030233,-0.013276256379504301,-0.019090763336813695,-0.0009818501920609143,6.15415137108441e-05,-0.02465454371253064,-0.0162879319871044,-0.008397769705975161,-0.005519194981997938,-0.13074930976909807,-0.022029705894756012,-0.005739039288517468,-0.0011286684435696396,-0.07480392845019565,-0.009924346725603675
0.0026206765938804524,0.01463001924849662,0.037317327063974885,-0.00981812006100942,0.00048599614735522377,-0.0022078633004151975,0.004101656942935089,0.0003079509664437001,0.0002461585003080308,0.0,-0.0030315514795849967,-0.003306432022701581,0.005228607260032825,0.014023216651218676,0.01924831787348917,-0.0037571496299823506,-2.620064303569724e-05,0.0006594209641950249,0.009838944026292495,0.002882524528860213,0.006936370095223016,0.2680740749831696,-0.017382261538318178,0.0032810241430334583,0.011842757312360149,0.002215345368669936,0.021899523182835362
0.005039405568357395,0.0008230634997265719,-0.009389713622153835,0.015773392940118258,1.743896695318394e-05,0.021248063241010785,-6.069591100997872e-05,9.610458312080262e-05,0.00012434954974012666,0.0,0.004686862394904435,-0.005015269625548248,0.002005952205824271,-0.1641223249819217,0.04350493456093516,0.011144064335580106,-3.859203239909926e-05,0.00820105578318799,0.0009594737576057623,-9.199607358178695e-05,-0.002468713235420765,-0.07407646905645697,0.0026831758325776326,-0.00034948911843314553,0.008697433523294412,0.01892755260564618,0.006038105001841967
-0.007859099885169717,0.011753021738491848,-0.045651302306469625,-0.011331711326198347,6.446968342444691e-05,-0.0008579121762431862,0.00016094645431846393,4.415635602860565e-05,2.817789424651963e-05,0.0,-0.007196228910092379,0.01211109217530652,-0.008536963927102934,0.009471010012730487,0.01826802366403512,-0.0007979736037818825,-0.0002108341392809214,-0.003402659162378686,-0.0022310877946039053,-0.002242744588634551,-0.0015123337505600974,-0.09588229745846814,0.012508809849045038,0.002036703852354198,-0.006139737137774563,0.019714517722528493,0.014562085050752557
-0.0018302883404554722,0.0020923414734622253,-0.02711206602511917,0.0031717580099375436,9.884617179494087e-05,-0.002382742238551904,0.0007082320698643513,5.9978961486731555e-05,3.862961548419071e-05,0.0,0.0019906756995819387,0.0016292347650842462,-0.011050815423033735,-0.06832058810283229,-0.03869616012149924,-0.0007132140950925467,-9.072833935111847e-05,-0.007055647293275541,-0.002741933938715522,-0.006471494973452789,-0.0029645397503387906,-0.3179121023266303,-0.001763379921470195,-0.0051223215903826854,-0.01459158047187429,-0.03508372591275891,-0.004110724180782978
-0.015967083354641916,-0.017409989310778227,-0.05364656648384505,0.002160835858894571,-0.00022613195569224222,-0.009725021589235685,0.0004417272334676295,0.00010851830510762075,7.24834951486516e-05,0.0,-0.004546600965693156,-0.01766745142318709,-0.005086944987475379,-0.028863232374621656,-0.03730961978173525,-0.003294971012508359,-0.00019388846305199377,-0.005715053965427516,-0.001608081313326286,-0.011749785773902593,-0.018069517172930493,-0.20600423182610603,-0.015968344101574137,-0.008139923259977543,-0.0070396195840059066,-0.012901878210668906,-0.0071682586388544045
0.011612609292934305,-0.008473969762792152,0.0009037710566097862,0.004671565868791809,-3.052286881896462e-05,0.04613036814600021,0.00029983249221795984,0.0002182149799879582,0.00034538890333485036,0.0,0.007053168236765797,0.004418137303382156,0.014873935940196967,0.09185636900219009,0.0022282836938151826,0.028800019953819762,0.0006338296386741701,0.013930645140992973,-0.002058300413430138,0.006626574503604695,-0.0013797857712866222,0.08313205938259742,0.02325342125624824,-0.0023769677356753893,0.011375349538589185,0.013036961655630525,0.03510977933808923
-0.014265162315528516,-9.12319854665661e-05,-0.00012639602706482345,0.0030152328693968306,0.00027005885048261266,-0.0018396781701714726,0.001076717267708257,-9.627195815285312e-05,9.230303711727887e-05,0.0,-0.009337194589244511,-0.005919915254745447,0.004165241359710448,0.007759355943460569,0.008205289465149717,-0.009057267143921934,7.23130299383446e-05,-0.0027990250864993434,-0.010880221798182209,-0.015854092245951707,-0.006852517516293908,0.13554574994746207,-0.021265526361425164,0.0012284084163991296,-0.014966857564294533,-0.07699523235898842,-0.007631585115623078
-0.007281071462469006,-0.007911709899315235,-0.015036663787584526,-0.04557608795816117,8.283534402202013e-05,-0.0023946805600807285,0.0008489955068078223,0.00020761227872128816,7.612180138713715e-05,0.0,0.0015146116461422952,-0.003544714613917245,0.001134682514276304,0.009640748638353345,-0.009711256935776916,-0.007102044030058193,-0.0025587291875571873,-0.005381833110607508,-0.008538800473658181,-0.0005601252674097853,0.0021944483803335527,-0.03552954932942397,-0.03121657180714515,-0.006439856997633209,0.0019871906411841047,-0.09712388518907814,-0.0001218399273022777
0.018773108168098754,0.003957952751054874,-0.004601204942088342,0.014059982371118883,0.000106149726179481,0.008862301748479087,0.0027497695717986297,0.00010586671816010699,8.39024609551823e-05,0.0,0.0024266395405848503,0.004156994429925901,0.012240697612722265,0.020103167253688905,0.015579444663370282,0.0007952907127994165,0.00020801131032360297,0.011698813326730171,-0.009241337534484853,0.004816858848496323,-0.00034985733626678327,0.14870773879836027,0.015718291282841596,0.006153004194785052,0.03024789267222398,0.011810445700887996,-0.0065072657592661854
-0.004300402176869814,-0.042372523256827416,-0.016924461862321487,0.00215133387613996,-0.0002519498843227512,-0.010533121048311275,0.00018067274132302195,7.389616674880213e-05,7.970854190167713e-05,0.0,-0.001722726218470834,-0.016642586751620104,-0.008037341925792117,0.0038335937207825905,-0.00379936309677066,-0.007040640264019077,4.527799125579606e-05,-0.0026600037679687656,-0.010808423396066032,-0.0009194651331565699,-0.010140782012676035,-0.11938328974649821,-0.02895182959990859,-0.010633365292905933,0.005357964803251446,-0.04056756390321158,-0.02465815718915447
-0.004496974005469821,-0.04202777260852723,-0.02541628490331629,0.0038461097228375293,-0.00027593447307069913,-0.007395423216334845,0.00016417567065471448,7.23806721142517e-05,0.00011437069691626159,0.0,0.00042091048741502754,-0.010239399482602976,-0.002395569415050326,0.0013615699065498378,-0.011703211991879679,-0.00732125552866983,0.0006683470407196375,0.0022429740013018957,-0.0025074543413994253,-0.0030515070568188953,-0.0033792912429971875,-0.08005770762432322,-0.004676695118999908,-0.007908231463749874,0.004976614407703113,-0.03331752924984661,0.007165160909010181
-0.02422234811950316,0.004160845400014944,0.004972782973158585,0.005185681577392459,-7.64284613629063e-06,-0.004673244533653072,0.0019108147128847311,0.00011364901274999714,0.00011073928362806367,0.0,0.0007149529525128179,-0.007154907402295991,0.0004231340240165327,0.0020318215827470785,0.0018308954265222372,0.0032504509049918694,3.964245012539374e-05,-0.04358657200575553,-0.0094097589437513,-0.0005039928495118451,0.00018230914207038447,-0.1470320853937778,-0.014502427325542671,0.0019414076871389187,-0.0038427281246323475,-0.013180198640173233,-0.016769041656645348
0.008864263606515828,0.022985230918156536,0.014946780499640247,-0.02174006947868038,0.00023300515930772985,-0.001505740903841686,0.0017302703157440547,0.00012075147882247221,6.723025388595094e-05,0.0,0.010566239408036832,-0.0012715512051090592,0.01660783237048919,0.017453150042835583,0.02149077309546605,-0.0046078760226056425,-0.000299048088643982,0.003536690398536466,-0.02197914821430075,0.011221700716922956,0.008516032246366401,0.19396871689541928,0.006624103426055382,0.006109507772409977,0.005934598297225206,0.017175753573358783,0.015067803889415752
-0.0030686989577239825,0.012049107466709556,-0.03180973619038578,-0.07351006719460976,5.758732569239744e-05,-0.0017995039155369818,0.0012733118970397368,8.365473496481765e-05,5.942080708591371e-05,0.0,-0.022394205209098017,-0.0025767256115382746,0.008526376028365748,0.014671544272241713,-0.00586674618363573,-0.0032195924604428807,-0.00320125718142826,-0.006926061943725945,-0.04153738895247225,0.000910125187008135,-0.0033250336797970314,0.06807591379477666,-0.019043129948504302,0.006802967020613852,-0.003614073304305952,0.00107117196051948,0.0012419709993027178
-0.006077652126788925,-0.014350719748706395,-0.019177409629098967,0.004429364249489128,7.16723023338089e-05,-0.0009911984956087062,0.00018685229192914323,4.936331301976886e-05,2.8895140521284957e-05,0.0,0.003888709840885368,0.003609420211878225,-0.004847005795191003,-0.015982152402297306,0.008692888470644181,-0.0011159720207619436,-0.00018600633447487082,-0.001377679761214378,-0.003397338063832416,-0.004284873175945006,-0.004146951982657672,-0.11549645450504259,-0.01836451715667098,0.001363941140615356,-0.0015478263771072837,0.013875275515355948,-0.002383052583059166
0.010025499527790804,0.015030031404052945,0.003635220688259061,0.0057210531494146805,0.00013707815073130258,-0.0021217006572268765,0.000753081122228182,0.000251370592479933,9.818841437264294e-05,0.0,0.004655191315619124,0.009827353026593062,-0.0015834681343706318,0.0460854178579103,0.01221102282570553,-0.0005727958008842282,0.0011026904249265663,0.009460663350412691,0.0018387961877718195,0.007062843162045084,0.008718391367996299,-0.06898916885982319,0.01345767008096869,-0.0037388103559391336,0.016564706388546895,0.0505624529094496,0.01087958203015648
0.0030991592298313915,-0.11178979849909047,-0.0035168676849160227,0.004035114855573845,0.00018440990398221644,0.016333798902594263,0.000581818722800547,9.090422400679957e-05,7.569961501804198e-05,0.0,0.007120995370698107,-0.0021945966761990547,-0.010797102062307148,-0.1375351137817607,-0.0037701872407934077,0.010307049029323449,2.9804145167571827e-06,0.0005280437573728227,-0.007081912968462613,0.009035251606569806,0.01012304207837417,0.13343918456506942,0.0016635589435441012,0.004732099326127921,-0.012625602838659418,-0.010442754994505131,-0.014004265724345384
-0.02101397360056632,0.008334121994061607,-0.012098782010457651,3.8450982807177674e-05,0.00023232692030839623,-0.002623825828815357,0.0016296303754971154,9.656537312313728e-05,8.083433019509588e-05,0.0,0.0012436005167927788,0.004484612771646604,0.00325476521960679,0.02008654977496501,0.001754083610582903,-0.00041614931324788476,-0.00013609551204253763,0.009709390211880817,0.013303033485682559,0.00012827456741495562,0.0030958818229859016,-0.00950996158579333,0.012265633661808202,0.00199980871321466,0.005781204708047285,-0.008377776916000756,-0.010348226793163265
-0.0006591541378297813,0.0024763959105185453,-0.006045507964037453,-0.017951696670672333,8.240586542150747e-05,-0.0016181824979556573,0.0001719107857158931,5.058327580756519e-05,3.177638173348597e-05,0.0,-0.01990009562109247,-0.0058583193924864226,-0.0036083382986816697,-0.18002768943021352,-0.03260828387805645,-0.0008202445697614451,-0.0005068370612089207,-0.0017935400352400133,-0.0033439248895480275,-0.00013788023993486186,0.00020025824748855272,-0.23506120054937454,-0.0004999495039046896,-0.006028949796400076,-0.0030699612217658574,-0.023244792272263056,-0.0010205605766557644
0.003454237895766761,0.00754402066515268,0.0017174357335146971,0.006527476369441967,0.00011372340757054141,-0.0014683494999208429,0.0021754248378430163,0.00016283954178204104,6.710801343919337e-05,0.0,-0.010457644609937122,-0.003268800167580495,0.01452595057107539,0.015725751600643958,0.004924903951498781,-0.0023633138749137098,-0.00016591271540185006,-0.0019337889314003504,-0.039694160794923106,-0.0019556759886971958,-0.007116101547444199,0.10926240851929925,0.0010874688996474699,0.006340130723053639,0.005233476559017461,0.0020105844491371,-0.023365988801389414
0.01592705105894948,0.010029814363899147,0.025096485676370933,0.0028272052787548228,0.0005244169750780268,-0.0013570703084288345,0.004453245199687018,0.0003398363834067248,0.00028745488784619395,0.0,0.0013083425470219701,0.00027747866718673284,-0.011359132649764844,0.012627249437675509,0.013814252276452867,-0.0011906552899441222,2.7390955097067285e-05,0.006022857510658028,0.01188668476216149,0.016246826269011562,0.006870791547549186,0.31767527231039666,0.007934610919633657,-0.001125180734306486,0.0027580239532390615,0.0004823804962230033,-0.000600474111847749
-0.0009100939339544533,-0.0006113517132243653,-0.029738619657189616,-0.009175782509387985,5.572740044504295e-05,-0.0029613002000398203,0.0008255216798780774,6.30338119540295e-05,4.348449172287543e-05,0.0,-0.0026968441953438517,-0.009287728743918366,0.0034371863546570048,-0.04110003036499747,-0.031830627183476665,-0.0006885631481312256,-0.00036817718445943045,-0.002056984764646933,-0.00414262287590009,-0.0027288353910709896,-0.0009451902891611929,-0.3240532444133706,0.001701186050932413,-0.004711511917188614,-0.004670045859822171,-0.03026141106414507,-0.004397269801285925
0.005886852777962497,0.013708524977011801,0.03182934684061719,-0.007161632708952218,0.0004992150757457586,0.008563618374624998,0.0038213984635384313,0.0003495773174307664,0.0003637337722069314,0.0,-0.001990657768900076,-0.001531021583927749,0.004620472744398512,0.014616018367690239,0.020875090744126933,0.0006915779811132452,-5.062372442446225e-05,0.004967538781283545,0.013481671323154342,0.0012787288901483492,0.007329366217143004,0.2651946333380229,-0.023053554746559585,0.01030861037469382,0.008755211559745754,-0.0006903483177568842,0.02316101706953684
0.004209127783472985,0.012090375242599538,-0.004576561819848884,-0.006963920672010476,0.0005818432342356851,-0.0013079128165835875,0.0008254415238703526,0.00014978219476819948,4.85988547542138e-05,0.0,0.00783915856489838,0.009797872271195216,0.004245270358999658,0.03184044809997851,-0.019473059326686873,-5.991400364532996e-05,-0.00022581508282658593,0.01806116769268586,0.02224008408624767,0.0025903420912696215,0.0006390767157610351,-0.09044244706161204,0.056914043563594335,0.004628082475524875,0.01579967870976407,-0.006518880355148464,0.001235099248927895
-0.004163618790797987,0.002707629100015054,0.012656751402241158,-0.011179479257684055,0.0003666399855588495,-0.0038149011862168747,-0.021099308565785225,0.00018945736856991217,8.976240090947853e-05,0.0,0.0020589527905620774,-0.0028564931784989234,0.001150697670507739,0.00956630574111262,-0.02997175040989932,0.0013114600031404143,-0.00013092042665448702,-0.01970415036079813,-0.02756330335195254,-0.0022403533492239124,0.000632711509190976,0.16389764534910894,-0.08426409806934322,0.00758772459978533,-0.0007903188852210215,-0.0006943874901746669,0.005301853747867034
0.0190762734064284,0.013501333369896451,-0.006548161316092179,-0.007356740148743108,-0.0001715186243515646,-0.0026484954665549057,0.0038034193749155293,0.00017131843427486916,0.00010842679193141044,0.0,0.008696612052408416,-0.0023985513700397806,0.008261755622205458,0.06003284012740087,0.009185011341793232,0.022295670832323054,0.0015910950197129627,0.018497036828388755,-0.006861848621395056,0.008176089089918905,0.01320138582657523,-0.013541843954351505,0.024243551594793904,0.011986073754077998,0.010905841720830348,0.018555432390619582,-0.011844019849423168
-0.0088809101215537,-0.004991787803043254,-0.029566314739784924,0.0031827697211556836,5.629312819231073e-05,-0.002510501515449526,0.0006871878262246501,7.19447824102124e-05,4.271114692104862e-05,0.0,-0.005726707999431434,-0.01070963200225376,-0.009077812688782456,-0.05576428039944778,0.005577705249928649,-0.0011637040388237502,-0.000220824087010417,0.0014071356204983976,-0.003955675906909158,-0.005605965638687208,-0.009220881854067296,-0.30070304781244894,-0.006166985579512924,-0.011636985739815968,-0.014845999198448525,-0.01927552140420845,0.0059993216537050946
0.011828562869216654,0.014349751582989997,-0.01775465989933732,-0.03690700111694611,7.385185877336821e-05,-0.0013927262462707002,0.004050655136985008,0.00011464218624761526,6.23590022016154e-05,0.0,0.011515398912474148,0.0007941090264940355,0.005008308443774283,0.019814666734769507,0.011060606689454593,-0.00019743195214339833,0.008266776319521796,0.0072277617756710925,0.017323295275233783,0.010633477017104976,0.009065497246967057,0.16555827792116096,0.01451015225542877,0.0022475057611695626,0.012392039133548792,0.021288486121889882,0.008054810961181581
0.002283145894234158,0.014670088871253501,0.014734534682806917,0.0037173853379742273,0.0005919304959551705,-0.0014968264937519,-0.003603528686431439,0.0002591793364704995,7.438421981084266e-05,0.0,0.0006144493519595325,0.0013302810262863932,0.010090602146249997,0.006516900775375014,0.008148317104258215,0.02519243805573376,0.00015301469313741656,-0.001718062527377452,0.0018122872467299846,0.007549374656615002,-0.002479645761171912,0.26739653339141267,0.019531388908927038,-0.003039507587111713,0.002582361285922031,-0.007054787806400359,-0.006535366990544624
0.005114602830953996,0.0047419568843913825,0.002620215198886647,-0.009405294274741157,-0.00012189572696381232,-0.00612805058108865,0.0004555300150848568,0.00014539011716704821,0.00018691462715492133,0.0,-0.005023905483461208,-0.008661169296484911,0.0009824396926045743,0.04701438628274581,0.007265272746534825,-0.0038087832206817585,0.0018776759927955375,0.00952914562370613,0.0023471171013636593,-0.0035668455677785316,-0.004193305327361908,-0.03805832713407735,0.008057815256871603,0.0016793841242873594,0.01384049650788339,0.0212493581502265,0.017241891406111345
0.005457187695107775,0.024883293395908335,0.007380086594156079,0.015066045251778296,-2.109266624832431e-05,-0.0020103001804003743,0.001857585774582109,9.907724408818616e-05,8.99496833139677e-05,0.0,-0.0037810597381611444,-0.0009531727231547022,0.01541198691322444,0.01890128483709991,0.0071035792247999986,-0.0008093406528558759,-0.00022597825808687844,0.00951560339328521,-0.009694237150240802,0.006934969347637508,0.002553495588786013,0.10846897935252388,-0.028742279145140662,-0.0022963673195494543,0.009236468246864228,0.025971942298748368,0.0005371337787851099
-0.004928196471947916,-0.21666525486256438,-0.04177288670726295,0.0024829341866824633,0.00012140184930328689,-0.0027710093115858115,0.0011311910568713088,6.209879629507505e-05,5.162006247596515e-05,0.0,0.000992468661109057,-0.002077698806677869,-0.012167278811448922,0.00399972497668213,-0.08413101336595608,-0.002198108596237182,2.096301503685547e-05,-0.002392863402396577,-0.027093528009873954,-0.004547276506597493,-0.015266910025381561,-0.00483812077618836,-0.029111276563981443,-0.009611251365289548,-0.0015415366066333148,-0.037629198920320434,-0.011642079414520539
0.007158406302211512,0.01553913585564431,-0.0033934126795691186,0.006322986262277934,0.0001893889730206202,-0.0013915716156308908,0.0008951029742072962,0.00012328637703354768,7.711164437689733e-05,0.0,0.018981545163534258,0.006464686601467535,-0.0017551518709193925,0.036243937463182704,0.014111095092785525,-0.000197336982270838,0.0012045682211683675,0.005261052893924156,-0.003173692856620624,0.00259885987894254,0.009234655630779298,-0.05716479802505202,0.013183391508365921,0.003100199174163629,0.028000377171243998,0.06921261929399952,-0.00018511986770931475
-0.01105819997489428,-0.019154276701410518,-0.0284893373135809,0.002486177083675774,4.517892140684917e-05,-0.0032770179625850305,0.000639164273290669,7.521825925001998e-05,4.257567249502424e-05,0.0,0.0011409696080170583,-0.008888703591520036,-0.01047865798302686,-0.057968429745337564,-0.04076616795428207,-0.001409752386767508,-0.0002894014884487852,-0.002827868960676879,-0.00023036333856798062,-0.009223364877768411,-0.01349877527883929,-0.2920929738626711,-0.006270011083997225,-0.006720738736578495,-0.0138043507154269,-0.01786337019648562,-0.0016541398798011605
-0.006517725331365145,0.001706265188988193,-0.01257676492286692,0.004681672634821499,0.00015384285105554603,-0.002265066720556422,-0.00304672727538647,6.52086048814481e-05,5.842117223194771e-05,0.0,0.0039953371469169064,-0.0027223020121575118,-0.03561672287166539,-0.2973811316337487,0.00788234455415361,-0.010873247558609921,-5.789398190268177e-05,-0.002727456202075598,-0.0038142178506228907,-0.0029509261276395,-0.003462681387985309,0.09360606981193278,-0.013610933971724158,0.0022607922253812755,0.000836672621113563,-0.0044920249233000075,0.0005248767538501468
0.002730195306299936,0.0159424252997173,0.01678796291619542,0.004560908281842108,0.0006671460209551588,-0.0013545540125258942,-0.004558577989984364,0.0004380916831981834,0.0001112071119027075,0.0,0.0021062570588276314,-0.001412746646435765,0.008771058157201252,0.0067055408059008845,0.01054918920196885,0.013155247401200627,8.869676386263376e-05,-0.0020051506776718638,-0.0011633692320046445,0.006324601960896148,-0.0006708679047935329,0.32333158513891336,0.02283249956775085,-0.00887194160681905,0.008295418320753761,-0.0033225279876887377,-0.0020068315050398747
-0.004356148689727433,-0.007324012927591597,-0.00042676694632997773,-0.004598523869059041,7.8538336309771e-05,-0.0009297185280378366,9.53175945316192e-05,4.896250326852276e-05,3.0381076580171843e-05,0.0,0.008846830481776691,0.008354587074929443,-0.002477813206103723,0.059394423154589225,0.013618191427651577,-0.001051011616552394,-0.0002606122781200741,0.002141830217819248,-0.003434048171118473,0.0024584080109868863,0.0002460321572655506,-0.10479366059479055,-0.007640032982358749,-0.015513071856577713,0.001692812238534878,0.020397776902959155,-0.0026719463160973407
-0.013008695148289139,-0.025130403071419595,-0.004991544114573968,-0.022009862527000133,0.00021589564983179636,-0.002023609606567196,0.002284964797925236,0.00015323979615916166,7.072268782553389e-05,0.0,-0.0025885364105053686,-0.00418816254729358,0.00476264961334632,0.01048458365210933,0.009312517673409047,-0.0022912736208895294,-0.00012151247850999809,0.0014819211614033438,-0.03377712998667053,-0.004834885443435989,-0.0029835937649278733,0.09189339695407303,-0.042136288274278365,0.0035471620890570273,0.002652850966528478,-0.03711403114283648,-0.033973507125368854
0.0031879751087410435,0.010977448494608614,-0.007007563914440599,-0.01832013858462468,0.00019993561084698157,-0.001728404370963825,0.0019965156099987814,0.0001808773647912538,4.909508486112207e-05,0.0,-0.005495937435967626,0.006088645253076493,0.01116544635928842,0.013851326306418872,-0.018822994829031398,0.0002590876589768512,-0.0008792673414574681,0.011102413096616819,-0.01664619371613816,0.003557459845433181,0.006853145968773507,0.1511231638982384,0.028490867733441335,0.0073731218404434785,0.010430063966143854,0.013318621520208972,0.004213771466410518
-0.010120034033891175,0.007231815965858155,-0.052635226747187416,0.005571701842220773,6.745423495688038e-05,-0.0008153011410973585,0.0002110146854720803,4.4818858804064223e-05,2.801206719533967e-05,0.0,-0.02093401392396886,0.007224886562673053,-0.012552342597474064,-0.011850042196697785,0.008378803199299194,-0.0007053854751573524,-0.00012203086892018317,-0.0007240914691532032,-0.0026899860049782367,-0.004322760221456928,-0.004064431414665381,-0.11285769520317163,-0.01440609329477549,-0.0005614124093634654,-0.0067225310400400974,0.009904086107857086,0.018850999561108955
0.004847138207251613,0.018387556576888127,0.022136643687788716,-0.003253681059666436,0.0007734524626606437,-0.0016909546963803973,0.002073032958382725,0.00023508371780164923,5.1820314748649915e-05,0.0,0.0025215264490450343,0.002900544562946823,0.011356040205625981,0.005284357244007327,-0.012125730308312245,-0.00280909015294616,2.1330527019046138e-05,0.002804702031907212,-0.006661294072268902,0.007770164623263832,-2.4850030679802297e-05,0.2509823323356691,0.034806675724193305,0.01213856404676615,0.0036013371190433863,-0.0008417547199020646,-0.00262429266104677
0.005089272788800041,0.006068428704011291,0.034541477341406994,0.0033231605908562094,0.0005276195658713335,-0.001540855197949762,0.004506167777967386,0.0003745514145664079,0.0007065420555004235,0.0,0.0017619683256276425,-0.0025278239691489254,0.012517797152300388,0.01491663369680665,0.012597622596600716,-0.0009304501920006452,8.233076694257932e-05,0.0069572152428892635,-0.005295314428043593,-0.0068125093596728935,0.003354143053397846,0.2949192684071032,0.010733262747198498,0.010349562339753968,0.0009385707411588294,0.006202333778659568,0.005531342097632279
0.00037344971750651317,0.015501890317231275,0.013604890491717614,0.014484091540542069,0.00017167201688696762,-0.0008439189263971799,0.005314833485864974,0.00025733194396424224,3.741196186455815e-05,0.0,0.005810110155471245,0.008362994419973548,0.010411526894462241,0.020589333997448833,0.012928289489413228,0.0008399057050138822,-0.00010778046684451997,-0.0020844295668200844,0.015572501560395814,0.005015874403669807,0.0045838883166891805,0.15961357545013197,0.007603348399399085,0.011091590620376807,0.007005318303844872,0.01686267432440464,-0.011848972061287353
0.010211266046753861,0.008002704264317052,0.016857079459729776,0.004808633607671353,0.00035783098783898635,-0.0016383876682088741,0.0009572859465047688,0.00012655221119548614,5.233630310852035e-05,0.0,0.0018186917329887527,-0.0007649349562397134,0.0007193833065994464,0.014994919500025216,-0.0005683069609159547,-7.50713635173594e-05,-0.0001680791245732238,0.015531981726760728,0.0057379675144984075,0.003168071069464065,0.0024479314494759443,-0.19690564446931186,0.03670093240679462,-0.0026602762670287945,0.008417974586286013,-0.004952235706341905,0.0031656952305522215
-0.004483723057722607,0.004001685265060558,-0.0049563642227054595,0.005457758000728983,6.186363680253417e-05,-0.0008650833570431769,0.00018466589495204607,4.9460702490673594e-05,3.238942811971588e-05,0.0,-0.008159897221243285,0.01101881201790308,0.003076201221499535,0.04292555230474569,0.007940074331856627,-0.0007157386229060494,-8.9862621485113e-05,0.0038255099827615257,-0.0033358358648104655,-0.0024665059824642882,-0.001681441122310502,-0.08256551113505534,0.020590158828205928,0.007674377718242363,0.00389583466934993,0.02413066496184328,-0.004069623510934724
-0.00885256260449494,-0.021463637767872273,-0.009362370871231252,0.00221363956830094,7.000825697567462e-05,-0.0008980207934439415,9.333726139233514e-05,5.0795238360197876e-05,3.0938822499644105e-05,0.0,0.005877690676859034,0.001578469845309162,-0.005894054615910499,0.03905206134388673,-0.017496258875742212,-0.0009534626175789167,-0.0001379090804060993,-0.006890106284051012,-0.0034156842090318053,-0.007195463423520266,-0.005482316537148349,-0.13073457364935503,-0.025025800703470654,-0.015281126608750539,-0.001241423421799149,0.008456461241758887,-0.016689190168216024
-0.00035983916007875985,0.012207119210785872,0.022896097169894145,0.004105170327399081,0.0005083377093193567,-0.0009392562890967937,0.003944316953067343,0.0003610529994583094,0.00022132279258545656,0.0,0.00012099331852362914,-0.002695669798967859,0.00914181821652173,0.012844204107071983,0.01355317545035182,-0.0022100162389645742,3.839109405187145e-05,-0.0005474114805258936,-0.0018461297932346,-0.0027525970996211077,0.00899484556972788,0.29970897468679647,0.013205231757514967,0.0033228960287141696,-7.872273708186306e-05,-0.008694987495734337,0.024301489332034736
0.00512464461319667,0.007268990076830113,0.015486704012676399,0.0025636420742441075,0.0005108365184281614,-0.001278528115687872,0.0033016833307265288,0.0003233244077309169,-0.03894289715910068,0.0,0.0015553526599545327,-0.002385114786676768,0.013067679648535498,0.011782609764635747,0.00799557403129895,0.004327460436161342,5.3243582481740485e-05,0.005469976235905729,-0.0034662458418847674,0.005691463687234708,0.00048072698584839023,0.2517443537771702,-0.015355885739500228,0.007290951403617904,-0.003000070778639904,-0.009997967742666895,-0.0036695558079862787
0.007003027387907256,0.014150524027256937,0.01571564033561107,0.0026094601466673333,0.0005614311245656845,-0.0013829361111566813,0.0049010997077286456,0.00042143044349983124,0.00022318918126186516,0.0,0.0009775748824548797,-0.0006639709665800535,0.00820241631195575,0.010619169296186528,0.015003333332841982,0.005839347982257546,6.784975555990066e-05,0.004471403204144835,0.002037312943347648,-0.0019514373689138147,0.005740211287237802,0.3165786885064606,0.008916346571158681,0.003165190739890976,0.006324382737172498,-0.014999687967367238,0.016466042037190723
0.0007788229230869861,0.01547571685105157,-0.019472998549502372,0.008676012003235957,0.00031853633146654634,-0.0011395408622177196,0.002990084278807248,0.00014281897413816763,8.441403325873628e-05,0.0,-0.004147108279581802,-0.0026496851042275777,0.009702473065511127,0.01594418691684746,0.017909098906538145,-0.004966786456713482,8.45872700834041e-06,0.004103053131418255,0.006225047315991229,0.007120994411163664,0.0016955276614218646,0.1917172748779671,0.01067084894030367,0.00865346130481815,0.011263758540320157,0.011183926611427784,0.003546422667161978
-0.008281699686402948,-0.0007226055033354445,-0.008099728460005362,0.001601461208522112,6.801959158778447e-05,-0.0008843922432614581,9.863717558315324e-05,5.122026287160472e-05,3.0938822499644105e-05,0.0,0.006307616528031341,0.0028749284608707523,-0.006412954714474014,0.05304778255577295,-0.02083699258646234,-0.0009233575730335214,-0.00016822014280901728,-0.004310297767668828,-0.0030689094576555613,-0.004778156102581474,-0.008579917501551506,-0.11767329258637708,-0.014512170973551466,-0.014087860708863923,-0.0013094709755104618,0.029016130627712387,-0.0114747858099556
-0.02711309378291096,0.008158619049287278,0.011265136548957983,0.00358498545937479,0.0002627087502646821,-0.004396670961576133,0.0013048278169459694,7.103256406586363e-05,0.00010031518958403997,0.0,-0.0005354348847993828,-0.0005311137263556554,0.0022495044109892078,0.01997830159731135,0.0004859735818823375,-0.0006752025487892371,-0.0001855307310672793,4.061366797944541e-05,0.005959631906196354,-0.0068682435021290315,-0.008766579883405503,-0.08271170719248018,0.033531852379054976,-0.004504196739442862,0.003222579339595156,-0.02890176114270593,-0.008824215899144068
-8.566132455110831e-05,-0.004743508390943075,0.013711588206470582,0.0033777049528651223,-3.0358863015260075e-05,-0.0034626002963216466,0.0005693336626847599,-0.007399009459924635,0.00024287433375698341,0.0,0.00039206739376438607,0.0007101610846163129,0.00017316286233256718,-0.005288363920689678,-0.0016790784805689961,0.00399070374434053,0.00025459908464165425,0.002386771079947052,0.0014053556362464714,-0.0004841214336349797,-0.004721014942151686,-0.20706050919894647,-0.01732890035962086,-0.013164175413471601,0.0026915164157802103,-0.035310365632003286,-0.008394269913523844
-0.003558778984425987,-0.0005190199131056792,-0.016431404314809325,-0.02166164576917349,9.88517608818592e-06,-0.0029660936402738183,0.00017869815022706942,6.849902701564159e-05,5.5726899853790956e-05,0.0,-0.016868881372651398,-0.01313341271173153,-0.006036132192965653,-0.21346374032092352,0.008095634913021099,-0.002168174261692842,-0.00045122792665642635,-0.0013228741581219011,5.798305327964888e-05,-0.0035171650720457574,1.482615144167981e-06,-0.20118747262716233,-0.008328371899051324,-0.006332069934451542,0.0015205763451536748,-0.02870423433137796,-0.006538086261938149
0.00437878153569084,0.02625632106897749,0.01477399588423449,0.013462012448226705,0.0001563726747032768,-0.0007496729327135799,0.0051459997081848025,0.0002514914748258571,7.989133220007177e-05,0.0,-0.0023371594474546043,0.005356900556331812,0.010141547523041994,0.02142925651031104,0.01429809777337086,0.0014307388280352176,-3.74814490168902e-05,0.01695974483309897,0.02556154052805393,0.006777038712252169,0.00414990240627438,0.17555054758530056,0.01483881670014826,0.008025851969870814,0.009282449202394388,0.018281458025341382,0.004014013241328789
0.005644480747551268,0.0031312528540167273,-0.0014373060280235864,0.012125425322675652,0.0005263815330479352,-0.0011857682939712454,0.0008930237681926204,9.947341007920505e-05,4.3186785309386906e-05,0.0,0.021945967046310723,0.0005950963776564079,0.01599554558369067,0.010734202303464316,-0.006846787848091271,-0.0007755328927143586,0.0005534431053287509,0.0010804478658254075,0.005828910959078201,0.006265791847362644,0.005154971987149499,0.17309084744285375,0.04405829093263435,0.012795338728242815,0.007022706955038514,-0.0141173745090052,0.01049840204027485
-0.004297685482395531,-0.001252099685819966,-0.02508530540376974,0.002420845286803794,0.00010456649285624245,-0.002799507886871328,0.0008789454113958708,6.801515376925383e-05,5.186033603099881e-05,0.0,0.0035658067528383467,-0.0031001783089041426,-0.011183278522291751,-0.043388091985317644,-0.0016210940798263046,-0.0010416438824015618,-0.00010840340536963699,0.0013400510204697046,0.0015090010781095644,-0.006812906611475046,-0.013610523180034851,-0.3378074538648475,0.002773769785208006,-0.007090066732413471,-0.002704438911488902,-0.02518975201430727,0.002706566103688484
-0.0055436315687044544,0.00020429633031142,-0.009975788677159536,-0.02202763942972698,7.150958353909309e-05,0.02940027329930793,0.00034297435172778867,6.422375936788846e-05,4.969987277715445e-05,0.0,-0.02318565931148181,-0.007852732434636819,-0.004626904247119501,-0.2109227314948364,-0.035807134601122,0.0003793949868418355,-0.0004485251677416064,-0.003434268148956369,-0.002682900688410178,-0.001311143885180484,-0.001836123475712109,-0.1714741039731891,-0.008337683096297129,-0.00629503252414055,0.0012345836322295342,-0.01374724527812032,-0.0036269734080298633
0.0018075062949070898,0.008472977565114052,0.02346413418602184,-0.013477758510701808,0.0010776934040062779,-0.0015646502593950008,0.003126531018796428,0.00040291877033741077,6.509800307176046e-05,0.0,-0.0014868506798626233,0.002713313046006158,0.009004940233796334,0.010126247957592944,-0.026231015580864454,-0.0012296803220072318,1.2230232631142727e-05,-0.006618237843723332,-0.0010060040482508669,0.00859853468281968,-0.01492080673610116,0.24566786930249415,0.025001837294574128,0.008326320444710964,0.007271201548039953,-0.006437739936018924,-0.004629224562420782
0.007569400239131372,0.029435109735438378,0.019556394249166494,0.005110039699881845,0.0002841947845141826,-0.0009345084271782958,0.0036194440611434704,0.00013615622062707907,7.29986317845219e-05,0.0,-0.0027208611430945924,-0.004046271549019116,0.011620357441733701,0.014350300928129712,0.014490319798411536,-0.0007789231861930762,7.689470399095441e-05,0.004076242636783485,0.008303581578211185,0.0035043726510394103,0.0047131944530288275,0.24811675171336448,0.021788507171852618,0.007383199085053738,0.007692729349548908,-0.0016011172173263138,0.012747853174167973
0.02808147126249355,0.010546943584619495,-0.002017474578800353,-0.00935767565179401,3.274333910577512e-05,0.06753868977874487,0.0008722773313073064,0.0003369616015887093,0.0003414425936556113,0.0,0.0035652515934136543,-0.0003232714864769867,0.005519282774391022,0.07498652591310914,0.011134934879550194,0.03056656295385983,0.0035074903406387263,0.012506439505809385,0.003968880914363565,0.011271387448952076,0.015286384866255885,0.024044611858117713,0.006163280533428485,0.007688573538366821,0.009409023566980113,0.038400484831696405,0.031851839796191925
-0.012090631678462324,0.0058510194659831824,0.03584928917166711,0.006021186726719674,0.0004257251238010708,-0.0020310658854189533,0.004745013902271219,0.0003401684820423377,0.00015499724152535512,0.0,0.001403175554569929,-0.002555357090189024,0.005597236108579387,0.010889343037000478,0.015846778473896934,-0.0020524901108012806,6.495983950704633e-05,0.009454004064655283,-0.019629878885098245,0.0016150852568490328,0.0025605006368589877,0.24121318333569144,-0.0034725461825655334,0.008386198184931068,0.003399082283902906,0.004147543673725866,-0.0052239570535271155
-0.005545748368423435,-0.010910521312776228,-0.026565873439121035,-0.007422626608854824,6.671883625405525e-05,-0.0008979462003455673,0.00017270658828115468,4.414813715291377e-05,2.823717581695494e-05,0.0,-0.010774798711036478,0.007373990171703856,-0.012253116973668918,-0.0024693875318260077,0.004375041253733917,-0.0008507252485174349,-0.00024092050744666874,-0.009213414885684034,-0.0032086216986250762,-0.004178617722934394,-0.0036220855133557005,-0.12329290968784842,-0.03086262784950143,0.00012074807749376018,-0.0004941811715773492,0.014806899062609872,0.0005951917863569482
-0.010047394544874567,0.00706336383487236,-0.05511299718336966,-0.005657711762298597,6.778626145161951e-05,-0.0007599222947222207,0.00019250185105019555,4.482834323070118e-05,2.739704148755631e-05,0.0,-0.037264994104354646,0.002451273209835492,-0.0023690393696858517,0.03565592157574725,0.0036014157799931865,-0.0006261399371917917,-0.00017427966591765373,-0.0017787364692285115,-0.0029228148904033363,-0.007233251793728847,-0.005774475919707497,-0.09295738956600351,0.03294108827647268,1.1725628251929706e-05,-0.001701683144919534,0.017670599075504185,0.004831155566541594
-0.008608867752677597,0.020937892430594157,-0.05582811428570848,-0.008427895728982665,7.090463056002627e-05,-0.0008385543459287422,0.00014905547327776414,4.4109324374500304e-05,2.8326461032837588e-05,0.0,-0.0021709758374947063,0.010935880231563394,-0.011617403603894353,0.008096864301987985,0.012495367784441103,-0.0009005454562061376,-0.00024079443595487047,-0.0014450768579802392,-0.0025604914310237517,-0.004573759062434672,-0.0027806213137330773,-0.08747525407350457,0.01695912134780862,0.0019433823443659973,-0.006295116504719437,0.01843798906658263,0.01183032977668731
0.006724027562285563,-0.0026616083057326026,-0.007466152763253903,0.005501091622079796,-0.0001709755237837537,-0.006272440020437163,0.00033575101288302675,0.00011906331431913767,0.00028999005802856,0.0,0.005280768771685267,-0.007611412238892798,-0.0019946782725751826,0.027077660571373164,-0.009761501923181067,-0.004045986371522136,0.0014707299427815055,0.0040594354696723055,0.00396761894949778,0.0039801945956153394,0.0057731440424051775,-0.09348664022387833,-0.003955710155169524,-0.003405725187783546,0.007966584412354183,0.02475094067416578,0.01607739974290491
-0.003675667062368554,0.012335795453594658,-0.03116063814931924,-0.05854395435891186,5.4331941753177705e-05,-0.0014299639859480465,0.0029393837050433335,0.00011468178866250127,5.708796928069524e-05,0.0,-0.013746594039092726,-0.005212940340443312,0.0035422134777816877,0.015719680102760734,0.007012462902375427,-0.0013242056887857456,-0.0038340653601323495,-0.008269137815822598,0.003892425869003924,-0.002019233973973139,-0.0033579301832605793,0.11444580187916671,0.007773408760240118,0.0047241346190039085,0.01095039882749097,0.00019122294656199877,-0.0009277178443997095
0.002119247186652452,0.012015968344977078,0.031958198724921894,-0.006372943125468849,0.0005368651932616094,-0.0017691491773884137,0.0043930909921122115,0.00039650593797309157,0.0009602286011291933,0.0,0.0013924232947940642,-0.0025733114850516672,0.006058221809168048,0.011707921248363706,0.0196650120842209,-0.0012345326623498323,-1.2374076891300068e-05,0.009149607924116421,-0.010395474002027562,-0.00258429850567528,-0.0008187045401868803,0.31275526706761053,-0.00944369040641194,0.010278621466938538,0.0017895991437327334,2.525107947963462e-05,0.009504341141563224
-0.007299598291781327,-0.011893727274321789,-0.03185678054581604,0.003950750316329766,6.401468881180664e-05,-0.0008618701179419157,0.0001710489755225458,4.884614756062284e-05,3.0191859765980208e-05,0.0,-0.013682814066454486,0.0032485330186695837,-0.014228161223983023,0.003783227269241598,-0.016798735128718593,-0.0007544685978980995,-0.0001263570780300299,-0.004051009791595395,-0.0034618809905311294,-0.003671297095207892,-0.0034216339776371217,-0.12106222069188946,0.008021156712148548,0.00039490218898441593,-0.000422191403008641,0.013966152175742104,-0.012881813110072981
-0.0008515729911452185,0.007135319899678781,0.02249241586236197,0.006073557461267701,0.00047938871701060396,-0.0016752096770969536,0.0030326891923277313,0.00021811459432152165,0.00019306245285772967,0.0,0.0010814915544433052,-0.0029507215195911946,0.0050852506567903655,0.008493353731498482,-0.06776326690479537,-0.004261540950727522,6.052635694414289e-05,0.003484949265820161,0.00039387264479994643,-0.001203617701271486,-0.0048534949642938694,0.22119564926218288,-0.01417981572066605,0.0068633236804475795,0.0062708759059930215,-0.015258495465526913,-0.006956114411864
-0.01745553787028399,-0.154327987289094,-0.009941642090678004,0.0036143753646961743,0.0001787290534123286,-0.003318442583074974,0.00017757838000399186,7.820605770562415e-05,5.9165284038220895e-05,0.0,0.005473594750700749,-0.002802130785818769,-0.017721874340498017,-0.15133141142334602,-0.0096673375422746,-0.0044590686634552465,3.8162338654995854e-06,-0.0006966808400816373,-0.009687457116125592,-0.009668489398934282,-0.01366792067749107,0.08939734336578138,-0.009784946640255343,0.003531174227664801,-0.012904972314257251,-0.02050713821261395,-0.018116829542253805
-0.006551593117949151,0.006272078639605228,-0.013372888301181529,0.0041318669523742356,0.00039188980413267714,-0.0017717257367652018,0.0018739128000123215,0.00013893190428370983,5.6814232075022186e-05,0.0,-0.0024586552294180307,0.0011018012672684703,0.005618262701649478,0.006524117466784936,0.00018012572385123934,-0.0043399505254137554,0.00012900217314779948,0.013674854528005705,0.007837571903540409,-0.023107230995772294,-0.015985976694143433,0.18548045197836932,0.016809063125576132,-0.00664659543594007,-0.00856739863272666,-0.038674292093468315,-0.015171925669574201
0.030049745519072954,0.012671412519308858,0.018105159205150816,0.006206184189802869,6.054640642802183e-05,0.06720884069260184,0.0011642182415886482,0.00034450467004648345,0.0005921689081353351,0.0,0.003963199841502828,0.003836708947372834,-0.0031417299365092016,0.09226809145719946,0.011958434934247957,0.02805711554085762,0.00040038329142977336,0.011783757922257571,0.009606377080839747,0.011936875638647095,0.008965097499254619,0.002239889465609533,0.01934947333447921,-0.00650458916855096,0.010243201277667334,0.037331640661122475,0.029183679685827517
-0.011319106650867978,-0.008288929191248216,-0.0016867636434549286,-0.020524399438494215,0.0001909468543001887,-0.00247839523724279,0.0012207897629373122,7.486731198978276e-05,5.6148489030223575e-05,0.0,-6.3678576614195e-05,-0.0018970347400657699,-0.0075352568689397706,0.0075081681016127095,-0.02217018576468885,-0.0010652521062605848,-0.0020213398760364995,-0.029194285437493427,0.002215190408607189,-0.006479371662627886,-0.008446094202232458,0.0324957284580422,0.0049553127111968175,-0.004404772968614185,-0.003731994090268712,0.00577358870098772,-0.012774479948703824
0.0050396194044645395,0.012550446493465093,0.02902524890097108,0.0037149619410219935,0.000501257322532304,-0.0017921852443189118,0.004028298934794316,0.0003601280224188901,0.0001902208736795693,0.0,-0.0008480928372232583,-0.0027229729782300804,0.016102917961632577,0.013977344462137163,0.020460762015289603,-0.0015087795522583907,8.705996910556551e-05,0.007632885391645876,0.006000998110975608,0.002906575301418641,0.011075079747815094,0.28467804688573184,0.007242137553610188,0.0034331512615120327,0.00030719579038268304,0.00826014856644834,0.003172758694877102
0.006892825972602969,0.02257385707657298,0.012894692132097535,0.005629598933971665,0.00029062424795032256,-0.0016189067964969073,0.007518198900134714,0.00015067384974395279,8.678302613282973e-05,0.0,0.004831861455681572,-2.6967992110721973e-05,0.006471054886065866,0.014261681707733264,0.003811194904984603,0.016005056826342474,7.731085309555926e-05,0.0038751137732567645,0.025620361770244623,0.012154887986396393,0.00999044817098918,0.21745739807515543,-0.010824130885561343,0.006646267694585499,0.006118651707999246,0.01274113420154709,0.013260048281860552
-0.005359694207108395,0.006703419249438651,-0.0035145458354402252,0.0016965945977641067,0.00022238904989763924,-0.003451692586101205,-0.05381896365264592,0.00011412924051096555,9.235282681902301e-05,0.0,0.0015189571279313253,-0.00021274022905150335,0.002438179868273516,0.0065478384395250425,-0.050999766174368764,-0.005510916472990431,0.00012042322034977523,0.000976806965084208,-0.002693103786391831,0.0014821877112035581,0.001198075681092686,0.08388380440434308,-0.10375149418115115,0.002165738540601682,0.00283071932160076,-0.01979480783091387,0.002862542460056836
-0.00673472989121691,-0.009629633134834168,-0.018340930941354618,0.006978126819768888,6.054547604765278e-05,-0.0016535359261056575,-0.005378856130440783,4.221279282080627e-05,3.420987769049649e-05,0.0,-0.039902242999394565,-0.014072861166550972,-0.006457088514008912,-0.12919101464590343,0.01090085219854013,-0.006785469565563156,-0.00023291988419164037,-0.002527858282529968,-0.005828832797727717,-0.004818436543752897,-0.0061169601547150934,-0.20730740058337946,-0.017644420297293077,-0.0053456764976176725,-0.013343903915302761,0.008530677533680172,-0.0044809014996440326
-0.0037206989436314383,-0.016726734088201328,-0.014595573289011054,0.0030130789349043507,7.00640159116896e-05,-0.0009157346158988197,0.00017142368013462684,4.537310308217643e-05,3.248982296835714e-05,0.0,0.0065519002606151,0.006432828228722088,-0.003857965989750331,0.0437162725648995,0.026057232110044425,-0.0009997295588319518,-0.00011316863328189109,-0.00047605155940039576,-0.0031989686964486405,-0.003562312523729374,-0.0030942664796219663,-0.0899165584999781,-0.011518288541264021,-0.0036545881268431582,-2.2663091170832185e-05,0.018086452133934228,0.018190794825724083
0.006908303699543461,0.0014337186196808414,-0.003645208288513924,0.014677804993890813,0.00014343475128770298,-0.0013100369233507868,0.0020731496038275342,0.00016588955988847416,5.735290107375426e-05,0.0,-0.0023084790115568904,-0.0018789091370610448,0.022599705125770777,0.01808156548158035,0.008101735845089011,-0.0003450829198701676,0.0004213930431449947,-0.0026213559886973997,-0.014259505650864568,0.00664673373958405,0.003540103990555446,0.1696494381885158,0.036812905667715695,0.007941614575246336,0.005564838407527994,0.01294778479413045,-0.0036299740837181186
-0.005773013180357584,-0.00013895887584762024,-0.005538922312399032,-0.007943808654560083,6.61078336993043e-05,-0.0009428108322289594,0.00013256408707877464,5.2005810567761614e-05,2.9474466732146498e-05,0.0,0.008016812450022295,0.006757408062615026,-0.0034379708219471764,0.0785465876011994,-0.013772780300736441,-0.0010690714988304119,-0.0003526700332368124,-0.0001407495443722484,-0.0029920336793696875,-0.0015732164729566353,-0.004112944451217123,-0.09925340794866948,-0.008743153658806634,-0.022968655606849957,-0.0002645924589621976,0.030996598694630378,-4.502951304209019e-06
-0.009150094195352756,-0.00886260808982766,-0.02713597927112297,-0.009263199846772993,7.383813595214455e-05,-0.0017226965434445486,0.0005701383927370252,6.665143793019433e-05,4.0463031427969875e-05,0.0,-0.030417743350532954,-0.00581981009102561,-0.007498797449340502,-0.03777868665276939,-0.014719348974264837,-0.0008706124536022077,-0.00034076045259709214,-0.01004743935072172,-0.004792836816832276,-0.006750762489907849,-0.008403552551968146,-0.2647979562712679,0.0011365540779072693,-0.010000838412458378,-0.013672895182413313,0.03297546438738511,-0.007219634302371524
-0.0027828491480915646,0.0024029728557889395,-0.013445221340742025,-0.018225111454339585,9.333200973499759e-05,-0.002001015296977412,0.00016861358213946355,6.07749021080457e-05,3.894761988278798e-05,0.0,-0.0217380751048415,-0.005622557260803592,0.002729719021617235,-0.23049362653692873,-0.03311496491962964,-0.0007703790937196584,-0.00048039485745672637,-0.003185375308611228,-0.00408273451858336,-0.0005650404623941202,-0.0001895768448494686,-0.188116181757015,0.0024738251390100953,-0.006619934916561069,0.00115961760637715,-0.021102267925258895,-0.0027406999914661567
-0.024776853050233257,0.01636819489544059,-0.012047582297690072,0.0049872745695299725,0.00017010805830115061,-0.0018792343405071264,7.072870952579919e-05,0.00010566950730687295,7.536904863139212e-05,0.0,-0.019427318037683366,-0.0026696195630658576,0.007348185782175622,0.01128918281762712,-0.008034291379683457,-0.008997355659545231,7.078528596126859e-05,-0.0014567851626114878,-0.05558961291194657,-0.001392620569291053,-0.00017106448383365724,0.12902948803213968,-0.07432017832540391,0.0018825616230479522,-0.0013430991960149878,-0.015041113602740597,0.003331785956587486
-0.0029233887177164703,0.0648511530981121,0.003572104540022666,-0.0017679720711514825,8.60415277540193e-05,-0.0008890229890660975,0.0001425389756865798,4.791570966719767e-05,2.671598920230233e-05,0.0,0.016830585643897097,0.013237100998061056,0.00094132328795387,0.08140117677321539,-0.021952806115702335,-0.0007886859679595323,-0.00018170668439225853,-0.0017578664896848184,-0.002786125043192811,-0.0031290311052496844,-0.0021512669300160357,-0.061942622511239095,0.01964993102563135,0.008023549505286135,0.0058992799240110885,0.030938410386223723,-0.005945217668843151
-0.0017589661553960333,-0.06233698705798803,-0.010413608025049545,0.004745511579557299,5.969200918336479e-05,0.018487004294701764,0.0016282842462267168,6.696247880299275e-05,6.047840097173694e-05,0.0,0.008058029571259548,-0.0020316578563416704,-0.009852505271816987,-0.1212487882186201,-0.001084501741959132,0.000628178306897496,-6.51161600518853e-05,0.0015400340738971425,-0.008521677761816537,0.012550637790827136,0.015082203249197818,0.06594968223270509,0.005294318141433819,-0.001870148779562692,0.004935610757009092,-0.007143546778567617,-0.0062352086670714665
0.011982511183744516,0.010992653722198804,0.0026016709250601734,-0.006947761290788544,3.064935278624653e-05,-0.0022913133710535747,0.000971847392360323,0.00015594136309447228,0.0001544219214750908,0.0,0.010544047789803295,-0.001651573965229102,0.0073729612393411284,0.04954464049073786,0.00981460527324726,-0.0011030760717005515,0.0038555533571658306,0.011660341816482773,0.027415696749001794,0.010477767852178738,0.012604086374214563,-0.08284420413684013,0.02461720987788713,0.011635300754190196,0.016776105978275276,0.05465795082739688,0.014761898765834088
0.001970148043447375,0.010683687782661174,0.01589032811247911,0.006341654652588977,0.00023179312224964682,-0.0018667572200341852,0.003045571345562341,8.073875606291395e-05,8.174368568747809e-05,0.0,-0.0021890652079027675,-0.003569858012274357,0.007824520952091343,0.015027269592241958,0.015525616649343262,-0.005072507398106935,6.869726203334021e-05,0.0049359703423624895,0.010728275764110158,0.006289278099176404,0.0037103850742983605,0.17739489057989943,0.0016566133688452477,0.01065247916584848,0.00379413738102768,0.005635581489758722,0.005754424416850289
0.010243670961231108,0.012957893815466547,0.022983560976320837,0.003555612272143974,0.0006591971685836452,-0.0011110360272724214,0.004337177692359557,0.00047009813092064044,0.00014268799252516352,0.0,0.0016130838596379224,-0.002751882653426131,0.004635374421531508,0.009836934453375986,0.015261771797998043,-0.001307790238806202,8.372517667254794e-05,-0.01097950460427366,-0.0038858181898368165,0.007016776081750189,0.0032885415068629412,0.29674544431613237,0.008617026395953343,0.010384012041760857,0.00763774161653238,-0.0024712460389664103,-0.019242497979679498
-0.01226815576071401,-0.014868302405296682,-0.02995485399284327,-0.013131461443032049,7.071283685909149e-05,-0.0009307402381132498,0.0001466043200243963,4.881369795981714e-05,2.979088508059174e-05,0.0,0.005576077696427584,0.0035236603735826046,-0.017549861606640196,-0.03875764770028989,0.0015659390098095155,-0.0010271053761974137,-0.0002600211694985278,-0.0033971275491708557,-0.0029661660528902054,-0.005564911151182613,-0.005525388404803008,-0.1335286892979081,-0.03752821538098882,0.0005325306447333722,-0.0014077549897185953,-0.0035623770531691963,-0.008657227322087988
-0.009376656509028192,-0.012736575328518261,-0.02274962310050567,0.0036212589059866486,5.9762192928483066e-05,-0.0009170245422577549,0.00014961995303101744,5.492688031738399e-05,3.164387235070357e-05,0.0,0.004038798335007803,0.001570438730705972,-0.006885111278937465,-0.00851039564037441,-0.0156308142852638,-0.0008987239369700352,-0.00013436757406131022,-0.001485074730736089,-0.003596486746546875,-0.004160565584417139,-0.003381407920559023,-0.12193129011050777,-0.02958895170113492,-0.0004527144664029235,0.0016601727548306922,0.012594757184543344,-0.00986862520477841
0.013783377581455728,0.008451548581695462,0.007771636627436883,0.004683634948089009,0.0007110421025439658,-0.0014451290812789582,0.004543565270207171,0.0004395165865409212,0.00016661016688797033,0.0,0.002076089022133547,0.0008676290826111464,0.008807474213707263,0.011856823543581424,0.016709492494462647,-0.001783127291567219,0.0001181216672905115,0.007651375778198687,0.005430707045098411,0.013679727784367008,0.002653336931726282,0.2921367603501662,0.016334292206331258,0.007377826606402981,0.01276987973615414,0.0012400656855460167,-0.011833673025681956
0.005467169808504067,-0.036527741690915806,0.00015080227249065744,0.005311714565961417,4.788444669304505e-05,-0.0007644812166960009,0.001990669508847499,4.0570000413048074e-05,5.18989937564614e-05,0.0,0.011101976443545155,-0.002271956489182397,-0.0065769643667944735,-0.11740489348643816,0.006536205813286505,-2.058806733901995e-05,-5.564068095629559e-05,0.0012357744234666277,0.0014430272253552754,0.008118612201126836,0.010202349536590648,0.13333302090577204,0.05773100910772541,0.007717207588466412,0.0008334467216288877,0.0036448959758317288,0.003178720127364434
-0.007552848209811974,0.018110737508698693,-0.048975595496344844,-0.013475530133038819,6.567093504341833e-05,-0.0008251627108351727,0.0001662397001600411,4.3855100997629096e-05,2.802807375351488e-05,0.0,-0.00748258907766889,0.012068389040897872,-0.010520646244817817,0.005885255664536519,0.014381905911325191,-0.0007602758860608124,-0.00020838976841284652,-0.0036379069843245847,-0.0022126564004748264,-0.004760476388954952,-0.0026572415708743372,-0.09628379748020935,0.010816419615848892,0.0018052393123601075,-0.006986756941341256,0.0181849456753333,0.013362507376323005
-0.02457312323653144,0.00800255543869539,0.005601192148440264,0.008031684538874687,7.971210593573849e-05,0.07476017350145184,0.0015491440406481306,0.00019157004130895128,0.0002769336770396702,0.0,0.0040612724600086435,0.0008919926500668363,-0.004779804224216477,0.05864506084942277,-0.014888106508066849,0.020130322813991106,8.167737320743988e-06,0.008464975895761204,-0.0067623747590848625,0.0019162359544002167,0.004869988752302068,-3.2474296557021223e-05,0.024505664667661586,0.004129901934452522,0.004340702291124772,0.029639460759383472,-0.005632373531801182
-0.024178370156127445,-0.010434077393763924,-0.0117996961416458,-0.00901844344047451,3.828246595149337e-05,-0.005279226767116278,0.0010023561294948218,9.35408982255151e-05,7.32454875878719e-05,0.0,0.0037232684315123663,-0.0018484117097911559,-0.0022947526409353857,-0.016941797102301866,-0.01609945770586062,-0.000582762522777959,5.3731212364511194e-05,-0.01669521235177563,-0.004860323314092638,0.003613283788576688,0.000799766821009706,-0.16132986912894676,-0.016610309445698603,-0.010657995943002556,-0.0027552276239060152,-0.05444059125576897,-0.009203741123667166
0.007592212877940079,-0.026865016382400426,-0.004421715875198882,0.011212645315552924,-1.6607759602113155e-05,-0.00210258842489915,0.0012378165300025263,4.634742683084991e-05,6.425211494696238e-05,0.0,0.018668789588078934,-0.005079472100134242,-0.0049365180226895655,-0.09204518014328276,0.022096686453150535,-0.0003258271452568676,-7.4877816781487e-05,0.005664465873123523,-0.004097749529730145,0.016440512983838574,0.027906893744004208,-0.020959000531183047,0.015097120381150075,-0.007294566973699287,0.007590469820050153,-0.009037098794637464,0.0004493421935602565
-0.004800779181416623,-0.010674416556130141,-0.004378763505655399,0.0003147349982212036,3.892689304584949e-05,-0.0012746486631634649,0.00012287287102098838,6.41372378610876e-05,4.0703071782686105e-05,0.0,0.0034863355437242554,0.0029796090807581443,-0.0038379164210938636,0.019969521701287348,0.002199408326152891,-0.0012274302180549346,-0.000244784096606948,-0.008725716495696171,-0.0031710320018971186,-0.003157330240469545,-0.00492742258341006,-0.0687911627497522,-0.01563110215343203,-0.018648279330975855,0.006760260692212246,0.0213698660741943,0.0036261530227077745
0.0057384579327226905,0.019658993574945348,-0.01687441036379606,-0.025916571807785095,0.0001023804037821517,-0.0016331022264029396,0.002557262600293142,0.00012186995546454844,5.906604340853792e-05,0.0,0.009631878557592741,0.001084631491924444,0.010305907705893189,0.016642266508644726,0.004937538361550202,-0.0008954676712482676,0.004159412053896194,0.0017549638122224052,-0.02181409266990737,0.00022775922703667658,0.010499454213207506,0.13324417164005323,-0.003886327947237704,0.003828630824294098,0.01195579675720939,0.008134407783229223,0.011241200796636557
-0.009232855187714429,0.0032682401843278862,-0.06073348907868116,-0.018802808305587764,7.167655692485669e-05,-0.0009435232928192688,0.00016211575439181787,4.820980038928702e-05,2.9520202913446495e-05,0.0,-0.008013767054532267,0.001406057554648404,-0.014372523546118239,-0.015357652038068496,-0.0040069940602260636,-0.0010421579364978772,-0.000279283228444165,-0.0023307888703475083,-0.0027507520674285887,-0.0041814019292304725,-0.0038258811701926015,-0.11393255617675342,0.00011162040824901422,-0.00017005214508791845,-0.005246122421309551,0.010378318296311778,0.0036562071323684915
-0.012520461056655153,-0.03540359504248197,-0.04213844705168157,0.0019495647993499343,-0.00026525670579461135,-0.009995456862843841,0.0006394583756315652,7.153805600428311e-05,6.837636263740633e-05,0.0,0.000630901610110558,-0.0162516279409994,-0.0037174614994886215,-0.018960151712834165,-0.030834370819482395,-0.003939175169229378,-0.00015887427329247408,-0.005851358350527123,-0.003438152475192168,-0.010344132247695663,-0.01588137614850454,-0.15814569306157147,-0.020467022036720087,-0.007820153287837762,-0.007815024364109274,-0.000991239775563002,0.00021005092725875227
-0.03865366222572235,-0.06862853710195231,-0.09708359290939154,0.001878213821094785,0.00013966853554071336,-0.0020986573855623566,0.00013270455426793646,3.9237280522779136e-05,6.546642535621557e-05,0.0,-0.0011561192195272618,-0.003918365732808275,-0.05809378503630495,0.005257222861103845,0.007549221891147235,-0.006401066165619559,-0.00013368502458419162,0.002251435193829479,0.011196808793979102,-0.01958084746523066,-0.01723098322340343,0.02432010002591607,-0.03252735345483596,-0.003983560302672127,-0.038765679199119454,-0.008187893940174907,-0.012594660046674899
0.00752786700526718,0.020826304941192936,0.008413977612481006,-0.02240100812824754,0.00012197911032936094,-0.0012827939898011548,0.003190851037112655,0.00012309252470923442,6.332443898181206e-05,0.0,0.0023526698752172927,0.0019360627900778208,0.013129430601054417,0.011994440211579697,0.009240031637595488,-0.00021270548931075345,0.0007362103680553173,0.013242903402499059,-0.028144708531217318,0.0021703737602779575,0.00043072305227984884,0.1446261677631706,0.030059703458427334,0.008788389679196608,0.0074619635175491115,-0.0029800098018788906,0.007652971255062796
-0.012417992276569584,0.00982662376236859,0.01863406004676318,0.011826597420914256,0.00022612689008186986,-0.0010674875167931306,0.004173717617116214,0.0001513033257144645,5.044112856329639e-05,0.0,0.0038531627254576846,-9.210992953818162e-05,0.0028309944795097053,0.01024235066899542,0.005936646901359411,0.001015205060382737,-6.1690526027390106e-06,0.00021589881875146264,0.015151376645479065,-0.005639340233312677,-0.0064228292417924104,0.13854737076572812,0.03441117532492595,0.005375819527998095,0.006748401668106882,-0.0078033814238379655,-0.006361742218353648
0.005984842326831764,-0.05411841695629424,-0.044310845806041055,0.0038212681441742997,0.0001971707208882652,-0.0016193059517639785,0.0012342318902041438,7.398207215157901e-06,5.1653873078768734e-05,0.0,-0.01411097701032287,-0.003540659109746529,-0.053942438448123395,0.005873205650469863,-0.061598956180818364,-0.0019768647223287698,-9.248799311806394e-05,0.0031394932828876765,-0.05174659510493134,-0.0032651380250408265,-0.011310814401768265,0.02433852182487231,-0.006040952289480229,-0.00048035960610359806,-0.020903717437894206,-0.01456296923257895,-0.014177575577026655
-0.018700640132513227,-0.025445068885396247,-0.09011824352893744,-5.1156864872533714e-05,0.00016736321260395982,-0.0024577801795458826,0.0005640653744248494,2.7392586885064663e-05,7.01114568215187e-05,0.0,-0.0004998037883403578,-0.05545421601935794,-0.004931906201689981,-0.007935256322007485,-0.0024097862208617214,-0.0038635247709894534,-0.0001688181537513113,-0.027196869812108903,-0.01086629307588755,-0.005911981493318395,-0.00965406468291669,-0.13963328271386236,0.011245492731497662,-0.012796974509511852,-0.003356719263588345,-0.017147092973531404,-0.017252034132119228
-0.0037795499884527273,0.00046422812547090164,-0.00447189385597702,0.008044137382364355,6.687133156681066e-05,-0.0008861855739217288,0.00017914928933554852,5.005992874856369e-05,3.261500713362885e-05,0.0,0.0153831626940771,0.009011456178644475,0.016758588385154236,0.040498551494095134,0.00826945042264375,-0.0009100491227378125,-9.637738336386817e-05,0.009701598861111512,-0.0034479837519700136,-0.00217217898733961,-0.0008019184144826405,-0.07745299416135072,0.028660427206379433,0.0052644628441461646,0.009134207702974769,0.02768564518448737,-0.0022101198562344063
0.011775459087215105,-0.004837642431531438,-0.015182460297429465,0.00968019593679106,5.8800465649910964e-05,-0.0014954856655924127,0.004632188866434506,0.00020063428874229943,6.410229392303353e-05,0.0,0.005153026542012497,-0.0016978825926108067,-0.012405285585557552,0.021205484971817026,0.009948093780200683,0.0006662774310320712,-6.146459305055274e-05,0.004433697095902026,0.032638773635842375,0.02022045356267278,0.02680523986465415,0.1944421581494827,0.016810621825633483,0.004041968460214495,0.03805415864046335,0.018367938074065313,0.009892434145127063
-0.005239530813996133,0.0026868760898464752,-0.002684481493088576,0.008658818310775763,7.287520927820029e-05,-0.0021191073703865928,0.0011375967848707425,0.0001164541300651453,8.026647240446377e-05,0.0,-0.0006327526806881392,-0.001293794525349722,0.004544315919940631,0.020767064620285672,0.005148792465372138,0.011591622087981127,-9.159721166226601e-05,-0.026571032895186284,-0.002769404888156198,0.0007625301779484395,-0.004213182326934666,0.040684786184528435,-0.0030451328426218706,0.003341401889323786,0.006263336900070952,0.015081716198823378,0.011550991844845348
0.00839409083778844,0.02291331326548478,0.007230714353644725,0.007768541498936088,0.0001535937589316726,0.015749829251756865,0.004374943068710003,0.00022834489509853854,0.00010787501323806609,0.0,0.004635510550986176,-0.0015219420081781837,0.01483257069102856,0.024627236770793877,0.017758129368040963,0.008828552731130253,-4.4971372301300256e-05,0.0002662765225367042,0.008425900893146028,0.010286135435508626,0.006280597293697619,0.14701018542769245,-0.011386785363383292,0.0033433704612589373,0.0049501585898649595,0.02015606974264146,0.010314449252929809
0.0016577771923572968,-0.10098008781560519,-0.030086198649801704,0.004215619399121176,2.9750222963049365e-05,-0.001820167316129533,0.0010908061081827726,4.174586991813048e-05,4.808243761976243e-05,0.0,0.004909614757745271,-0.003309686578343654,-0.01714665423393123,-0.143161067625553,-0.006308627552818263,-0.0024963667279639663,-0.00011865463549265618,0.0010191236443742424,-0.01848928673321467,-0.007099576224263292,-0.010704487219325466,0.028355537644333614,-0.00712070837880414,0.0028221129489219092,-0.0035754607787178805,-0.019537197259598956,-0.0030851989800040128
-0.007025483699798227,-0.006695636055881172,-0.000532295785803525,-0.00611592959752382,7.06271503560556e-05,-0.0008963520233977991,0.0001185907883443922,4.7807990249365815e-05,2.9877858293176127e-05,0.0,-0.0022545576905577016,0.005939856022913878,-0.0015125614713504879,0.0638391285235035,-0.010836153872614251,-0.0010064194876600206,-0.0002537166097161424,-0.0028528532252011453,-0.0029784914488358333,-0.004694920643174991,-0.002979394244105546,-0.09043957950631139,0.004602812374324991,-0.00468059054245389,-0.00041192051811542716,0.01769662791145785,-0.008747621320949224
